DROP TABLE IF EXISTS `academic_sessions`;
/*!40101 SET @saved_cs_client     = @@character_set_client */;
/*!40101 SET character_set_client = utf8 */;
CREATE TABLE `academic_sessions` (
  `id` int(11) NOT NULL AUTO_INCREMENT,
  `name` varchar(50) DEFAULT NULL,
  `start_date` date DEFAULT NULL,
  `end_date` date DEFAULT NULL,
  `created` datetime DEFAULT NULL,
  `modified` datetime DEFAULT NULL,
  `active` tinyint(1) NOT NULL DEFAULT 0,
  PRIMARY KEY (`id`)
) ENGINE=InnoDB AUTO_INCREMENT=5 DEFAULT CHARSET=utf8mb4;
/*!40101 SET character_set_client = @saved_cs_client */;

--
-- Dumping data for table `academic_sessions`
--

LOCK TABLES `academic_sessions` WRITE;
/*!40000 ALTER TABLE `academic_sessions` DISABLE KEYS */;
INSERT INTO `academic_sessions` VALUES (1,'2017/2018','2017-09-20','2018-09-20','2018-12-19 13:48:05','2019-04-25 09:28:07',0),(2,'2018/2019','2018-09-19','2019-09-18','2018-12-19 13:48:51','2019-09-04 11:23:46',0),(3,'2019/2020','2020-01-01','2020-12-31','2019-07-01 13:38:48','2019-09-04 11:26:26',1),(4,'2014/2015','2019-09-03','2019-09-03','2019-09-03 14:29:08','2019-09-03 14:29:08',0);
/*!40000 ALTER TABLE `academic_sessions` ENABLE KEYS */;
UNLOCK TABLES;

--
-- Table structure for table `acos`
--

DROP TABLE IF EXISTS `acos`;
/*!40101 SET @saved_cs_client     = @@character_set_client */;
/*!40101 SET character_set_client = utf8 */;
CREATE TABLE `acos` (
  `id` int(11) NOT NULL AUTO_INCREMENT,
  `parent_id` int(11) DEFAULT NULL,
  `model` varchar(255) DEFAULT NULL,
  `foreign_key` int(11) DEFAULT NULL,
  `alias` varchar(255) DEFAULT NULL,
  `lft` int(11) DEFAULT NULL,
  `rght` int(11) DEFAULT NULL,
  PRIMARY KEY (`id`),
  KEY `lft` (`lft`,`rght`),
  KEY `alias` (`alias`)
) ENGINE=InnoDB AUTO_INCREMENT=900 DEFAULT CHARSET=utf8;
/*!40101 SET character_set_client = @saved_cs_client */;

--
-- Dumping data for table `acos`
--

LOCK TABLES `acos` WRITE;
/*!40000 ALTER TABLE `acos` DISABLE KEYS */;
INSERT INTO `acos` VALUES (1,NULL,NULL,NULL,'controllers',1,1798),(2,1,NULL,NULL,'SemesterNames',2,19),(3,2,NULL,NULL,'index',3,4),(4,2,NULL,NULL,'view',5,6),(5,2,NULL,NULL,'add',7,8),(6,2,NULL,NULL,'edit',9,10),(7,2,NULL,NULL,'delete',11,12),(8,1,NULL,NULL,'Religions',20,39),(9,8,NULL,NULL,'index',21,22),(10,8,NULL,NULL,'view',23,24),(11,8,NULL,NULL,'add',25,26),(12,8,NULL,NULL,'edit',27,28),(13,8,NULL,NULL,'delete',29,30),(14,1,NULL,NULL,'Roles',40,57),(15,14,NULL,NULL,'index',41,42),(16,14,NULL,NULL,'view',43,44),(17,14,NULL,NULL,'add',45,46),(18,14,NULL,NULL,'edit',47,48),(19,14,NULL,NULL,'delete',49,50),(20,1,NULL,NULL,'Hostels',58,75),(21,20,NULL,NULL,'index',59,60),(22,20,NULL,NULL,'view',61,62),(23,20,NULL,NULL,'add',63,64),(24,20,NULL,NULL,'edit',65,66),(25,20,NULL,NULL,'delete',67,68),(26,1,NULL,NULL,'Continents',76,93),(27,26,NULL,NULL,'index',77,78),(28,26,NULL,NULL,'view',79,80),(29,26,NULL,NULL,'add',81,82),(30,26,NULL,NULL,'edit',83,84),(31,26,NULL,NULL,'delete',85,86),(32,1,NULL,NULL,'SchoolPrograms',94,111),(33,32,NULL,NULL,'index',95,96),(34,32,NULL,NULL,'view',97,98),(35,32,NULL,NULL,'add',99,100),(36,32,NULL,NULL,'edit',101,102),(37,32,NULL,NULL,'delete',103,104),(38,1,NULL,NULL,'Pages',112,121),(39,38,NULL,NULL,'display',113,114),(40,1,NULL,NULL,'Users',122,161),(41,40,NULL,NULL,'index',123,124),(42,40,NULL,NULL,'view',125,126),(43,40,NULL,NULL,'add',127,128),(44,40,NULL,NULL,'edit',129,130),(45,40,NULL,NULL,'delete',131,132),(46,40,NULL,NULL,'login',133,134),(47,40,NULL,NULL,'logout',135,136),(48,40,NULL,NULL,'adminHome',137,138),(49,40,NULL,NULL,'studentHome',139,140),(50,40,NULL,NULL,'schoolAdminHome',141,142),(51,1,NULL,NULL,'PostPrimaryExamGrades',162,179),(52,51,NULL,NULL,'index',163,164),(53,51,NULL,NULL,'view',165,166),(54,51,NULL,NULL,'add',167,168),(55,51,NULL,NULL,'edit',169,170),(56,51,NULL,NULL,'delete',171,172),(57,1,NULL,NULL,'PostPrimaryExamTypes',180,197),(58,57,NULL,NULL,'index',181,182),(59,57,NULL,NULL,'view',183,184),(60,57,NULL,NULL,'add',185,186),(61,57,NULL,NULL,'edit',187,188),(62,57,NULL,NULL,'delete',189,190),(63,1,NULL,NULL,'Aos',198,215),(64,63,NULL,NULL,'index',199,200),(65,63,NULL,NULL,'view',201,202),(66,63,NULL,NULL,'add',203,204),(67,63,NULL,NULL,'edit',205,206),(68,63,NULL,NULL,'delete',207,208),(69,1,NULL,NULL,'Levels',216,233),(70,69,NULL,NULL,'index',217,218),(71,69,NULL,NULL,'view',219,220),(72,69,NULL,NULL,'add',221,222),(73,69,NULL,NULL,'edit',223,224),(74,69,NULL,NULL,'delete',225,226),(75,1,NULL,NULL,'Genders',234,251),(76,75,NULL,NULL,'index',235,236),(77,75,NULL,NULL,'view',237,238),(78,75,NULL,NULL,'add',239,240),(79,75,NULL,NULL,'edit',241,242),(80,75,NULL,NULL,'delete',243,244),(81,1,NULL,NULL,'PostPrimaryExamSubjects',252,269),(82,81,NULL,NULL,'index',253,254),(83,81,NULL,NULL,'view',255,256),(84,81,NULL,NULL,'add',257,258),(85,81,NULL,NULL,'edit',259,260),(86,81,NULL,NULL,'delete',261,262),(87,1,NULL,NULL,'Students',270,295),(88,87,NULL,NULL,'index',271,272),(89,87,NULL,NULL,'view',273,274),(90,87,NULL,NULL,'add',275,276),(91,87,NULL,NULL,'edit',277,278),(92,87,NULL,NULL,'delete',279,280),(93,87,NULL,NULL,'addMany',281,282),(94,1,NULL,NULL,'Pins',296,313),(95,94,NULL,NULL,'index',297,298),(96,94,NULL,NULL,'view',299,300),(97,94,NULL,NULL,'add',301,302),(98,94,NULL,NULL,'edit',303,304),(99,94,NULL,NULL,'delete',305,306),(100,1,NULL,NULL,'ProgramChoices',314,331),(101,100,NULL,NULL,'index',315,316),(102,100,NULL,NULL,'view',317,318),(103,100,NULL,NULL,'add',319,320),(104,100,NULL,NULL,'edit',321,322),(105,100,NULL,NULL,'delete',323,324),(106,1,NULL,NULL,'SchoolFeesPayments',332,349),(107,106,NULL,NULL,'index',333,334),(108,106,NULL,NULL,'view',335,336),(109,106,NULL,NULL,'add',337,338),(110,106,NULL,NULL,'edit',339,340),(111,106,NULL,NULL,'delete',341,342),(112,1,NULL,NULL,'StateOfOrigins',350,369),(113,112,NULL,NULL,'index',351,352),(114,112,NULL,NULL,'view',353,354),(115,112,NULL,NULL,'add',355,356),(116,112,NULL,NULL,'edit',357,358),(117,112,NULL,NULL,'delete',359,360),(118,1,NULL,NULL,'Nationalities',370,389),(119,118,NULL,NULL,'index',371,372),(120,118,NULL,NULL,'view',373,374),(121,118,NULL,NULL,'add',375,376),(122,118,NULL,NULL,'edit',377,378),(123,118,NULL,NULL,'delete',379,380),(124,1,NULL,NULL,'PostPrimaryExaminations',390,413),(125,124,NULL,NULL,'index',391,392),(126,124,NULL,NULL,'view',393,394),(127,124,NULL,NULL,'add',395,396),(128,124,NULL,NULL,'edit',397,398),(129,124,NULL,NULL,'delete',399,400),(130,1,NULL,NULL,'ExamVenues',414,433),(131,130,NULL,NULL,'index',415,416),(132,130,NULL,NULL,'view',417,418),(133,130,NULL,NULL,'add',419,420),(134,130,NULL,NULL,'uploadExamVenues',421,422),(135,130,NULL,NULL,'edit',423,424),(136,130,NULL,NULL,'delete',425,426),(137,1,NULL,NULL,'Halls',434,451),(138,137,NULL,NULL,'index',435,436),(139,137,NULL,NULL,'view',437,438),(140,137,NULL,NULL,'add',439,440),(141,137,NULL,NULL,'edit',441,442),(142,137,NULL,NULL,'delete',443,444),(143,1,NULL,NULL,'HostelTypes',452,469),(144,143,NULL,NULL,'index',453,454),(145,143,NULL,NULL,'view',455,456),(146,143,NULL,NULL,'add',457,458),(147,143,NULL,NULL,'edit',459,460),(148,143,NULL,NULL,'delete',461,462),(149,1,NULL,NULL,'Pos',470,489),(150,149,NULL,NULL,'index',471,472),(151,149,NULL,NULL,'view',473,474),(152,149,NULL,NULL,'add',475,476),(153,149,NULL,NULL,'edit',477,478),(154,149,NULL,NULL,'delete',479,480),(155,149,NULL,NULL,'addMany',481,482),(156,1,NULL,NULL,'AcademicSessions',490,511),(157,156,NULL,NULL,'index',491,492),(158,156,NULL,NULL,'view',493,494),(159,156,NULL,NULL,'add',495,496),(160,156,NULL,NULL,'edit',497,498),(161,156,NULL,NULL,'delete',499,500),(162,156,NULL,NULL,'addMany',501,502),(163,1,NULL,NULL,'Settings',512,529),(164,163,NULL,NULL,'index',513,514),(165,163,NULL,NULL,'view',515,516),(166,163,NULL,NULL,'add',517,518),(167,163,NULL,NULL,'edit',519,520),(168,163,NULL,NULL,'delete',521,522),(169,1,NULL,NULL,'Statuses',530,547),(170,169,NULL,NULL,'index',531,532),(171,169,NULL,NULL,'view',533,534),(172,169,NULL,NULL,'add',535,536),(173,169,NULL,NULL,'edit',537,538),(174,169,NULL,NULL,'delete',539,540),(175,1,NULL,NULL,'Processing',548,623),(176,175,NULL,NULL,'index',549,550),(177,175,NULL,NULL,'paySchoolFees',551,552),(178,175,NULL,NULL,'fullFeesPayment',553,554),(179,175,NULL,NULL,'installmentFeesPayments',555,556),(180,175,NULL,NULL,'payPumeFee',557,558),(181,175,NULL,NULL,'payAcceptanceFee',559,560),(182,175,NULL,NULL,'processFullSchoolFeesPayment',561,562),(183,175,NULL,NULL,'generatePaymentReference',563,564),(184,175,NULL,NULL,'setPaymentOptions',565,566),(185,175,NULL,NULL,'schoolFeesNotification',567,568),(186,175,NULL,NULL,'fullPaymentSchoolFeesNotification',569,570),(187,175,NULL,NULL,'notification',571,572),(188,175,NULL,NULL,'acceptanceNotification',573,574),(189,175,NULL,NULL,'updateFullSchoolFeesPaymentAfterPayment',575,576),(190,175,NULL,NULL,'updateApplicationPaymentAfterPayment',577,578),(191,175,NULL,NULL,'feesReport',579,580),(192,1,NULL,NULL,'HigherEducationalRecords',624,643),(193,192,NULL,NULL,'index',625,626),(194,192,NULL,NULL,'view',627,628),(195,192,NULL,NULL,'add',629,630),(196,192,NULL,NULL,'edit',631,632),(197,192,NULL,NULL,'delete',633,634),(198,1,NULL,NULL,'StudentStatuses',644,661),(199,198,NULL,NULL,'index',645,646),(200,198,NULL,NULL,'view',647,648),(201,198,NULL,NULL,'add',649,650),(202,198,NULL,NULL,'edit',651,652),(203,198,NULL,NULL,'delete',653,654),(204,1,NULL,NULL,'Lga',662,679),(205,204,NULL,NULL,'index',663,664),(206,204,NULL,NULL,'view',665,666),(207,204,NULL,NULL,'add',667,668),(208,204,NULL,NULL,'edit',669,670),(209,204,NULL,NULL,'delete',671,672),(210,1,NULL,NULL,'Baserecord',680,689),(211,210,NULL,NULL,'index',681,682),(212,1,NULL,NULL,'Groups',690,707),(213,212,NULL,NULL,'index',691,692),(214,212,NULL,NULL,'view',693,694),(215,212,NULL,NULL,'add',695,696),(216,212,NULL,NULL,'edit',697,698),(217,212,NULL,NULL,'delete',699,700),(218,1,NULL,NULL,'Departments',708,729),(219,218,NULL,NULL,'index',709,710),(220,218,NULL,NULL,'view',711,712),(221,218,NULL,NULL,'add',713,714),(222,218,NULL,NULL,'edit',715,716),(223,218,NULL,NULL,'delete',717,718),(224,218,NULL,NULL,'addMany',719,720),(225,1,NULL,NULL,'Countries',730,747),(226,225,NULL,NULL,'index',731,732),(227,225,NULL,NULL,'view',733,734),(228,225,NULL,NULL,'add',735,736),(229,225,NULL,NULL,'edit',737,738),(230,225,NULL,NULL,'delete',739,740),(231,1,NULL,NULL,'Faculties',748,769),(232,231,NULL,NULL,'index',749,750),(233,231,NULL,NULL,'view',751,752),(234,231,NULL,NULL,'add',753,754),(235,231,NULL,NULL,'edit',755,756),(236,231,NULL,NULL,'delete',757,758),(237,231,NULL,NULL,'addMany',759,760),(238,1,NULL,NULL,'Semesters',770,787),(239,238,NULL,NULL,'index',771,772),(240,238,NULL,NULL,'view',773,774),(241,238,NULL,NULL,'add',775,776),(242,238,NULL,NULL,'edit',777,778),(243,238,NULL,NULL,'delete',779,780),(244,1,NULL,NULL,'Campuses',788,809),(245,244,NULL,NULL,'index',789,790),(246,244,NULL,NULL,'view',791,792),(247,244,NULL,NULL,'add',793,794),(248,244,NULL,NULL,'edit',795,796),(249,244,NULL,NULL,'delete',797,798),(250,244,NULL,NULL,'faculties',799,800),(251,1,NULL,NULL,'MaritalStatuses',810,827),(252,251,NULL,NULL,'index',811,812),(253,251,NULL,NULL,'view',813,814),(254,251,NULL,NULL,'add',815,816),(255,251,NULL,NULL,'edit',817,818),(256,251,NULL,NULL,'delete',819,820),(257,1,NULL,NULL,'PostPrimaryExamResults',828,845),(258,257,NULL,NULL,'index',829,830),(259,257,NULL,NULL,'view',831,832),(260,257,NULL,NULL,'add',833,834),(261,257,NULL,NULL,'edit',835,836),(262,257,NULL,NULL,'delete',837,838),(263,1,NULL,NULL,'ModeOfAdmissions',846,863),(264,263,NULL,NULL,'index',847,848),(265,263,NULL,NULL,'view',849,850),(266,263,NULL,NULL,'add',851,852),(267,263,NULL,NULL,'edit',853,854),(268,263,NULL,NULL,'delete',855,856),(269,1,NULL,NULL,'ReligiousDenominations',864,881),(270,269,NULL,NULL,'index',865,866),(271,269,NULL,NULL,'view',867,868),(272,269,NULL,NULL,'add',869,870),(273,269,NULL,NULL,'edit',871,872),(274,269,NULL,NULL,'delete',873,874),(275,1,NULL,NULL,'ExamResults',882,901),(276,275,NULL,NULL,'index',883,884),(277,275,NULL,NULL,'view',885,886),(278,275,NULL,NULL,'add',887,888),(279,275,NULL,NULL,'uploadExamResults',889,890),(280,275,NULL,NULL,'edit',891,892),(281,275,NULL,NULL,'delete',893,894),(282,1,NULL,NULL,'Courses',902,923),(283,282,NULL,NULL,'index',903,904),(284,282,NULL,NULL,'view',905,906),(285,282,NULL,NULL,'add',907,908),(286,282,NULL,NULL,'edit',909,910),(287,282,NULL,NULL,'delete',911,912),(288,1,NULL,NULL,'HostelRooms',924,941),(289,288,NULL,NULL,'index',925,926),(290,288,NULL,NULL,'view',927,928),(291,288,NULL,NULL,'add',929,930),(292,288,NULL,NULL,'edit',931,932),(293,288,NULL,NULL,'delete',933,934),(294,1,NULL,NULL,'Acl',942,943),(295,1,NULL,NULL,'AclManager',944,969),(296,295,NULL,NULL,'Acl',945,968),(297,296,NULL,NULL,'index',946,947),(298,296,NULL,NULL,'permissions',948,949),(299,296,NULL,NULL,'updateAcos',950,951),(300,296,NULL,NULL,'updateAros',952,953),(301,296,NULL,NULL,'revokePerms',954,955),(302,296,NULL,NULL,'drop',956,957),(303,296,NULL,NULL,'defaults',958,959),(304,1,NULL,NULL,'AdminLTE',970,971),(305,1,NULL,NULL,'AllApplications',972,1181),(306,305,NULL,NULL,'AdmittedCandidates',973,1008),(307,306,NULL,NULL,'index',974,975),(308,306,NULL,NULL,'view',976,977),(309,306,NULL,NULL,'add',978,979),(310,306,NULL,NULL,'edit',980,981),(311,306,NULL,NULL,'delete',982,983),(312,305,NULL,NULL,'ApplicationPayments',1009,1026),(313,312,NULL,NULL,'index',1010,1011),(314,312,NULL,NULL,'view',1012,1013),(315,312,NULL,NULL,'add',1014,1015),(316,312,NULL,NULL,'edit',1016,1017),(317,312,NULL,NULL,'delete',1018,1019),(318,305,NULL,NULL,'Applications',1027,1106),(319,318,NULL,NULL,'singleRecord',1028,1029),(320,318,NULL,NULL,'index',1030,1031),(321,318,NULL,NULL,'postIndex',1032,1033),(322,318,NULL,NULL,'view',1034,1035),(323,318,NULL,NULL,'add',1036,1037),(324,318,NULL,NULL,'register',1038,1039),(325,318,NULL,NULL,'getDepartments',1040,1041),(326,318,NULL,NULL,'getCourses',1042,1043),(327,318,NULL,NULL,'eligibilityStatus',1044,1045),(328,318,NULL,NULL,'updateEmailAddress',1046,1047),(329,318,NULL,NULL,'sendMail',1048,1049),(330,318,NULL,NULL,'applicantHome',1050,1051),(331,318,NULL,NULL,'edit',1052,1053),(332,318,NULL,NULL,'delete',1054,1055),(333,305,NULL,NULL,'ApplicationTypes',1107,1124),(334,333,NULL,NULL,'index',1108,1109),(335,333,NULL,NULL,'view',1110,1111),(336,333,NULL,NULL,'add',1112,1113),(337,333,NULL,NULL,'edit',1114,1115),(338,333,NULL,NULL,'delete',1116,1117),(339,1,NULL,NULL,'DebugKit',1182,1209),(340,339,NULL,NULL,'MailPreview',1183,1190),(341,340,NULL,NULL,'index',1184,1185),(342,340,NULL,NULL,'sent',1186,1187),(343,340,NULL,NULL,'email',1188,1189),(344,339,NULL,NULL,'Composer',1191,1194),(345,344,NULL,NULL,'checkDependencies',1192,1193),(346,339,NULL,NULL,'Panels',1195,1200),(347,346,NULL,NULL,'index',1196,1197),(348,346,NULL,NULL,'view',1198,1199),(349,339,NULL,NULL,'Requests',1201,1204),(350,349,NULL,NULL,'view',1202,1203),(351,339,NULL,NULL,'Toolbar',1205,1208),(352,351,NULL,NULL,'clearCache',1206,1207),(353,1,NULL,NULL,'Documents',1210,1249),(354,353,NULL,NULL,'Documents',1211,1228),(355,354,NULL,NULL,'index',1212,1213),(356,354,NULL,NULL,'view',1214,1215),(357,354,NULL,NULL,'add',1216,1217),(358,354,NULL,NULL,'edit',1218,1219),(359,354,NULL,NULL,'delete',1220,1221),(360,353,NULL,NULL,'Categories',1229,1248),(361,360,NULL,NULL,'index',1230,1231),(362,360,NULL,NULL,'add',1232,1233),(363,360,NULL,NULL,'edit',1234,1235),(364,360,NULL,NULL,'delete',1236,1237),(365,360,NULL,NULL,'moveUp',1238,1239),(366,360,NULL,NULL,'moveDown',1240,1241),(367,1,NULL,NULL,'Fees',1250,1497),(368,367,NULL,NULL,'FeeTypes',1251,1268),(369,368,NULL,NULL,'index',1252,1253),(370,368,NULL,NULL,'view',1254,1255),(371,368,NULL,NULL,'add',1256,1257),(372,368,NULL,NULL,'edit',1258,1259),(373,368,NULL,NULL,'delete',1260,1261),(374,367,NULL,NULL,'Discounts',1269,1288),(375,374,NULL,NULL,'index',1270,1271),(376,374,NULL,NULL,'view',1272,1273),(377,374,NULL,NULL,'add',1274,1275),(378,374,NULL,NULL,'saveDiscount',1276,1277),(379,374,NULL,NULL,'edit',1278,1279),(380,374,NULL,NULL,'delete',1280,1281),(381,367,NULL,NULL,'FeeTypeItems',1289,1308),(382,381,NULL,NULL,'index',1290,1291),(383,381,NULL,NULL,'view',1292,1293),(384,381,NULL,NULL,'add',1294,1295),(385,381,NULL,NULL,'saveFeeTypeItems',1296,1297),(386,381,NULL,NULL,'edit',1298,1299),(387,381,NULL,NULL,'delete',1300,1301),(388,367,NULL,NULL,'ApplicationPayments',1309,1326),(389,388,NULL,NULL,'index',1310,1311),(390,388,NULL,NULL,'view',1312,1313),(391,388,NULL,NULL,'add',1314,1315),(392,388,NULL,NULL,'edit',1316,1317),(393,388,NULL,NULL,'delete',1318,1319),(394,367,NULL,NULL,'StudentStatuses',1327,1344),(395,394,NULL,NULL,'index',1328,1329),(396,394,NULL,NULL,'view',1330,1331),(397,394,NULL,NULL,'add',1332,1333),(398,394,NULL,NULL,'edit',1334,1335),(399,394,NULL,NULL,'delete',1336,1337),(400,367,NULL,NULL,'FeeStatuses',1345,1362),(401,400,NULL,NULL,'index',1346,1347),(402,400,NULL,NULL,'view',1348,1349),(403,400,NULL,NULL,'add',1350,1351),(404,400,NULL,NULL,'edit',1352,1353),(405,400,NULL,NULL,'delete',1354,1355),(406,367,NULL,NULL,'Items',1363,1380),(407,406,NULL,NULL,'index',1364,1365),(408,406,NULL,NULL,'view',1366,1367),(409,406,NULL,NULL,'add',1368,1369),(410,406,NULL,NULL,'edit',1370,1371),(411,406,NULL,NULL,'delete',1372,1373),(412,367,NULL,NULL,'PayItems',1381,1398),(413,412,NULL,NULL,'index',1382,1383),(414,412,NULL,NULL,'view',1384,1385),(415,412,NULL,NULL,'add',1386,1387),(416,412,NULL,NULL,'edit',1388,1389),(417,412,NULL,NULL,'delete',1390,1391),(418,367,NULL,NULL,'AcceptancePayments',1399,1416),(419,418,NULL,NULL,'index',1400,1401),(420,418,NULL,NULL,'view',1402,1403),(421,418,NULL,NULL,'add',1404,1405),(422,418,NULL,NULL,'edit',1406,1407),(423,418,NULL,NULL,'delete',1408,1409),(424,367,NULL,NULL,'Payments',1417,1434),(425,424,NULL,NULL,'index',1418,1419),(426,424,NULL,NULL,'view',1420,1421),(427,424,NULL,NULL,'add',1422,1423),(428,424,NULL,NULL,'edit',1424,1425),(429,424,NULL,NULL,'delete',1426,1427),(430,367,NULL,NULL,'Billings',1435,1460),(431,430,NULL,NULL,'index',1436,1437),(432,430,NULL,NULL,'view',1438,1439),(433,430,NULL,NULL,'add',1440,1441),(434,430,NULL,NULL,'edit',1442,1443),(435,430,NULL,NULL,'delete',1444,1445),(436,430,NULL,NULL,'generateBillings',1446,1447),(437,1,NULL,NULL,'Markdown',1498,1499),(438,1,NULL,NULL,'Migrations',1500,1501),(439,318,NULL,NULL,'submit',1056,1057),(440,318,NULL,NULL,'getPos',1058,1059),(441,318,NULL,NULL,'getStateOfOrigins',1060,1061),(443,318,NULL,NULL,'resendMail',1064,1065),(444,296,NULL,NULL,'manageAro',960,961),(445,1,NULL,NULL,'Lgas',1502,1519),(446,445,NULL,NULL,'index',1503,1504),(447,445,NULL,NULL,'view',1505,1506),(448,445,NULL,NULL,'add',1507,1508),(449,445,NULL,NULL,'edit',1509,1510),(450,445,NULL,NULL,'delete',1511,1512),(451,305,NULL,NULL,'AdmittedCandidateLogs',1125,1142),(452,451,NULL,NULL,'index',1126,1127),(453,451,NULL,NULL,'view',1128,1129),(454,451,NULL,NULL,'add',1130,1131),(455,451,NULL,NULL,'edit',1132,1133),(456,451,NULL,NULL,'delete',1134,1135),(457,318,NULL,NULL,'verifiedCandidates',1066,1067),(458,318,NULL,NULL,'bulkApproval',1068,1069),(459,318,NULL,NULL,'getPOSID',1070,1071),(460,318,NULL,NULL,'approveApplicant',1072,1073),(461,318,NULL,NULL,'getFacultyId',1074,1075),(462,318,NULL,NULL,'getDepartmentId',1076,1077),(463,305,NULL,NULL,'ApplicationSettings',1143,1160),(464,463,NULL,NULL,'index',1144,1145),(465,463,NULL,NULL,'view',1146,1147),(466,463,NULL,NULL,'add',1148,1149),(467,463,NULL,NULL,'edit',1150,1151),(468,463,NULL,NULL,'delete',1152,1153),(469,87,NULL,NULL,'studentsWithoutUserAccount',283,284),(470,87,NULL,NULL,'generatePassword',285,286),(471,87,NULL,NULL,'generateUsername',287,288),(472,318,NULL,NULL,'paymentReceipt',1078,1079),(474,1,NULL,NULL,'CandidateClearanceItems',1520,1537),(475,474,NULL,NULL,'index',1521,1522),(476,474,NULL,NULL,'view',1523,1524),(477,474,NULL,NULL,'add',1525,1526),(478,474,NULL,NULL,'edit',1527,1528),(479,474,NULL,NULL,'delete',1529,1530),(480,1,NULL,NULL,'ClearanceFees',1538,1555),(481,480,NULL,NULL,'index',1539,1540),(482,480,NULL,NULL,'view',1541,1542),(483,480,NULL,NULL,'add',1543,1544),(484,480,NULL,NULL,'edit',1545,1546),(485,480,NULL,NULL,'delete',1547,1548),(486,1,NULL,NULL,'ClearanceItems',1556,1573),(487,486,NULL,NULL,'index',1557,1558),(488,486,NULL,NULL,'view',1559,1560),(489,486,NULL,NULL,'add',1561,1562),(490,486,NULL,NULL,'edit',1563,1564),(491,486,NULL,NULL,'delete',1565,1566),(492,1,NULL,NULL,'Clearance',1574,1583),(493,492,NULL,NULL,'index',1575,1576),(494,1,NULL,NULL,'StudentLogs',1584,1601),(495,494,NULL,NULL,'index',1585,1586),(496,494,NULL,NULL,'view',1587,1588),(497,494,NULL,NULL,'add',1589,1590),(498,494,NULL,NULL,'edit',1591,1592),(499,494,NULL,NULL,'delete',1593,1594),(500,1,NULL,NULL,'ClearancePayments',1602,1627),(501,500,NULL,NULL,'index',1603,1604),(502,500,NULL,NULL,'view',1605,1606),(503,500,NULL,NULL,'add',1607,1608),(504,500,NULL,NULL,'edit',1609,1610),(505,500,NULL,NULL,'delete',1611,1612),(506,500,NULL,NULL,'createClearancePaymentRecord',1613,1614),(507,500,NULL,NULL,'payClearanceFee',1615,1616),(508,500,NULL,NULL,'paymentNotification',1617,1618),(509,500,NULL,NULL,'download',1619,1620),(510,1,NULL,NULL,'Admissions',1628,1637),(511,510,NULL,NULL,'index',1629,1630),(512,306,NULL,NULL,'addMany',984,985),(513,306,NULL,NULL,'checkPaymentStatus',986,987),(514,306,NULL,NULL,'submit',988,989),(515,306,NULL,NULL,'print',990,991),(516,306,NULL,NULL,'changeClearanceStatus',992,993),(517,306,NULL,NULL,'createStudent',994,995),(518,306,NULL,NULL,'changeUserRole',996,997),(519,306,NULL,NULL,'search',998,999),(520,318,NULL,NULL,'admissionStatus',1082,1083),(521,318,NULL,NULL,'clearance',1084,1085),(522,124,NULL,NULL,'getSubjects',401,402),(523,124,NULL,NULL,'getGrades',403,404),(524,175,NULL,NULL,'payClearanceFee',581,582),(525,175,NULL,NULL,'clearanceNotification',583,584),(526,306,NULL,NULL,'sendMail',1000,1001),(527,318,NULL,NULL,'registerSuccess',1086,1087),(528,318,NULL,NULL,'getModeOfAdmissions',1088,1089),(529,318,NULL,NULL,'getDenominations',1090,1091),(530,367,NULL,NULL,'ClearancePayments',1461,1478),(531,530,NULL,NULL,'index',1462,1463),(532,530,NULL,NULL,'view',1464,1465),(533,530,NULL,NULL,'add',1466,1467),(534,530,NULL,NULL,'edit',1468,1469),(535,530,NULL,NULL,'delete',1470,1471),(536,124,NULL,NULL,'verifyUserId',405,406),(537,192,NULL,NULL,'verifyUserId',635,636),(538,305,NULL,NULL,'CandidateClearanceItems',1161,1180),(539,538,NULL,NULL,'index',1162,1163),(540,538,NULL,NULL,'view',1164,1165),(541,538,NULL,NULL,'add',1166,1167),(542,538,NULL,NULL,'edit',1168,1169),(543,538,NULL,NULL,'delete',1170,1171),(544,538,NULL,NULL,'checkPaymentStatus',1172,1173),(545,318,NULL,NULL,'reset',1092,1093),(546,318,NULL,NULL,'verifyUserId',1094,1095),(547,1,NULL,NULL,'PosCourses',1638,1667),(548,547,NULL,NULL,'index',1639,1640),(549,547,NULL,NULL,'mapCoursesToPos',1641,1642),(550,547,NULL,NULL,'view',1643,1644),(551,547,NULL,NULL,'add',1645,1646),(552,547,NULL,NULL,'edit',1647,1648),(553,547,NULL,NULL,'delete',1649,1650),(554,547,NULL,NULL,'deletePosCourse',1651,1652),(555,547,NULL,NULL,'setActiveSession',1653,1654),(556,282,NULL,NULL,'addMany',913,914),(557,156,NULL,NULL,'copyAcademicSession',503,504),(558,282,NULL,NULL,'copyAcademicSession',915,916),(559,1,NULL,NULL,'CourseCredits',1668,1685),(560,559,NULL,NULL,'index',1669,1670),(561,559,NULL,NULL,'view',1671,1672),(562,559,NULL,NULL,'add',1673,1674),(563,559,NULL,NULL,'edit',1675,1676),(564,559,NULL,NULL,'delete',1677,1678),(565,1,NULL,NULL,'CourseRegistrationStatuses',1686,1703),(566,565,NULL,NULL,'index',1687,1688),(567,565,NULL,NULL,'view',1689,1690),(568,565,NULL,NULL,'add',1691,1692),(569,565,NULL,NULL,'edit',1693,1694),(570,565,NULL,NULL,'delete',1695,1696),(571,1,NULL,NULL,'StudentRegistrations',1704,1723),(572,571,NULL,NULL,'index',1705,1706),(573,571,NULL,NULL,'view',1707,1708),(574,571,NULL,NULL,'add',1709,1710),(575,571,NULL,NULL,'edit',1711,1712),(576,571,NULL,NULL,'delete',1713,1714),(577,1,NULL,NULL,'StudentRegistrationPosCourses',1724,1741),(578,577,NULL,NULL,'index',1725,1726),(579,577,NULL,NULL,'view',1727,1728),(580,577,NULL,NULL,'add',1729,1730),(581,577,NULL,NULL,'edit',1731,1732),(582,577,NULL,NULL,'delete',1733,1734),(583,1,NULL,NULL,'DefaultCourseCredits',1742,1759),(584,583,NULL,NULL,'index',1743,1744),(585,583,NULL,NULL,'view',1745,1746),(586,583,NULL,NULL,'add',1747,1748),(587,583,NULL,NULL,'edit',1749,1750),(588,583,NULL,NULL,'delete',1751,1752),(589,547,NULL,NULL,'registrations',1655,1656),(590,547,NULL,NULL,'registerCourses',1657,1658),(591,118,NULL,NULL,'getX',381,382),(592,8,NULL,NULL,'getX',31,32),(593,231,NULL,NULL,'getDepartments',761,762),(594,112,NULL,NULL,'getX',361,362),(595,244,NULL,NULL,'getX',801,802),(596,218,NULL,NULL,'getX',721,722),(597,318,NULL,NULL,'getLgas',1096,1097),(598,547,NULL,NULL,'resetRegistration',1659,1660),(599,571,NULL,NULL,'otherRegistrations',1715,1716),(600,175,NULL,NULL,'schoolFeesReceipt',585,586),(601,175,NULL,NULL,'payOtherStudentFees',587,588),(602,175,NULL,NULL,'otherStudentFeesDetails',589,590),(603,175,NULL,NULL,'otherStudentFeeNotification',591,592),(604,175,NULL,NULL,'updateApplicablePaymentTableAfterPayment',593,594),(605,175,NULL,NULL,'schoolFeesReceiptSesssion',595,596),(606,175,NULL,NULL,'schoolFeesReceiptSession',597,598),(607,367,NULL,NULL,'OtherStudentFeePayments',1479,1496),(608,607,NULL,NULL,'index',1480,1481),(609,607,NULL,NULL,'view',1482,1483),(610,607,NULL,NULL,'add',1484,1485),(611,607,NULL,NULL,'edit',1486,1487),(612,607,NULL,NULL,'delete',1488,1489),(613,1,NULL,NULL,'CourseRegistrationCategories',1760,1777),(614,613,NULL,NULL,'index',1761,1762),(615,613,NULL,NULL,'view',1763,1764),(616,613,NULL,NULL,'add',1765,1766),(617,613,NULL,NULL,'edit',1767,1768),(618,613,NULL,NULL,'delete',1769,1770),(619,175,NULL,NULL,'newPaymentRequery',599,600),(620,40,NULL,NULL,'landing',143,144),(621,40,NULL,NULL,'forgotPassword',145,146),(622,40,NULL,NULL,'changePassword',147,148),(623,40,NULL,NULL,'createPassword',149,150),(624,40,NULL,NULL,'reset',151,152),(625,149,NULL,NULL,'isAuthorized',483,484),(626,149,NULL,NULL,'processImage',485,486),(627,149,NULL,NULL,'checkAdminRole',487,488),(628,257,NULL,NULL,'isAuthorized',839,840),(629,257,NULL,NULL,'processImage',841,842),(630,257,NULL,NULL,'checkAdminRole',843,844),(631,20,NULL,NULL,'isAuthorized',69,70),(632,20,NULL,NULL,'processImage',71,72),(633,20,NULL,NULL,'checkAdminRole',73,74),(634,474,NULL,NULL,'isAuthorized',1531,1532),(635,474,NULL,NULL,'processImage',1533,1534),(636,474,NULL,NULL,'checkAdminRole',1535,1536),(637,118,NULL,NULL,'isAuthorized',383,384),(638,118,NULL,NULL,'processImage',385,386),(639,118,NULL,NULL,'checkAdminRole',387,388),(640,559,NULL,NULL,'isAuthorized',1679,1680),(641,559,NULL,NULL,'processImage',1681,1682),(642,559,NULL,NULL,'checkAdminRole',1683,1684),(643,565,NULL,NULL,'isAuthorized',1697,1698),(644,565,NULL,NULL,'processImage',1699,1700),(645,565,NULL,NULL,'checkAdminRole',1701,1702),(646,192,NULL,NULL,'isAuthorized',637,638),(647,192,NULL,NULL,'processImage',639,640),(648,192,NULL,NULL,'checkAdminRole',641,642),(649,156,NULL,NULL,'isAuthorized',505,506),(650,156,NULL,NULL,'processImage',507,508),(651,156,NULL,NULL,'checkAdminRole',509,510),(652,143,NULL,NULL,'isAuthorized',463,464),(653,143,NULL,NULL,'processImage',465,466),(654,143,NULL,NULL,'checkAdminRole',467,468),(655,94,NULL,NULL,'isAuthorized',307,308),(656,94,NULL,NULL,'processImage',309,310),(657,94,NULL,NULL,'checkAdminRole',311,312),(658,8,NULL,NULL,'isAuthorized',33,34),(659,8,NULL,NULL,'processImage',35,36),(660,8,NULL,NULL,'checkAdminRole',37,38),(661,14,NULL,NULL,'isAuthorized',51,52),(662,14,NULL,NULL,'processImage',53,54),(663,14,NULL,NULL,'checkAdminRole',55,56),(664,251,NULL,NULL,'isAuthorized',821,822),(665,251,NULL,NULL,'processImage',823,824),(666,251,NULL,NULL,'checkAdminRole',825,826),(667,613,NULL,NULL,'isAuthorized',1771,1772),(668,613,NULL,NULL,'processImage',1773,1774),(669,613,NULL,NULL,'checkAdminRole',1775,1776),(670,494,NULL,NULL,'isAuthorized',1595,1596),(671,494,NULL,NULL,'processImage',1597,1598),(672,494,NULL,NULL,'checkAdminRole',1599,1600),(673,198,NULL,NULL,'isAuthorized',655,656),(674,198,NULL,NULL,'processImage',657,658),(675,198,NULL,NULL,'checkAdminRole',659,660),(676,486,NULL,NULL,'isAuthorized',1567,1568),(677,486,NULL,NULL,'processImage',1569,1570),(678,486,NULL,NULL,'checkAdminRole',1571,1572),(679,204,NULL,NULL,'isAuthorized',673,674),(680,204,NULL,NULL,'processImage',675,676),(681,204,NULL,NULL,'checkAdminRole',677,678),(682,571,NULL,NULL,'isAuthorized',1717,1718),(683,571,NULL,NULL,'processImage',1719,1720),(684,571,NULL,NULL,'checkAdminRole',1721,1722),(685,40,NULL,NULL,'resetPassword',153,154),(686,40,NULL,NULL,'isAuthorized',155,156),(687,40,NULL,NULL,'processImage',157,158),(688,40,NULL,NULL,'checkAdminRole',159,160),(689,225,NULL,NULL,'isAuthorized',741,742),(690,225,NULL,NULL,'processImage',743,744),(691,225,NULL,NULL,'checkAdminRole',745,746),(692,288,NULL,NULL,'isAuthorized',935,936),(693,288,NULL,NULL,'processImage',937,938),(694,288,NULL,NULL,'checkAdminRole',939,940),(695,57,NULL,NULL,'isAuthorized',191,192),(696,57,NULL,NULL,'processImage',193,194),(697,57,NULL,NULL,'checkAdminRole',195,196),(698,175,NULL,NULL,'isAuthorized',601,602),(699,175,NULL,NULL,'processImage',603,604),(700,175,NULL,NULL,'checkAdminRole',605,606),(701,32,NULL,NULL,'isAuthorized',105,106),(702,32,NULL,NULL,'processImage',107,108),(703,32,NULL,NULL,'checkAdminRole',109,110),(704,124,NULL,NULL,'isAuthorized',407,408),(705,124,NULL,NULL,'processImage',409,410),(706,124,NULL,NULL,'checkAdminRole',411,412),(707,577,NULL,NULL,'isAuthorized',1735,1736),(708,577,NULL,NULL,'processImage',1737,1738),(709,577,NULL,NULL,'checkAdminRole',1739,1740),(710,210,NULL,NULL,'isAuthorized',683,684),(711,210,NULL,NULL,'processImage',685,686),(712,210,NULL,NULL,'checkAdminRole',687,688),(713,500,NULL,NULL,'isAuthorized',1621,1622),(714,500,NULL,NULL,'processImage',1623,1624),(715,500,NULL,NULL,'checkAdminRole',1625,1626),(716,269,NULL,NULL,'isAuthorized',875,876),(717,269,NULL,NULL,'processImage',877,878),(718,269,NULL,NULL,'checkAdminRole',879,880),(719,583,NULL,NULL,'isAuthorized',1753,1754),(720,583,NULL,NULL,'processImage',1755,1756),(721,583,NULL,NULL,'checkAdminRole',1757,1758),(722,231,NULL,NULL,'isAuthorized',763,764),(723,231,NULL,NULL,'processImage',765,766),(724,231,NULL,NULL,'checkAdminRole',767,768),(725,112,NULL,NULL,'isAuthorized',363,364),(726,112,NULL,NULL,'processImage',365,366),(727,112,NULL,NULL,'checkAdminRole',367,368),(728,282,NULL,NULL,'isAuthorized',917,918),(729,282,NULL,NULL,'processImage',919,920),(730,282,NULL,NULL,'checkAdminRole',921,922),(731,100,NULL,NULL,'isAuthorized',325,326),(732,100,NULL,NULL,'processImage',327,328),(733,100,NULL,NULL,'checkAdminRole',329,330),(734,163,NULL,NULL,'isAuthorized',523,524),(735,163,NULL,NULL,'processImage',525,526),(736,163,NULL,NULL,'checkAdminRole',527,528),(737,51,NULL,NULL,'isAuthorized',173,174),(738,51,NULL,NULL,'processImage',175,176),(739,51,NULL,NULL,'checkAdminRole',177,178),(740,63,NULL,NULL,'isAuthorized',209,210),(741,63,NULL,NULL,'processImage',211,212),(742,63,NULL,NULL,'checkAdminRole',213,214),(743,244,NULL,NULL,'isAuthorized',803,804),(744,244,NULL,NULL,'processImage',805,806),(745,244,NULL,NULL,'checkAdminRole',807,808),(746,87,NULL,NULL,'isAuthorized',289,290),(747,87,NULL,NULL,'processImage',291,292),(748,87,NULL,NULL,'checkAdminRole',293,294),(749,75,NULL,NULL,'isAuthorized',245,246),(750,75,NULL,NULL,'processImage',247,248),(751,75,NULL,NULL,'checkAdminRole',249,250),(752,2,NULL,NULL,'isAuthorized',13,14),(753,2,NULL,NULL,'processImage',15,16),(754,2,NULL,NULL,'checkAdminRole',17,18),(755,81,NULL,NULL,'isAuthorized',263,264),(756,81,NULL,NULL,'processImage',265,266),(757,81,NULL,NULL,'checkAdminRole',267,268),(758,130,NULL,NULL,'isAuthorized',427,428),(759,130,NULL,NULL,'processImage',429,430),(760,130,NULL,NULL,'checkAdminRole',431,432),(761,238,NULL,NULL,'isAuthorized',781,782),(762,238,NULL,NULL,'processImage',783,784),(763,238,NULL,NULL,'checkAdminRole',785,786),(764,218,NULL,NULL,'isAuthorized',723,724),(765,218,NULL,NULL,'processImage',725,726),(766,218,NULL,NULL,'checkAdminRole',727,728),(767,480,NULL,NULL,'isAuthorized',1549,1550),(768,480,NULL,NULL,'processImage',1551,1552),(769,480,NULL,NULL,'checkAdminRole',1553,1554),(770,445,NULL,NULL,'isAuthorized',1513,1514),(771,445,NULL,NULL,'processImage',1515,1516),(772,445,NULL,NULL,'checkAdminRole',1517,1518),(773,137,NULL,NULL,'isAuthorized',445,446),(774,137,NULL,NULL,'processImage',447,448),(775,137,NULL,NULL,'checkAdminRole',449,450),(776,212,NULL,NULL,'isAuthorized',701,702),(777,212,NULL,NULL,'processImage',703,704),(778,212,NULL,NULL,'checkAdminRole',705,706),(779,69,NULL,NULL,'isAuthorized',227,228),(780,69,NULL,NULL,'processImage',229,230),(781,69,NULL,NULL,'checkAdminRole',231,232),(782,275,NULL,NULL,'isAuthorized',895,896),(783,275,NULL,NULL,'processImage',897,898),(784,275,NULL,NULL,'checkAdminRole',899,900),(785,38,NULL,NULL,'isAuthorized',115,116),(786,38,NULL,NULL,'processImage',117,118),(787,38,NULL,NULL,'checkAdminRole',119,120),(788,106,NULL,NULL,'isAuthorized',343,344),(789,106,NULL,NULL,'processImage',345,346),(790,106,NULL,NULL,'checkAdminRole',347,348),(791,547,NULL,NULL,'isAuthorized',1661,1662),(792,547,NULL,NULL,'processImage',1663,1664),(793,547,NULL,NULL,'checkAdminRole',1665,1666),(794,169,NULL,NULL,'isAuthorized',541,542),(795,169,NULL,NULL,'processImage',543,544),(796,169,NULL,NULL,'checkAdminRole',545,546),(797,263,NULL,NULL,'isAuthorized',857,858),(798,263,NULL,NULL,'processImage',859,860),(799,263,NULL,NULL,'checkAdminRole',861,862),(800,26,NULL,NULL,'isAuthorized',87,88),(801,26,NULL,NULL,'processImage',89,90),(802,26,NULL,NULL,'checkAdminRole',91,92),(803,510,NULL,NULL,'isAuthorized',1631,1632),(804,510,NULL,NULL,'processImage',1633,1634),(805,510,NULL,NULL,'checkAdminRole',1635,1636),(806,492,NULL,NULL,'isAuthorized',1577,1578),(807,492,NULL,NULL,'processImage',1579,1580),(808,492,NULL,NULL,'checkAdminRole',1581,1582),(809,296,NULL,NULL,'isAuthorized',962,963),(810,296,NULL,NULL,'processImage',964,965),(811,296,NULL,NULL,'checkAdminRole',966,967),(812,538,NULL,NULL,'isAuthorized',1174,1175),(813,538,NULL,NULL,'processImage',1176,1177),(814,538,NULL,NULL,'checkAdminRole',1178,1179),(815,306,NULL,NULL,'isAuthorized',1002,1003),(816,306,NULL,NULL,'processImage',1004,1005),(817,306,NULL,NULL,'checkAdminRole',1006,1007),(818,463,NULL,NULL,'isAuthorized',1154,1155),(819,463,NULL,NULL,'processImage',1156,1157),(820,463,NULL,NULL,'checkAdminRole',1158,1159),(821,318,NULL,NULL,'getPosViaMode',1098,1099),(822,318,NULL,NULL,'isAuthorized',1100,1101),(823,318,NULL,NULL,'processImage',1102,1103),(824,318,NULL,NULL,'checkAdminRole',1104,1105),(825,451,NULL,NULL,'isAuthorized',1136,1137),(826,451,NULL,NULL,'processImage',1138,1139),(827,451,NULL,NULL,'checkAdminRole',1140,1141),(828,333,NULL,NULL,'isAuthorized',1118,1119),(829,333,NULL,NULL,'processImage',1120,1121),(830,333,NULL,NULL,'checkAdminRole',1122,1123),(831,312,NULL,NULL,'isAuthorized',1020,1021),(832,312,NULL,NULL,'processImage',1022,1023),(833,312,NULL,NULL,'checkAdminRole',1024,1025),(834,360,NULL,NULL,'isAuthorized',1242,1243),(835,360,NULL,NULL,'processImage',1244,1245),(836,360,NULL,NULL,'checkAdminRole',1246,1247),(837,354,NULL,NULL,'isAuthorized',1222,1223),(838,354,NULL,NULL,'processImage',1224,1225),(839,354,NULL,NULL,'checkAdminRole',1226,1227),(840,412,NULL,NULL,'isAuthorized',1392,1393),(841,412,NULL,NULL,'processImage',1394,1395),(842,412,NULL,NULL,'checkAdminRole',1396,1397),(843,418,NULL,NULL,'isAuthorized',1410,1411),(844,418,NULL,NULL,'processImage',1412,1413),(845,418,NULL,NULL,'checkAdminRole',1414,1415),(846,394,NULL,NULL,'isAuthorized',1338,1339),(847,394,NULL,NULL,'processImage',1340,1341),(848,394,NULL,NULL,'checkAdminRole',1342,1343),(849,368,NULL,NULL,'isAuthorized',1262,1263),(850,368,NULL,NULL,'processImage',1264,1265),(851,368,NULL,NULL,'checkAdminRole',1266,1267),(852,406,NULL,NULL,'isAuthorized',1374,1375),(853,406,NULL,NULL,'processImage',1376,1377),(854,406,NULL,NULL,'checkAdminRole',1378,1379),(855,374,NULL,NULL,'isAuthorized',1282,1283),(856,374,NULL,NULL,'processImage',1284,1285),(857,374,NULL,NULL,'checkAdminRole',1286,1287),(858,530,NULL,NULL,'isAuthorized',1472,1473),(859,530,NULL,NULL,'processImage',1474,1475),(860,530,NULL,NULL,'checkAdminRole',1476,1477),(861,424,NULL,NULL,'isAuthorized',1428,1429),(862,424,NULL,NULL,'processImage',1430,1431),(863,424,NULL,NULL,'checkAdminRole',1432,1433),(864,381,NULL,NULL,'isAuthorized',1302,1303),(865,381,NULL,NULL,'processImage',1304,1305),(866,381,NULL,NULL,'checkAdminRole',1306,1307),(867,400,NULL,NULL,'isAuthorized',1356,1357),(868,400,NULL,NULL,'processImage',1358,1359),(869,400,NULL,NULL,'checkAdminRole',1360,1361),(870,607,NULL,NULL,'isAuthorized',1490,1491),(871,607,NULL,NULL,'processImage',1492,1493),(872,607,NULL,NULL,'checkAdminRole',1494,1495),(873,388,NULL,NULL,'isAuthorized',1320,1321),(874,388,NULL,NULL,'processImage',1322,1323),(875,388,NULL,NULL,'checkAdminRole',1324,1325),(876,430,NULL,NULL,'isAuthorized',1448,1449),(877,430,NULL,NULL,'processImage',1450,1451),(878,430,NULL,NULL,'checkAdminRole',1452,1453),(879,175,NULL,NULL,'otherStudentFeesReceipt',607,608),(880,430,NULL,NULL,'feeTypesAndItemsExistForSessionPosAndLevel',1454,1455),(881,430,NULL,NULL,'hasGeneratedBillings',1456,1457),(882,430,NULL,NULL,'generateBillingPerStudent',1458,1459),(883,1,NULL,NULL,'Search',1778,1779),(884,1,NULL,NULL,'PaymentInfo',1780,1797),(885,884,NULL,NULL,'index',1781,1782),(886,884,NULL,NULL,'view',1783,1784),(887,884,NULL,NULL,'add',1785,1786),(888,884,NULL,NULL,'edit',1787,1788),(889,884,NULL,NULL,'delete',1789,1790),(890,884,NULL,NULL,'isAuthorized',1791,1792),(891,884,NULL,NULL,'processImage',1793,1794),(892,884,NULL,NULL,'checkAdminRole',1795,1796),(893,175,NULL,NULL,'savePaymentInfo',609,610),(894,175,NULL,NULL,'getPaymentInfo',611,612),(895,175,NULL,NULL,'updateClearancePaymentTableAfterPayment',613,614),(896,175,NULL,NULL,'updateAcceptancePaymentTableAfterPayment',615,616),(897,175,NULL,NULL,'updateOtherStudentFeePaymentTableAfterPayment',617,618),(898,175,NULL,NULL,'updateApplicationPaymentTableAfterPayment',619,620),(899,175,NULL,NULL,'confirmPaymentAndPrintReceipt',621,622);
/*!40000 ALTER TABLE `acos` ENABLE KEYS */;
UNLOCK TABLES;

--
-- Table structure for table `admission_payments`
--

DROP TABLE IF EXISTS `admission_payments`;
/*!40101 SET @saved_cs_client     = @@character_set_client */;
/*!40101 SET character_set_client = utf8 */;
CREATE TABLE `admission_payments` (
  `id` int(11) NOT NULL AUTO_INCREMENT,
  `application_number` varchar(50) DEFAULT NULL,
  `pin_id` int(11) DEFAULT NULL,
  `date_paid` varchar(50) DEFAULT NULL,
  `created` datetime DEFAULT NULL,
  `modified` datetime DEFAULT NULL,
  PRIMARY KEY (`id`)
) ENGINE=InnoDB DEFAULT CHARSET=utf8mb4;
/*!40101 SET character_set_client = @saved_cs_client */;

--
-- Dumping data for table `admission_payments`
--

LOCK TABLES `admission_payments` WRITE;
/*!40000 ALTER TABLE `admission_payments` DISABLE KEYS */;
/*!40000 ALTER TABLE `admission_payments` ENABLE KEYS */;
UNLOCK TABLES;

--
-- Table structure for table `admitted_candidate_logs`
--

DROP TABLE IF EXISTS `admitted_candidate_logs`;
/*!40101 SET @saved_cs_client     = @@character_set_client */;
/*!40101 SET character_set_client = utf8 */;
CREATE TABLE `admitted_candidate_logs` (
  `id` int(10) unsigned NOT NULL AUTO_INCREMENT,
  `admin_user_id` int(11) unsigned NOT NULL,
  `admitted_candidate_id` int(10) unsigned NOT NULL,
  `previous_approval_status` tinyint(4) NOT NULL,
  `previous_admin_message` varchar(2000) NOT NULL,
  `date_updated` datetime DEFAULT NULL,
  `approval_status` tinyint(4) NOT NULL,
  `pos_id` int(11) NOT NULL,
  `admin_message` varchar(2000) NOT NULL,
  `created` datetime DEFAULT NULL,
  `modified` datetime DEFAULT NULL ON UPDATE current_timestamp(),
  PRIMARY KEY (`id`)
) ENGINE=InnoDB DEFAULT CHARSET=utf8;
/*!40101 SET character_set_client = @saved_cs_client */;

--
-- Dumping data for table `admitted_candidate_logs`
--

LOCK TABLES `admitted_candidate_logs` WRITE;
/*!40000 ALTER TABLE `admitted_candidate_logs` DISABLE KEYS */;
/*!40000 ALTER TABLE `admitted_candidate_logs` ENABLE KEYS */;
UNLOCK TABLES;

--
-- Table structure for table `admitted_candidates`
--

DROP TABLE IF EXISTS `admitted_candidates`;
/*!40101 SET @saved_cs_client     = @@character_set_client */;
/*!40101 SET character_set_client = utf8 */;
CREATE TABLE `admitted_candidates` (
  `id` int(11) NOT NULL AUTO_INCREMENT,
  `user_id` int(11) NOT NULL,
  `last_name` varchar(50) DEFAULT NULL,
  `first_name` varchar(50) DEFAULT NULL,
  `other_names` varchar(50) DEFAULT NULL,
  `maiden_name` varchar(50) DEFAULT NULL,
  `date_of_birth` varchar(50) DEFAULT NULL,
  `sex` varchar(50) DEFAULT NULL,
  `religion` varchar(50) DEFAULT NULL,
  `email` varchar(50) DEFAULT NULL,
  `telephone` varchar(50) DEFAULT NULL,
  `picture_url` varchar(100) DEFAULT NULL,
  `picture_size` varchar(100) DEFAULT NULL,
  `permanent_address` varchar(500) DEFAULT NULL,
  `postal_address` varchar(500) DEFAULT NULL,
  `mobile_phone` varchar(50) DEFAULT NULL,
  `pin_id` int(11) DEFAULT NULL,
  `admission_accepted` tinyint(4) DEFAULT NULL,
  `date_accepted` datetime DEFAULT NULL,
  `acceptance_expiry_date` varchar(50) DEFAULT NULL,
  `application_number` varchar(50) DEFAULT NULL,
  `exam_number` varchar(50) DEFAULT NULL,
  `state_of_origin_name` varchar(50) DEFAULT NULL,
  `lga_of_origin_name` varchar(50) DEFAULT NULL,
  `nationality_name` varchar(50) DEFAULT NULL,
  `marital_status_name` varchar(50) DEFAULT NULL,
  `pos_name` varchar(100) DEFAULT NULL,
  `application_id` int(11) DEFAULT NULL,
  `online_applicant` tinyint(4) DEFAULT NULL,
  `admission_rejected` tinyint(4) DEFAULT NULL,
  `date_rejected` datetime DEFAULT NULL,
  `admission_rejection_message` varchar(50) DEFAULT NULL,
  `security_code` varchar(50) DEFAULT NULL,
  `cleared` tinyint(2) DEFAULT 0,
  `administrative_message` varchar(500) DEFAULT NULL,
  `disqualified` tinyint(4) DEFAULT NULL,
  `picture_type` varchar(50) DEFAULT NULL,
  `pos_id` int(11) DEFAULT NULL,
  `admission_payment_id` int(11) DEFAULT NULL,
  `lga_id` int(11) DEFAULT NULL,
  `marital_status_id` int(11) DEFAULT NULL,
  `academic_session_id` int(11) DEFAULT NULL,
  `session_of_admission_id` int(11) DEFAULT NULL,
  `nationality_id` int(11) DEFAULT NULL,
  `state_of_origin_id` int(11) DEFAULT NULL,
  `batch_of_approval_id` int(11) DEFAULT NULL,
  `submitted` tinyint(1) DEFAULT 0,
  `terms_agreed` tinyint(4) DEFAULT NULL,
  `nysc_location` varchar(50) DEFAULT NULL,
  `nysc_year` varchar(50) DEFAULT NULL,
  `old_mat_number` varchar(50) DEFAULT NULL,
  `exam_score` varchar(50) DEFAULT NULL,
  `mode_of_admission_id` int(11) DEFAULT NULL,
  `admission_checked` tinyint(4) NOT NULL DEFAULT 0,
  `year_of_study` int(11) NOT NULL DEFAULT 0,
  `religious_denomination_id` int(11) DEFAULT NULL,
  `country_of_residence` varchar(50) DEFAULT '0',
  `misc1` varchar(50) DEFAULT '0',
  `misc2` varchar(50) DEFAULT '0',
  `misc3` varchar(50) DEFAULT '0',
  `misc4` varchar(50) DEFAULT '0',
  `created` datetime DEFAULT NULL,
  `modified` datetime DEFAULT NULL,
  `mail_sent` tinyint(4) DEFAULT NULL,
  PRIMARY KEY (`id`),
  UNIQUE KEY `application_number` (`application_number`),
  UNIQUE KEY `email` (`email`)
) ENGINE=InnoDB AUTO_INCREMENT=11 DEFAULT CHARSET=utf8mb4;
/*!40101 SET character_set_client = @saved_cs_client */;

--
-- Dumping data for table `admitted_candidates`
--

LOCK TABLES `admitted_candidates` WRITE;
/*!40000 ALTER TABLE `admitted_candidates` DISABLE KEYS */;
INSERT INTO `admitted_candidates` VALUES (3,9,'Osanyinlokun','Oladiipo','Ernest','','','1','1','donmode4u+1234567890@gmail.com',NULL,'http://154.113.1.142:8080/collegeportalv2/files/applications/osanyinlokun-oladiipo276429225.jpg',NULL,'','','',NULL,NULL,NULL,NULL,'SCK20952671527',NULL,'Ekiti','Emure','Nigerian','','B.ED. (ADULT EDUCATION)',4,NULL,NULL,NULL,NULL,NULL,0,NULL,NULL,'image/jpeg',1,NULL,1,NULL,2,NULL,1,1,NULL,0,NULL,'','',NULL,NULL,1,0,1,NULL,'Nigeria','0','0','0','0','2019-09-02 09:13:08','2019-09-02 09:13:08',NULL),(4,21,'Doe','John','Dolapo','','06/12/1977','1','1','kekpenyong@socketworksng.com',NULL,'http://154.113.1.142:8080/collegeportalv2/files/applications/doe-john54033142255.png',NULL,'','','',NULL,NULL,NULL,NULL,'SCK88923141723',NULL,'ABIA','ABA NORTH','Nigerian','Single','B.D.S. (Clinicals)',5,NULL,NULL,NULL,NULL,NULL,1,NULL,NULL,'image/png',22,NULL,12,1,2,NULL,1,3,NULL,1,NULL,'','',NULL,NULL,1,0,2,NULL,'Nigeria','0','0','0','0','2019-09-03 14:24:42','2019-09-03 14:24:42',1),(5,22,'Test','Test','Test','Brown','2019-09-12','1','Christianity','francis.dretoka+1980@gmail.com','4567890',NULL,NULL,'2198 Watson Lane','2198 Watson Lane','123',NULL,NULL,NULL,NULL,'12345',NULL,NULL,NULL,NULL,NULL,NULL,NULL,NULL,NULL,NULL,NULL,NULL,0,NULL,NULL,NULL,1,NULL,NULL,1,3,NULL,1,1,NULL,0,NULL,NULL,NULL,NULL,NULL,2,0,1,NULL,'Nigeria','0','0','0','0','2019-09-04 10:40:09','2019-09-04 10:46:40',1),(7,23,'OHWOVORIOLE','Ifunnaya','nee','JUWE','2019-09-24','1','Christianity','preoviri@yahoo.com','','http://154.113.1.142:8080/collegeportalv2/files/applications/ohwovoriole-ifunnaya582116145519.jpeg',NULL,'UNIBEN','UNIBEN','08038415061',NULL,NULL,NULL,NULL,'SCK191416144147',NULL,'Ekiti','Emure','Nigerian','Single','B.Sc. (Agricultural Economics)',6,NULL,NULL,NULL,NULL,NULL,1,NULL,NULL,'image/jpeg',3,NULL,1,1,2,NULL,1,1,NULL,1,NULL,'ENUGU','2017',NULL,NULL,1,0,2,NULL,'Nigeria','0','0','0','0','2019-09-16 15:28:01','2019-09-16 15:31:36',1),(8,27,'BAWA','ADAMU','BASHIR','','2030-02-04','1','Islam','aogunyemi@socketworksng.com','',NULL,NULL,'','','',NULL,NULL,NULL,NULL,'25/02897',NULL,NULL,NULL,NULL,NULL,NULL,NULL,NULL,NULL,NULL,NULL,NULL,0,NULL,NULL,NULL,2,NULL,NULL,1,2,NULL,1,NULL,NULL,0,NULL,NULL,NULL,NULL,NULL,NULL,0,0,NULL,'0','0','0','0','0','2019-09-17 12:35:27','2019-09-17 12:35:30',1),(9,24,'EDEVBARO','CHRISTOPHER','OSAHON','','1996-01-25','1','Christianity','edevbaroc@gmail.com','','http://154.113.1.142:8080/collegeportalv2/files/applications/edevbaro-christopher884916162324.jpg',NULL,'pussy town','','1234567890',NULL,NULL,NULL,NULL,'SCK57171616623',NULL,'Lagos','EPE','Nigerian','Single','B.SC. (INDUSTRIAL ENGINEERING)',7,NULL,NULL,NULL,NULL,NULL,0,NULL,NULL,'image/jpeg',38,NULL,7,1,2,NULL,1,2,NULL,0,NULL,'','',NULL,NULL,2,0,1,NULL,'Nigeria','0','0','0','0','2019-09-17 13:59:49','2019-09-17 14:27:28',NULL),(10,29,'OHWOVORIOLE','PRECIOUS','','','','2','1','poviri247@gmail.com',NULL,'http://154.113.1.142:8080/collegeportalv2/files/applications/ohwovoriole-precious75482412342.jpg',NULL,'','','08038415061',NULL,NULL,NULL,NULL,'SCK885924114933',NULL,'Kaduna','Kaduna South','Nigerian','','B.Sc. (Agricultural Extension and Rural Development)',11,NULL,NULL,NULL,NULL,NULL,1,NULL,NULL,'image/jpeg',4,NULL,16,NULL,2,NULL,1,6,NULL,1,NULL,'ENUGU','2017',NULL,NULL,1,0,2,NULL,'Nigeria','0','0','0','0','2019-09-24 12:07:40','2019-09-24 12:07:40',NULL);
/*!40000 ALTER TABLE `admitted_candidates` ENABLE KEYS */;
UNLOCK TABLES;

--
-- Table structure for table `aos`
--

DROP TABLE IF EXISTS `aos`;
/*!40101 SET @saved_cs_client     = @@character_set_client */;
/*!40101 SET character_set_client = utf8 */;
CREATE TABLE `aos` (
  `id` int(11) NOT NULL AUTO_INCREMENT,
  `aos_name` varchar(50) DEFAULT NULL,
  `aos_description` varchar(50) DEFAULT NULL,
  `pos_id` int(11) DEFAULT NULL,
  `created` datetime DEFAULT NULL,
  `modified` datetime DEFAULT NULL,
  PRIMARY KEY (`id`)
) ENGINE=InnoDB DEFAULT CHARSET=utf8mb4;
/*!40101 SET character_set_client = @saved_cs_client */;

--
-- Dumping data for table `aos`
--

LOCK TABLES `aos` WRITE;
/*!40000 ALTER TABLE `aos` DISABLE KEYS */;
/*!40000 ALTER TABLE `aos` ENABLE KEYS */;
UNLOCK TABLES;

--
-- Table structure for table `applicant_photos`
--

DROP TABLE IF EXISTS `applicant_photos`;
/*!40101 SET @saved_cs_client     = @@character_set_client */;
/*!40101 SET character_set_client = utf8 */;
CREATE TABLE `applicant_photos` (
  `id` int(10) NOT NULL AUTO_INCREMENT,
  `applicant_id` int(11) DEFAULT NULL,
  `email` varchar(255) DEFAULT NULL,
  `photo` varchar(255) DEFAULT NULL,
  `photo_dir` varchar(255) DEFAULT NULL,
  `photo_size` int(11) DEFAULT NULL,
  `photo_type` varchar(255) DEFAULT NULL,
  `created` datetime DEFAULT NULL,
  `modified` datetime DEFAULT NULL,
  PRIMARY KEY (`id`)
) ENGINE=InnoDB DEFAULT CHARSET=latin1;
/*!40101 SET character_set_client = @saved_cs_client */;

--
-- Dumping data for table `applicant_photos`
--

LOCK TABLES `applicant_photos` WRITE;
/*!40000 ALTER TABLE `applicant_photos` DISABLE KEYS */;
/*!40000 ALTER TABLE `applicant_photos` ENABLE KEYS */;
UNLOCK TABLES;

--
-- Table structure for table `application_payments`
--

DROP TABLE IF EXISTS `application_payments`;
/*!40101 SET @saved_cs_client     = @@character_set_client */;
/*!40101 SET character_set_client = utf8 */;
CREATE TABLE `application_payments` (
  `id` int(11) NOT NULL AUTO_INCREMENT,
  `user_id` int(11) DEFAULT NULL,
  `fee_type_item_id` int(11) DEFAULT NULL,
  `application_id` int(11) DEFAULT NULL,
  `academic_session_id` int(11) NOT NULL,
  `email` varchar(255) NOT NULL,
  `application_number` varchar(255) DEFAULT NULL,
  `registration_number` varchar(255) DEFAULT NULL,
  `payment_reference` varchar(255) NOT NULL,
  `completed` tinyint(1) DEFAULT 0,
  `amount` varchar(255) DEFAULT NULL,
  `created` datetime DEFAULT NULL,
  `modified` datetime DEFAULT NULL,
  PRIMARY KEY (`id`)
) ENGINE=InnoDB AUTO_INCREMENT=10 DEFAULT CHARSET=latin1;
/*!40101 SET character_set_client = @saved_cs_client */;

--
-- Dumping data for table `application_payments`
--

LOCK TABLES `application_payments` WRITE;
/*!40000 ALTER TABLE `application_payments` DISABLE KEYS */;
INSERT INTO `application_payments` VALUES (1,3,NULL,1,2,'obabayomi@socketworksng.com',NULL,NULL,'TEST/SW/29372123319',1,'9800','2019-08-02 12:33:19','2019-08-02 12:33:19'),(2,9,NULL,4,2,'donmode4u+1234567890@gmail.com',NULL,NULL,'TEST/SW/27922681131',1,'9800','2019-08-26 07:25:55','2019-08-26 07:25:55'),(3,21,NULL,5,2,'kekpenyong@socketworksng.com',NULL,NULL,'TEST/SW/11073141827',1,'9800','2019-09-03 14:18:27','2019-09-03 14:18:27'),(4,23,NULL,6,2,'preoviri@yahoo.com',NULL,NULL,'TEST/SW/344216145127',1,'9800','2019-09-16 14:51:27','2019-09-16 14:51:27'),(5,24,NULL,7,2,'edevbaroc@gmail.com',NULL,NULL,'TEST/SW/249616161546',1,'9800','2019-09-16 16:09:29','2019-09-16 16:09:29'),(6,26,NULL,9,2,'akunle20@gmail.com',NULL,NULL,'TEST/SW/34281712626',1,'9800','2019-09-17 12:06:26','2019-09-17 12:06:26'),(7,29,NULL,11,2,'poviri247@gmail.com',NULL,NULL,'TEST/SW/375624115732',1,'9800','2019-09-24 11:57:32','2019-09-24 11:57:32'),(8,30,NULL,12,2,'osanyinlokunoladiipo+08@gmail.com',NULL,NULL,'TEST/SW/379223142359',1,'9800','2019-10-10 12:29:53','2019-10-10 12:29:53'),(9,48,NULL,20,2,'lola.bolaji@gmail.com',NULL,NULL,'AKSCO/PMT/1280795051',0,'5430','2020-02-07 08:50:39','2020-02-07 08:50:39');
/*!40000 ALTER TABLE `application_payments` ENABLE KEYS */;
UNLOCK TABLES;

--
-- Table structure for table `application_settings`
--

DROP TABLE IF EXISTS `application_settings`;
/*!40101 SET @saved_cs_client     = @@character_set_client */;
/*!40101 SET character_set_client = utf8 */;
CREATE TABLE `application_settings` (
  `id` int(11) NOT NULL AUTO_INCREMENT,
  `name` varchar(255) NOT NULL,
  `value` varchar(255) NOT NULL,
  `created` datetime DEFAULT NULL,
  `modified` datetime DEFAULT NULL,
  PRIMARY KEY (`id`)
) ENGINE=InnoDB AUTO_INCREMENT=14 DEFAULT CHARSET=utf8;
/*!40101 SET character_set_client = @saved_cs_client */;

--
-- Dumping data for table `application_settings`
--

LOCK TABLES `application_settings` WRITE;
/*!40000 ALTER TABLE `application_settings` DISABLE KEYS */;
INSERT INTO `application_settings` VALUES (1,'applicant_password_suffix','PSW',NULL,NULL),(2,'school_suffix','SCK',NULL,NULL),(4,'application_url','http://35.237.74.176/collegeportalv2/app',NULL,NULL),(5,'school_name','Socket University',NULL,NULL),(6,'minimum_subjects','3',NULL,NULL),(7,'minimum_subjects','1',NULL,NULL),(8,'Undergraduate_application_academic_session','2018/2019',NULL,NULL),(9,'PostGraduate_application_academic_session','2018/2019',NULL,NULL),(10,'admission_admin_message','Admitted on merit',NULL,NULL),(12,'direct_entry_id','1',NULL,NULL),(13,'post_utme_id','2',NULL,NULL);
/*!40000 ALTER TABLE `application_settings` ENABLE KEYS */;
UNLOCK TABLES;

--
-- Table structure for table `application_types`
--

DROP TABLE IF EXISTS `application_types`;
/*!40101 SET @saved_cs_client     = @@character_set_client */;
/*!40101 SET character_set_client = utf8 */;
CREATE TABLE `application_types` (
  `id` int(11) NOT NULL AUTO_INCREMENT,
  `title` varchar(100) NOT NULL,
  `created` datetime DEFAULT NULL,
  `modified` datetime DEFAULT NULL,
  PRIMARY KEY (`id`)
) ENGINE=InnoDB AUTO_INCREMENT=5 DEFAULT CHARSET=utf8mb4;
/*!40101 SET character_set_client = @saved_cs_client */;

--
-- Dumping data for table `application_types`
--

LOCK TABLES `application_types` WRITE;
/*!40000 ALTER TABLE `application_types` DISABLE KEYS */;
INSERT INTO `application_types` VALUES (1,'POST UTME','2018-12-19 14:26:51','2018-12-19 14:26:51'),(2,'Undergraduate','2019-03-27 14:48:24','2019-03-27 14:48:24'),(3,'Diploma','2019-03-27 14:48:37','2019-03-27 14:48:37'),(4,'Postgraduate','2019-03-28 07:33:43','2019-03-28 07:33:43');
/*!40000 ALTER TABLE `application_types` ENABLE KEYS */;
UNLOCK TABLES;

--
-- Table structure for table `applications`
--

DROP TABLE IF EXISTS `applications`;
/*!40101 SET @saved_cs_client     = @@character_set_client */;
/*!40101 SET character_set_client = utf8 */;
CREATE TABLE `applications` (
  `id` int(11) NOT NULL AUTO_INCREMENT,
  `registration_number` varchar(50) DEFAULT NULL,
  `user_id` int(11) DEFAULT NULL,
  `last_name` varchar(50) DEFAULT NULL,
  `first_name` varchar(50) DEFAULT NULL,
  `other_names` varchar(50) DEFAULT NULL,
  `maiden_name` varchar(50) DEFAULT NULL,
  `date_of_birth` varchar(50) DEFAULT NULL,
  `gender_id` int(50) DEFAULT NULL,
  `religion_id` int(50) DEFAULT NULL,
  `email` varchar(50) DEFAULT NULL,
  `permanent_address` varchar(500) DEFAULT NULL,
  `next_of_kin_name` varchar(50) DEFAULT NULL,
  `next_of_kin_relationship` varchar(50) DEFAULT NULL,
  `disability` varchar(50) DEFAULT NULL,
  `telephone` varchar(50) DEFAULT NULL,
  `mobile_phone` varchar(50) DEFAULT NULL,
  `picture_url` varchar(255) DEFAULT NULL,
  `picture_size` varchar(100) DEFAULT NULL,
  `picture_type` varchar(100) DEFAULT NULL,
  `postal_address` varchar(500) DEFAULT NULL,
  `curricular_activities` varchar(500) DEFAULT NULL,
  `application_number` varchar(100) DEFAULT NULL,
  `application_type_id` int(11) NOT NULL DEFAULT 0,
  `pin_id` int(11) NOT NULL DEFAULT 0,
  `application_status` int(11) NOT NULL DEFAULT 0,
  `date_submitted` date DEFAULT NULL,
  `admission_status` tinyint(4) NOT NULL DEFAULT 0,
  `administrative_message` longtext DEFAULT NULL,
  `terms_agreed` tinyint(4) NOT NULL DEFAULT 0,
  `attested` tinyint(4) NOT NULL DEFAULT 0,
  `next_of_kin_address` varchar(500) DEFAULT NULL,
  `next_of_kin_telephone` varchar(50) DEFAULT NULL,
  `other_disability` varchar(50) DEFAULT NULL,
  `last_updated` varchar(50) DEFAULT NULL,
  `attester_name` varchar(50) DEFAULT NULL,
  `attester_address` varchar(500) DEFAULT NULL,
  `attester_profession` varchar(50) DEFAULT NULL,
  `attester_email` varchar(50) DEFAULT NULL,
  `attester_phone` varchar(50) DEFAULT NULL,
  `submitted` tinyint(4) NOT NULL DEFAULT 0,
  `attester_position` varchar(50) DEFAULT NULL,
  `current_addressof_place_of_work` varchar(500) DEFAULT NULL,
  `permanent_home_address` varchar(500) DEFAULT NULL,
  `home_town` varchar(50) DEFAULT NULL,
  `full_time` tinyint(4) NOT NULL DEFAULT 0,
  `contact_address_bw_now_and_sept` varchar(500) DEFAULT NULL,
  `is_currently_in_educational_institution` tinyint(4) NOT NULL DEFAULT 0,
  `name_of_current_institution` varchar(150) DEFAULT NULL,
  `course_currently_doing` varchar(50) DEFAULT NULL,
  `means_of_sponsorship` varchar(50) DEFAULT NULL,
  `is_on_scholarship` tinyint(4) NOT NULL DEFAULT 0,
  `name_of_scholarship_donor` varchar(50) DEFAULT NULL,
  `number_of_children` int(11) DEFAULT NULL,
  `proposed_profession_on_completion` varchar(50) DEFAULT NULL,
  `academic_session_id` int(11) DEFAULT NULL,
  `application_payment_id` int(11) DEFAULT NULL,
  `marital_status_id` int(11) DEFAULT NULL,
  `nationality_id` int(11) DEFAULT 1,
  `state_of_origin_id` int(11) DEFAULT NULL,
  `lga_id` int(11) DEFAULT NULL,
  `nysc_year` varchar(50) DEFAULT NULL,
  `nysc_location` varchar(50) DEFAULT NULL,
  `sponsor_address` varchar(500) DEFAULT NULL,
  `mode_of_admission_id` int(11) DEFAULT NULL,
  `country_of_residence` varchar(50) DEFAULT NULL,
  `religious_denomination_id` int(50) DEFAULT NULL,
  `offline_applicant` tinyint(4) NOT NULL DEFAULT 0,
  `misc1` varchar(50) DEFAULT '0',
  `misc2` varchar(50) DEFAULT '0',
  `misc3` varchar(50) DEFAULT '0',
  `misc4` varchar(50) DEFAULT '0',
  `created` datetime DEFAULT NULL,
  `modified` datetime DEFAULT NULL,
  PRIMARY KEY (`id`),
  UNIQUE KEY `registration_number` (`registration_number`),
  UNIQUE KEY `application_number` (`application_number`)
) ENGINE=InnoDB AUTO_INCREMENT=21 DEFAULT CHARSET=utf8mb4;
/*!40101 SET character_set_client = @saved_cs_client */;

--
-- Dumping data for table `applications`
--

LOCK TABLES `applications` WRITE;
/*!40000 ALTER TABLE `applications` DISABLE KEYS */;
INSERT INTO `applications` VALUES (1,NULL,3,'Precious','Ovr','Bola',NULL,NULL,NULL,NULL,'obabayomi@socketworksng.com',NULL,NULL,NULL,NULL,NULL,NULL,NULL,NULL,NULL,NULL,NULL,'SCK75142123042',2,0,1,NULL,0,NULL,0,0,NULL,NULL,NULL,NULL,NULL,NULL,NULL,NULL,NULL,0,NULL,NULL,NULL,NULL,0,NULL,0,NULL,NULL,NULL,0,NULL,NULL,NULL,2,NULL,NULL,1,NULL,NULL,NULL,NULL,NULL,2,NULL,NULL,0,'0','0','0','0','2019-08-02 12:30:42','2019-08-02 12:30:42'),(2,'12345678AA',4,'Lola','Bolaji','Chuka',NULL,'1990/10/01',1,NULL,'obabayomi+1@socketworksng.com',NULL,NULL,NULL,NULL,NULL,NULL,NULL,NULL,NULL,NULL,NULL,'SCK9940212567',1,0,1,NULL,0,NULL,0,0,NULL,NULL,NULL,NULL,NULL,NULL,NULL,NULL,NULL,0,NULL,NULL,NULL,NULL,0,NULL,0,NULL,NULL,NULL,0,NULL,NULL,NULL,2,NULL,NULL,1,2,NULL,NULL,NULL,NULL,1,NULL,NULL,0,'0','0','0','0','2019-08-02 12:53:54','2019-08-02 12:56:08'),(3,NULL,8,'Larry Kane','McTin','Woods',NULL,NULL,NULL,NULL,'larrywoods@kane.tin',NULL,NULL,NULL,NULL,NULL,NULL,NULL,NULL,NULL,NULL,NULL,'SCK36912671357',2,0,1,NULL,0,NULL,0,0,NULL,NULL,NULL,NULL,NULL,NULL,NULL,NULL,NULL,0,NULL,NULL,NULL,NULL,0,NULL,0,NULL,NULL,NULL,0,NULL,NULL,NULL,2,NULL,NULL,1,NULL,NULL,NULL,NULL,NULL,2,NULL,NULL,0,'0','0','0','0','2019-08-26 07:13:56','2019-08-26 07:13:57'),(4,NULL,9,'Osanyinlokun','Oladiipo','Ernest','','',1,1,'donmode4u+1234567890@gmail.com','','','','',NULL,'','http://154.113.1.142:8080/collegeportalv2/files/applications/osanyinlokun-oladiipo276429225.jpg','187.19 KB','image/jpeg','','','SCK20952671527',2,0,6,'2019-09-02',1,'Admitted on merit',1,0,'','',NULL,'2019-09-02','','','','','',1,'',NULL,NULL,'',0,NULL,0,NULL,NULL,'',0,'',NULL,NULL,2,NULL,NULL,1,1,1,'','','',1,'Nigeria',1,0,'0','0','0','0','2019-08-26 07:15:27','2019-09-02 09:13:08'),(5,NULL,21,'Doe','John','Dolapo','','06/12/1977',1,1,'kekpenyong@socketworksng.com','','','','',NULL,'','http://154.113.1.142:8080/collegeportalv2/files/applications/doe-john54033142255.png','10.55 KB','image/png','','','SCK88923141723',2,0,6,'2019-09-03',1,' Admitted',1,0,'','',NULL,'2019-09-03','','','','','',1,'',NULL,NULL,'',0,NULL,0,NULL,NULL,'',0,'',NULL,NULL,2,NULL,1,1,3,12,'','','',1,'Nigeria',1,0,'0','0','0','0','2019-09-03 14:17:22','2019-09-03 14:24:42'),(6,NULL,23,'OHWOVORIOLE','Ifunnaya','nee','JUWE','09/24/2019',1,1,'preoviri@yahoo.com','UNIBEN','','','NIL',NULL,'08038415061','http://154.113.1.142:8080/collegeportalv2/files/applications/ohwovoriole-ifunnaya582116145519.jpeg','9.99 KB','image/jpeg','UNIBEN','','SCK191416144147',2,0,6,'2019-09-16',1,'Admitted',1,0,'','',NULL,'2019-09-16','','','','','',1,'',NULL,NULL,'UGHELLI',0,NULL,0,NULL,NULL,'',0,'',3,NULL,2,NULL,1,1,1,1,'2017','ENUGU','',1,'Nigeria',1,0,'0','0','0','0','2019-09-16 14:41:47','2019-09-16 15:28:01'),(7,NULL,24,'EDEVBARO','CHRISTOPHER','OSAHON','','01/25/1996',1,1,'edevbaroc@gmail.com','pussy town','davido obo','friend','nil',NULL,'1234567890','http://154.113.1.142:8080/collegeportalv2/files/applications/edevbaro-christopher884916162324.jpg','22.09 KB','image/jpeg','','trap','SCK57171616623',2,0,6,'2019-09-16',1,' ',1,0,'v.i lasgidi','1345688900',NULL,'2019-09-16','davido obo','v.i lasgidi','pussy nigga','name@domain.com','1245678900',1,'cmd',NULL,NULL,'epe ',0,NULL,0,NULL,NULL,'parent',0,'',NULL,NULL,2,NULL,1,1,2,7,'','','pussy town',2,'Nigeria',2,0,'0','0','0','0','2019-09-16 16:06:23','2019-09-17 13:59:49'),(8,NULL,25,'ADE','FEMI','OLA',NULL,NULL,NULL,NULL,'OLAFEMI@GMAIL.COM',NULL,NULL,NULL,NULL,NULL,NULL,NULL,NULL,NULL,NULL,NULL,'SCK69041712132',2,0,1,NULL,0,NULL,0,0,NULL,NULL,NULL,NULL,NULL,NULL,NULL,NULL,NULL,0,NULL,NULL,NULL,NULL,0,NULL,0,NULL,NULL,NULL,0,NULL,NULL,NULL,2,NULL,NULL,1,NULL,NULL,NULL,NULL,NULL,2,NULL,NULL,0,'0','0','0','0','2019-09-17 12:01:32','2019-09-17 12:01:32'),(9,NULL,26,'ADE','FEMI','OLA','','07/16/1986',1,1,'akunle20@gmail.com','ABUJA','','','',NULL,'08033284755',NULL,NULL,NULL,'NIL','','SCK21251712433',2,0,3,NULL,0,NULL,0,0,'','',NULL,'2019-09-17','','','','','',0,'',NULL,NULL,'OKENE',0,NULL,0,NULL,NULL,'',0,'',1,NULL,2,NULL,2,1,6,16,'','','',2,'Nigeria',3,0,'0','0','0','0','2019-09-17 12:04:33','2019-09-17 12:12:11'),(10,NULL,28,'Obrike','Mary','patrick',NULL,NULL,NULL,NULL,'makangbou@gmail.com',NULL,NULL,NULL,NULL,NULL,NULL,NULL,NULL,NULL,NULL,NULL,'SCK63031885442',2,0,1,NULL,0,NULL,0,0,NULL,NULL,NULL,NULL,NULL,NULL,NULL,NULL,NULL,0,NULL,NULL,NULL,NULL,0,NULL,0,NULL,NULL,NULL,0,NULL,NULL,NULL,2,NULL,NULL,1,NULL,NULL,NULL,NULL,NULL,1,NULL,NULL,0,'0','0','0','0','2019-09-18 08:54:42','2019-09-18 08:54:42'),(11,NULL,29,'OHWOVORIOLE','PRECIOUS','','','',2,1,'poviri247@gmail.com','','','','',NULL,'08038415061','http://154.113.1.142:8080/collegeportalv2/files/applications/ohwovoriole-precious75482412342.jpg','7.64 KB','image/jpeg','','','SCK885924114933',2,0,6,'2019-09-24',1,' Admitted',1,0,'','',NULL,'2019-09-24','','','','','',1,'',NULL,NULL,'',0,NULL,0,NULL,NULL,'',0,'',NULL,NULL,2,NULL,NULL,1,6,16,'2017','ENUGU','',1,'Nigeria',NULL,0,'0','0','0','0','2019-09-24 11:49:32','2019-09-24 12:07:40'),(12,NULL,30,'Oladipupo','Ernest','J','','',1,3,'osanyinlokunoladiipo+08@gmail.com','','','','',NULL,'','http://154.113.1.142:8080/webroot/files/applications/oladipupo-ernest85772994132.png','155.18 KB','image/png','','','SCK181610122750',2,0,6,'2019-10-30',0,NULL,1,0,'','',NULL,'2019-10-30','','','','','',1,'',NULL,NULL,'',0,NULL,0,NULL,NULL,'',0,'',NULL,NULL,2,NULL,2,1,3,13,'','','',1,'Nigeria',5,0,'0','0','0','0','2019-10-10 12:27:50','2019-10-30 11:21:42'),(13,NULL,31,'dsa','dsa','dsa',NULL,NULL,NULL,NULL,'dsaklm@jknmdas.cc',NULL,NULL,NULL,NULL,NULL,NULL,NULL,NULL,NULL,NULL,NULL,'SCK359910204016',2,0,1,NULL,0,NULL,0,0,NULL,NULL,NULL,NULL,NULL,NULL,NULL,NULL,NULL,0,NULL,NULL,NULL,NULL,0,NULL,0,NULL,NULL,NULL,0,NULL,NULL,NULL,2,NULL,NULL,1,NULL,NULL,NULL,NULL,NULL,1,NULL,NULL,0,'0','0','0','0','2019-11-10 20:40:16','2019-11-10 20:40:16'),(14,NULL,NULL,'Oladipupo','Ernest','O',NULL,NULL,NULL,NULL,'donmode4test+001@gmail.com',NULL,NULL,NULL,NULL,NULL,NULL,NULL,NULL,NULL,NULL,NULL,NULL,2,0,0,NULL,0,NULL,0,0,NULL,NULL,NULL,NULL,NULL,NULL,NULL,NULL,NULL,0,NULL,NULL,NULL,NULL,0,NULL,0,NULL,NULL,NULL,0,NULL,NULL,NULL,NULL,NULL,NULL,1,NULL,NULL,NULL,NULL,NULL,1,NULL,NULL,0,'0','0','0','0','2019-11-27 08:25:21','2019-11-27 08:25:21'),(15,NULL,37,'Bush','Goerge','',NULL,NULL,NULL,NULL,'donmode4test+009@gmail.com',NULL,NULL,NULL,NULL,NULL,NULL,NULL,NULL,NULL,NULL,NULL,'SCK59092791235',2,0,1,NULL,0,NULL,0,0,NULL,NULL,NULL,NULL,NULL,NULL,NULL,NULL,NULL,0,NULL,NULL,NULL,NULL,0,NULL,0,NULL,NULL,NULL,0,NULL,NULL,NULL,NULL,NULL,NULL,1,NULL,NULL,NULL,NULL,NULL,1,NULL,NULL,0,'0','0','0','0','2019-11-27 09:12:35','2019-11-27 09:12:35'),(16,NULL,42,'Iloeje','Ikenna','Oke',NULL,NULL,NULL,NULL,'iiloeje@orobo.com',NULL,NULL,NULL,NULL,NULL,NULL,NULL,NULL,NULL,NULL,NULL,'SCK831823113521',2,0,1,NULL,0,NULL,0,0,NULL,NULL,NULL,NULL,NULL,NULL,NULL,NULL,NULL,0,NULL,NULL,NULL,NULL,0,NULL,0,NULL,NULL,NULL,0,NULL,NULL,NULL,NULL,NULL,NULL,1,NULL,NULL,NULL,NULL,NULL,2,NULL,NULL,0,'0','0','0','0','2020-01-23 11:35:21','2020-01-23 11:35:22'),(17,NULL,NULL,'Akinbode','Faaji ','Lola',NULL,NULL,NULL,NULL,'mnegbenose@socketworksng.com',NULL,NULL,NULL,NULL,NULL,NULL,NULL,NULL,NULL,NULL,NULL,NULL,2,0,0,NULL,0,NULL,0,0,NULL,NULL,NULL,NULL,NULL,NULL,NULL,NULL,NULL,0,NULL,NULL,NULL,NULL,0,NULL,0,NULL,NULL,NULL,0,NULL,NULL,NULL,NULL,NULL,NULL,1,NULL,NULL,NULL,NULL,NULL,2,NULL,NULL,0,'0','0','0','0','2020-02-06 10:11:23','2020-02-06 10:11:23'),(18,NULL,45,'Akinbode','Faaji ','Lola',NULL,NULL,NULL,NULL,'mnegbenose+345@socketworksng.com',NULL,NULL,NULL,NULL,NULL,NULL,NULL,NULL,NULL,NULL,NULL,'SCK25636101352',1,0,1,NULL,0,NULL,0,0,NULL,NULL,NULL,NULL,NULL,NULL,NULL,NULL,NULL,0,NULL,NULL,NULL,NULL,0,NULL,0,NULL,NULL,NULL,0,NULL,NULL,NULL,NULL,NULL,NULL,1,NULL,NULL,NULL,NULL,NULL,2,NULL,NULL,0,'0','0','0','0','2020-02-06 10:13:52','2020-02-06 10:13:53'),(19,NULL,46,'Moses','Mose','Joel',NULL,NULL,NULL,NULL,'aonwuegbuchi@socketworksng.com',NULL,NULL,NULL,NULL,NULL,NULL,NULL,NULL,NULL,NULL,NULL,'SCK75596135022',1,0,1,NULL,0,NULL,0,0,NULL,NULL,NULL,NULL,NULL,NULL,NULL,NULL,NULL,0,NULL,NULL,NULL,NULL,0,NULL,0,NULL,NULL,NULL,0,NULL,NULL,NULL,NULL,NULL,NULL,1,NULL,NULL,NULL,NULL,NULL,2,NULL,NULL,0,'0','0','0','0','2020-02-06 13:50:21','2020-02-06 13:50:22'),(20,NULL,48,'Lola','Lola','Lola',NULL,NULL,NULL,NULL,'lola.bolaji@gmail.com',NULL,NULL,NULL,NULL,NULL,NULL,NULL,NULL,NULL,NULL,NULL,'SCK586278458',1,0,1,NULL,0,NULL,0,0,NULL,NULL,NULL,NULL,NULL,NULL,NULL,NULL,NULL,0,NULL,NULL,NULL,NULL,0,NULL,0,NULL,NULL,NULL,0,NULL,NULL,NULL,2,NULL,NULL,1,NULL,NULL,NULL,NULL,NULL,2,NULL,NULL,0,'0','0','0','0','2020-02-07 08:45:08','2020-02-07 08:45:09');
/*!40000 ALTER TABLE `applications` ENABLE KEYS */;
UNLOCK TABLES;

--
-- Table structure for table `aros`
--

DROP TABLE IF EXISTS `aros`;
/*!40101 SET @saved_cs_client     = @@character_set_client */;
/*!40101 SET character_set_client = utf8 */;
CREATE TABLE `aros` (
  `id` int(11) NOT NULL AUTO_INCREMENT,
  `parent_id` int(11) DEFAULT NULL,
  `model` varchar(255) DEFAULT NULL,
  `foreign_key` int(11) DEFAULT NULL,
  `alias` varchar(255) DEFAULT NULL,
  `lft` int(11) DEFAULT NULL,
  `rght` int(11) DEFAULT NULL,
  PRIMARY KEY (`id`),
  KEY `lft` (`lft`,`rght`),
  KEY `alias` (`alias`)
) ENGINE=InnoDB AUTO_INCREMENT=155 DEFAULT CHARSET=utf8;
/*!40101 SET character_set_client = @saved_cs_client */;

--
-- Dumping data for table `aros`
--

LOCK TABLES `aros` WRITE;
/*!40000 ALTER TABLE `aros` DISABLE KEYS */;
INSERT INTO `aros` VALUES (1,NULL,'Groups',1,'SocketWorks',1,20),(2,NULL,'Groups',2,'School',21,292),(3,1,'Roles',1,'Super Administrator',2,15),(4,2,'Roles',2,'Student',22,57),(5,2,'Roles',3,'School Administrator',58,59),(6,2,'Roles',4,'Applicant',60,135),(7,3,'Users',1,'superadmin',3,4),(10,6,'Users',4,NULL,61,62),(13,4,'Users',7,NULL,31,32),(14,6,'Users',8,NULL,63,64),(15,6,'Users',9,NULL,65,66),(16,6,'Users',10,NULL,67,68),(17,6,'Users',11,NULL,69,70),(18,6,'Users',12,NULL,71,72),(19,2,'Roles',5,NULL,136,291),(20,19,'Users',13,NULL,137,138),(21,19,'Users',14,NULL,139,140),(22,19,'Users',15,NULL,141,142),(23,19,'users',16,NULL,143,144),(24,19,'users',17,NULL,145,146),(25,6,'Users',18,NULL,73,74),(26,6,'Users',19,NULL,75,76),(27,6,'Users',20,NULL,77,78),(28,6,'Users',21,NULL,79,80),(29,6,'Users',22,NULL,81,82),(30,4,'users',23,NULL,37,38),(31,19,'users',24,NULL,147,148),(32,6,'Users',25,NULL,83,84),(33,6,'users',26,NULL,85,86),(34,19,'users',27,NULL,149,150),(35,19,'users',28,NULL,151,152),(36,6,'Users',29,NULL,87,88),(37,6,'Users',30,NULL,89,90),(38,6,'Users',31,NULL,91,92),(42,6,'Users',35,NULL,93,94),(43,6,'Users',36,NULL,95,96),(44,6,'Users',37,NULL,97,98),(45,19,'users',38,NULL,153,154),(46,4,'Users',39,NULL,49,50),(47,4,'Users',40,NULL,47,48),(48,6,'Users',41,NULL,99,100),(49,19,'users',42,NULL,155,156),(50,6,'Users',43,NULL,101,102),(51,19,'users',44,NULL,157,158),(52,19,'users',45,NULL,159,160),(53,19,'Users',46,NULL,161,162),(54,19,'Users',47,NULL,163,164),(55,19,'Users',48,NULL,165,166),(56,19,'Users',49,NULL,167,168),(57,19,'Users',50,NULL,169,170),(58,19,'Users',51,NULL,171,172),(59,19,'Users',52,NULL,173,174),(60,19,'Users',53,NULL,175,176),(61,19,'Users',54,NULL,177,178),(62,19,'Users',55,NULL,179,180),(63,19,'Users',56,NULL,181,182),(64,19,'Users',57,NULL,183,184),(65,19,'Users',58,NULL,185,186),(66,19,'Users',59,NULL,187,188),(67,19,'Users',60,NULL,189,190),(68,19,'Users',61,NULL,191,192),(69,19,'Users',62,NULL,193,194),(70,19,'Users',63,NULL,195,196),(71,19,'Users',64,NULL,197,198),(72,19,'Users',65,NULL,199,200),(73,19,'Users',66,NULL,201,202),(74,19,'Users',67,NULL,203,204),(75,19,'Users',68,NULL,205,206),(76,19,'Users',69,NULL,207,208),(77,19,'Users',70,NULL,209,210),(78,19,'Users',71,NULL,211,212),(79,19,'Users',72,NULL,213,214),(80,19,'Users',73,NULL,215,216),(81,19,'Users',74,NULL,217,218),(82,19,'Users',75,NULL,219,220),(83,19,'Users',76,NULL,221,222),(84,4,'users',77,NULL,23,24),(85,19,'Users',78,NULL,223,224),(86,19,'Users',79,NULL,225,226),(87,19,'Users',80,NULL,227,228),(88,19,'Users',81,NULL,229,230),(89,4,'users',82,NULL,25,26),(90,19,'Users',83,NULL,231,232),(91,19,'Users',84,NULL,233,234),(92,19,'Users',85,NULL,235,236),(93,19,'Users',86,NULL,237,238),(94,19,'Users',87,NULL,239,240),(95,19,'Users',88,NULL,241,242),(96,19,'Users',89,NULL,243,244),(97,19,'Users',90,NULL,245,246),(98,19,'Users',91,NULL,247,248),(99,19,'Users',92,NULL,249,250),(100,19,'Users',93,NULL,251,252),(101,19,'users',94,NULL,253,254),(102,19,'users',95,NULL,255,256),(103,19,'users',96,NULL,257,258),(104,19,'users',97,NULL,259,260),(105,19,'users',98,NULL,261,262),(106,6,'Users',99,NULL,103,104),(107,6,'Users',100,NULL,105,106),(108,6,'Users',3,NULL,107,108),(109,6,'Users',4,NULL,109,110),(110,4,'Users',5,NULL,27,28),(112,4,'Users',7,NULL,29,30),(113,6,'Users',8,NULL,111,112),(114,19,'users',9,NULL,285,286),(115,19,'Users',10,NULL,263,264),(116,19,'Users',11,NULL,265,266),(117,19,'Users',12,NULL,267,268),(118,19,'Users',13,NULL,269,270),(119,19,'Users',14,NULL,271,272),(120,19,'Users',15,NULL,273,274),(121,19,'Users',16,NULL,275,276),(122,19,'Users',17,NULL,277,278),(123,19,'Users',18,NULL,279,280),(124,19,'Users',19,NULL,281,282),(125,19,'Users',20,NULL,283,284),(126,4,'users',21,NULL,33,34),(127,19,'Users',22,NULL,287,288),(128,4,'users',23,NULL,35,36),(129,6,'Users',24,NULL,113,114),(130,6,'Users',25,NULL,115,116),(131,6,'Users',26,NULL,117,118),(132,19,'Users',27,NULL,289,290),(133,6,'Users',28,NULL,119,120),(134,4,'users',29,NULL,39,40),(135,6,'Users',30,NULL,121,122),(136,6,'Users',31,NULL,123,124),(137,3,'Users',32,NULL,5,6),(138,3,'Users',33,NULL,7,8),(139,3,'Users',34,NULL,9,10),(140,3,'Users',35,NULL,11,12),(141,3,'Users',36,NULL,13,14),(142,6,'Users',37,NULL,125,126),(143,4,'Users',38,NULL,41,42),(144,4,'Users',39,NULL,43,44),(145,4,'Users',40,NULL,45,46),(146,1,'Roles',6,NULL,16,19),(147,146,'Users',41,NULL,17,18),(148,6,'Users',42,NULL,127,128),(149,4,'Users',43,NULL,51,52),(150,4,'Users',44,NULL,53,54),(151,6,'Users',45,NULL,129,130),(152,6,'Users',46,NULL,131,132),(153,4,'Users',47,NULL,55,56),(154,6,'Users',48,NULL,133,134);
/*!40000 ALTER TABLE `aros` ENABLE KEYS */;
UNLOCK TABLES;

--
-- Table structure for table `aros_acos`
--

DROP TABLE IF EXISTS `aros_acos`;
/*!40101 SET @saved_cs_client     = @@character_set_client */;
/*!40101 SET character_set_client = utf8 */;
CREATE TABLE `aros_acos` (
  `id` int(11) NOT NULL AUTO_INCREMENT,
  `aro_id` int(11) NOT NULL,
  `aco_id` int(11) NOT NULL,
  `_create` varchar(2) NOT NULL DEFAULT '0',
  `_read` varchar(2) NOT NULL DEFAULT '0',
  `_update` varchar(2) NOT NULL DEFAULT '0',
  `_delete` varchar(2) NOT NULL DEFAULT '0',
  PRIMARY KEY (`id`),
  UNIQUE KEY `aro_id` (`aro_id`,`aco_id`),
  KEY `aco_id` (`aco_id`)
) ENGINE=InnoDB AUTO_INCREMENT=114 DEFAULT CHARSET=utf8;
/*!40101 SET character_set_client = @saved_cs_client */;

--
-- Dumping data for table `aros_acos`
--

LOCK TABLES `aros_acos` WRITE;
/*!40000 ALTER TABLE `aros_acos` DISABLE KEYS */;
INSERT INTO `aros_acos` VALUES (1,7,1,'1','1','1','1'),(2,6,1,'0','0','0','0'),(3,6,3,'0','0','0','0'),(4,6,4,'0','0','0','0'),(5,6,194,'1','1','1','1'),(6,6,195,'1','1','1','1'),(7,6,196,'1','1','1','1'),(8,6,259,'0','0','0','0'),(9,6,260,'0','0','0','0'),(10,6,261,'1','1','1','1'),(11,6,322,'1','1','1','1'),(12,6,329,'1','1','1','1'),(13,6,330,'1','1','1','1'),(14,6,331,'1','1','1','1'),(15,6,439,'1','1','1','1'),(16,6,443,'1','1','1','1'),(17,6,126,'1','1','1','1'),(18,6,127,'1','1','1','1'),(19,6,128,'1','1','1','1'),(20,6,132,'1','1','1','1'),(21,6,277,'1','1','1','1'),(22,6,39,'1','1','1','1'),(23,6,46,'1','1','1','1'),(24,6,47,'1','1','1','1'),(25,6,180,'1','1','1','1'),(26,6,187,'1','1','1','1'),(27,6,472,'1','1','1','1'),(28,19,47,'1','1','1','1'),(29,19,126,'1','1','1','1'),(30,19,127,'1','1','1','1'),(31,19,128,'1','1','1','1'),(32,19,259,'1','1','1','1'),(33,19,260,'1','1','1','1'),(34,19,261,'1','1','1','1'),(35,19,262,'1','1','1','1'),(36,19,308,'1','1','1','1'),(37,19,310,'1','1','1','1'),(38,19,514,'1','1','1','1'),(39,19,515,'1','1','1','1'),(40,19,330,'1','1','1','1'),(41,19,521,'1','1','1','1'),(42,19,476,'1','1','1','1'),(43,19,477,'1','1','1','1'),(44,19,478,'1','1','1','1'),(45,19,479,'1','1','1','1'),(46,19,502,'1','1','1','1'),(47,19,503,'1','1','1','1'),(48,19,508,'1','1','1','1'),(49,19,509,'1','1','1','1'),(50,19,524,'1','1','1','1'),(51,19,525,'1','1','1','1'),(52,6,520,'1','1','1','1'),(53,19,520,'1','1','1','1'),(54,19,538,'1','1','1','1'),(55,19,540,'1','1','1','1'),(56,19,541,'1','1','1','1'),(57,19,542,'1','1','1','1'),(58,19,543,'1','1','1','1'),(59,6,129,'1','1','1','1'),(60,6,197,'1','1','1','1'),(61,4,589,'1','1','1','1'),(62,4,590,'1','1','1','1'),(63,4,49,'1','1','1','1'),(64,4,47,'1','1','1','1'),(65,4,598,'1','1','1','1'),(66,4,177,'1','1','1','1'),(67,4,178,'1','1','1','1'),(68,4,179,'1','1','1','1'),(69,6,181,'1','1','1','1'),(70,6,524,'1','1','1','1'),(71,4,182,'1','1','1','1'),(72,4,186,'1','1','1','1'),(73,4,600,'1','1','1','1'),(74,4,601,'1','1','1','1'),(75,4,602,'1','1','1','1'),(76,4,603,'1','1','1','1'),(77,4,606,'1','1','1','1'),(78,4,619,'1','1','1','1'),(79,6,619,'1','1','1','1'),(80,19,619,'1','1','1','1'),(81,6,622,'1','1','1','1'),(82,6,623,'1','1','1','1'),(83,19,622,'1','1','1','1'),(84,19,623,'1','1','1','1'),(85,5,622,'1','1','1','1'),(86,5,623,'1','1','1','1'),(87,4,622,'1','1','1','1'),(88,4,623,'1','1','1','1'),(89,4,91,'1','1','1','1'),(90,4,89,'1','1','1','1'),(91,3,1,'1','1','1','1'),(92,5,618,'0','0','0','0'),(93,5,1,'1','1','1','1'),(94,5,14,'-1','-1','-1','-1'),(95,5,63,'-1','-1','-1','-1'),(96,5,166,'-1','-1','-1','-1'),(97,5,168,'-1','-1','-1','-1'),(98,5,212,'-1','-1','-1','-1'),(99,5,295,'-1','-1','-1','-1'),(100,5,339,'-1','-1','-1','-1'),(101,5,437,'-1','-1','-1','-1'),(102,5,438,'-1','-1','-1','-1'),(103,146,40,'0','0','0','0'),(104,146,46,'1','1','1','1'),(105,146,47,'1','1','1','1'),(106,146,49,'1','1','1','1'),(107,146,620,'1','1','1','1'),(108,146,621,'1','1','1','1'),(109,146,622,'1','1','1','1'),(110,146,623,'1','1','1','1'),(111,146,87,'1','1','1','1'),(112,4,879,'1','1','1','1'),(113,4,899,'1','1','1','1');
/*!40000 ALTER TABLE `aros_acos` ENABLE KEYS */;
UNLOCK TABLES;

--
-- Table structure for table `audit_trails`
--

DROP TABLE IF EXISTS `audit_trails`;
/*!40101 SET @saved_cs_client     = @@character_set_client */;
/*!40101 SET character_set_client = utf8 */;
CREATE TABLE `audit_trails` (
  `id` int(11) NOT NULL AUTO_INCREMENT,
  `information` varchar(255) DEFAULT NULL,
  `username` varchar(255) DEFAULT NULL,
  `user_id` int(11) DEFAULT NULL,
  `created` datetime DEFAULT NULL,
  `modified` datetime DEFAULT NULL,
  PRIMARY KEY (`id`)
) ENGINE=InnoDB DEFAULT CHARSET=latin1;
/*!40101 SET character_set_client = @saved_cs_client */;

--
-- Dumping data for table `audit_trails`
--

LOCK TABLES `audit_trails` WRITE;
/*!40000 ALTER TABLE `audit_trails` DISABLE KEYS */;
/*!40000 ALTER TABLE `audit_trails` ENABLE KEYS */;
UNLOCK TABLES;

--
-- Table structure for table `batch_of_approvals`
--

DROP TABLE IF EXISTS `batch_of_approvals`;
/*!40101 SET @saved_cs_client     = @@character_set_client */;
/*!40101 SET character_set_client = utf8 */;
CREATE TABLE `batch_of_approvals` (
  `id` int(11) NOT NULL AUTO_INCREMENT,
  `name_of_uploader` varchar(50) DEFAULT NULL,
  `date_uploaded` varchar(50) DEFAULT NULL,
  `batch_number` varchar(50) DEFAULT NULL,
  `uploaded` tinyint(4) DEFAULT NULL,
  `upload_error` tinyint(4) DEFAULT NULL,
  `created` datetime DEFAULT NULL,
  `modified` datetime DEFAULT NULL,
  PRIMARY KEY (`id`)
) ENGINE=InnoDB DEFAULT CHARSET=utf8mb4;
/*!40101 SET character_set_client = @saved_cs_client */;

--
-- Dumping data for table `batch_of_approvals`
--

LOCK TABLES `batch_of_approvals` WRITE;
/*!40000 ALTER TABLE `batch_of_approvals` DISABLE KEYS */;
/*!40000 ALTER TABLE `batch_of_approvals` ENABLE KEYS */;
UNLOCK TABLES;

--
-- Table structure for table `billings`
--

DROP TABLE IF EXISTS `billings`;
/*!40101 SET @saved_cs_client     = @@character_set_client */;
/*!40101 SET character_set_client = utf8 */;
CREATE TABLE `billings` (
  `id` int(11) NOT NULL AUTO_INCREMENT,
  `student_id` int(11) DEFAULT NULL,
  `fee_type_item_id` int(11) DEFAULT NULL,
  `academic_session_id` int(11) DEFAULT NULL,
  `created` datetime DEFAULT NULL,
  `modified` datetime DEFAULT NULL,
  `paid` tinyint(1) DEFAULT 0,
  `installment_item` tinyint(1) DEFAULT 0,
  PRIMARY KEY (`id`)
) ENGINE=InnoDB AUTO_INCREMENT=10 DEFAULT CHARSET=latin1;
/*!40101 SET character_set_client = @saved_cs_client */;

--
-- Dumping data for table `billings`
--

LOCK TABLES `billings` WRITE;
/*!40000 ALTER TABLE `billings` DISABLE KEYS */;
INSERT INTO `billings` VALUES (4,11,24,3,'2020-01-14 07:06:19','2020-01-14 07:06:19',0,0),(5,11,25,3,'2020-01-14 07:06:19','2020-01-14 07:06:19',0,0),(6,11,26,3,'2020-01-14 07:06:19','2020-01-14 07:06:19',0,0),(7,14,34,3,'2020-01-23 12:29:06','2020-01-23 12:29:06',0,0),(8,15,34,3,'2020-02-04 10:01:00','2020-02-04 10:01:00',1,0),(9,16,34,3,'2020-02-06 14:15:55','2020-02-06 14:15:55',0,0);
/*!40000 ALTER TABLE `billings` ENABLE KEYS */;
UNLOCK TABLES;

--
-- Table structure for table `campuses`
--

DROP TABLE IF EXISTS `campuses`;
/*!40101 SET @saved_cs_client     = @@character_set_client */;
/*!40101 SET character_set_client = utf8 */;
CREATE TABLE `campuses` (
  `id` int(11) NOT NULL AUTO_INCREMENT,
  `name` varchar(50) NOT NULL,
  `created` date NOT NULL,
  `modified` date NOT NULL,
  PRIMARY KEY (`id`)
) ENGINE=InnoDB AUTO_INCREMENT=7 DEFAULT CHARSET=latin1;
/*!40101 SET character_set_client = @saved_cs_client */;

--
-- Dumping data for table `campuses`
--

LOCK TABLES `campuses` WRITE;
/*!40000 ALTER TABLE `campuses` DISABLE KEYS */;
INSERT INTO `campuses` VALUES (1,'Main Campus','2018-12-19','2018-12-19'),(2,'Mini Campus','2018-12-19','2018-12-19'),(3,'Distance Learning Campus','2019-04-24','2019-04-24'),(4,'Old Campus','2019-05-10','2019-05-10'),(6,'new','2019-08-26','2019-08-26');
/*!40000 ALTER TABLE `campuses` ENABLE KEYS */;
UNLOCK TABLES;

--
-- Table structure for table `candidate_clearance_items`
--

DROP TABLE IF EXISTS `candidate_clearance_items`;
/*!40101 SET @saved_cs_client     = @@character_set_client */;
/*!40101 SET character_set_client = utf8 */;
CREATE TABLE `candidate_clearance_items` (
  `id` int(10) NOT NULL AUTO_INCREMENT,
  `checked` tinyint(1) NOT NULL DEFAULT 0,
  `clearance_item_url` text NOT NULL,
  `student_id` int(11) DEFAULT NULL,
  `clearance_item_id` int(10) NOT NULL,
  `admitted_candidate_id` int(10) NOT NULL,
  `clearance_item_data` blob DEFAULT NULL,
  `clearance_item_type` text DEFAULT NULL,
  `application_id` int(10) DEFAULT NULL,
  PRIMARY KEY (`id`)
) ENGINE=InnoDB AUTO_INCREMENT=5 DEFAULT CHARSET=latin1;
/*!40101 SET character_set_client = @saved_cs_client */;

--
-- Dumping data for table `candidate_clearance_items`
--

LOCK TABLES `candidate_clearance_items` WRITE;
/*!40000 ALTER TABLE `candidate_clearance_items` DISABLE KEYS */;
INSERT INTO `candidate_clearance_items` VALUES (1,0,'http://154.113.1.142:8080/collegeportalv2/webroot\\files\\clearance\\Test_Test20824113439.png',NULL,1,5,NULL,NULL,NULL),(2,0,'http://154.113.1.142:8080/collegeportalv2/webroot\\files\\clearance\\Test_Test89094113439.png',NULL,2,5,NULL,NULL,NULL),(3,0,'http://154.113.1.142:8080/collegeportalv2/webroot\\files\\clearance\\PRECIOUS_OHWOVORIOLE88492412466.jpg',NULL,1,10,NULL,NULL,NULL),(4,0,'http://154.113.1.142:8080/collegeportalv2/webroot\\files\\clearance\\PRECIOUS_OHWOVORIOLE495324124629.jpg',NULL,1,10,NULL,NULL,NULL);
/*!40000 ALTER TABLE `candidate_clearance_items` ENABLE KEYS */;
UNLOCK TABLES;

--
-- Table structure for table `categories`
--

DROP TABLE IF EXISTS `categories`;
/*!40101 SET @saved_cs_client     = @@character_set_client */;
/*!40101 SET character_set_client = utf8 */;
CREATE TABLE `categories` (
  `id` int(11) NOT NULL AUTO_INCREMENT,
  `parent_id` int(11) DEFAULT NULL,
  `lft` int(11) DEFAULT NULL,
  `rght` int(11) DEFAULT NULL,
  `name` varchar(255) COLLATE utf8_unicode_ci NOT NULL,
  `slug` varchar(255) COLLATE utf8_unicode_ci NOT NULL,
  `description` varchar(255) COLLATE utf8_unicode_ci DEFAULT NULL,
  `public` tinyint(1) NOT NULL DEFAULT 0,
  `created` datetime NOT NULL,
  `modified` datetime DEFAULT NULL,
  PRIMARY KEY (`id`),
  UNIQUE KEY `slug` (`slug`)
) ENGINE=InnoDB DEFAULT CHARSET=utf8 COLLATE=utf8_unicode_ci;
/*!40101 SET character_set_client = @saved_cs_client */;

--
-- Dumping data for table `categories`
--

LOCK TABLES `categories` WRITE;
/*!40000 ALTER TABLE `categories` DISABLE KEYS */;
/*!40000 ALTER TABLE `categories` ENABLE KEYS */;
UNLOCK TABLES;

--
-- Table structure for table `clearance_fees`
--

DROP TABLE IF EXISTS `clearance_fees`;
/*!40101 SET @saved_cs_client     = @@character_set_client */;
/*!40101 SET character_set_client = utf8 */;
CREATE TABLE `clearance_fees` (
  `id` int(11) NOT NULL AUTO_INCREMENT,
  `school_program_id` int(11) NOT NULL,
  `amount` int(11) NOT NULL,
  `academic_session_id` int(11) NOT NULL,
  PRIMARY KEY (`id`)
) ENGINE=InnoDB DEFAULT CHARSET=latin1;
/*!40101 SET character_set_client = @saved_cs_client */;

--
-- Dumping data for table `clearance_fees`
--

LOCK TABLES `clearance_fees` WRITE;
/*!40000 ALTER TABLE `clearance_fees` DISABLE KEYS */;
/*!40000 ALTER TABLE `clearance_fees` ENABLE KEYS */;
UNLOCK TABLES;

--
-- Table structure for table `clearance_items`
--

DROP TABLE IF EXISTS `clearance_items`;
/*!40101 SET @saved_cs_client     = @@character_set_client */;
/*!40101 SET character_set_client = utf8 */;
CREATE TABLE `clearance_items` (
  `id` int(10) NOT NULL AUTO_INCREMENT,
  `name` varchar(50) NOT NULL,
  `description` varchar(50) NOT NULL,
  `compulsory` tinyint(1) NOT NULL,
  `school_program_id` int(10) NOT NULL,
  PRIMARY KEY (`id`)
) ENGINE=InnoDB AUTO_INCREMENT=3 DEFAULT CHARSET=latin1;
/*!40101 SET character_set_client = @saved_cs_client */;

--
-- Dumping data for table `clearance_items`
--

LOCK TABLES `clearance_items` WRITE;
/*!40000 ALTER TABLE `clearance_items` DISABLE KEYS */;
INSERT INTO `clearance_items` VALUES (1,'Birth','Birth Cert',0,1),(2,'LGA','this is it',1,1);
/*!40000 ALTER TABLE `clearance_items` ENABLE KEYS */;
UNLOCK TABLES;

--
-- Table structure for table `clearance_payments`
--

DROP TABLE IF EXISTS `clearance_payments`;
/*!40101 SET @saved_cs_client     = @@character_set_client */;
/*!40101 SET character_set_client = utf8 */;
CREATE TABLE `clearance_payments` (
  `id` int(11) NOT NULL AUTO_INCREMENT,
  `user_id` int(11) DEFAULT NULL,
  `school_program_id` int(11) DEFAULT NULL,
  `application_id` int(11) DEFAULT NULL,
  `admitted_candidate_id` int(11) DEFAULT NULL,
  `clearance_fee_id` int(11) DEFAULT NULL,
  `academic_session_id` int(11) NOT NULL,
  `amount` float DEFAULT NULL,
  `completed` tinyint(1) DEFAULT 0,
  `payment_reference` varchar(255) NOT NULL,
  `request` text DEFAULT NULL,
  `response` longtext DEFAULT NULL,
  `created` datetime NOT NULL,
  `modified` datetime NOT NULL,
  PRIMARY KEY (`id`)
) ENGINE=InnoDB AUTO_INCREMENT=11 DEFAULT CHARSET=latin1;
/*!40101 SET character_set_client = @saved_cs_client */;

--
-- Dumping data for table `clearance_payments`
--

LOCK TABLES `clearance_payments` WRITE;
/*!40000 ALTER TABLE `clearance_payments` DISABLE KEYS */;
INSERT INTO `clearance_payments` VALUES (1,21,1,NULL,4,NULL,3,10000,1,'TEST/SW/38174906',NULL,NULL,'2019-09-04 06:32:49','2019-09-04 06:32:49'),(2,22,1,NULL,5,NULL,3,10000,1,'TEST/SW/19814104141',NULL,NULL,'2019-09-04 10:41:41','2019-09-04 10:41:41'),(3,21,1,NULL,4,NULL,3,10000,1,'TEST/SW/23144123134',NULL,NULL,'2019-09-04 12:31:34','2019-09-04 12:31:34'),(4,21,1,NULL,4,NULL,3,10000,1,'TEST/SW/2221412337',NULL,NULL,'2019-09-04 12:33:07','2019-09-04 12:33:07'),(5,21,1,NULL,4,NULL,2,8500,1,'TEST/SW/2380415314',NULL,NULL,'2019-09-04 15:31:04','2019-09-04 15:31:04'),(6,23,1,NULL,7,NULL,2,8500,1,'TEST/SW/363316152925',NULL,NULL,'2019-09-16 15:29:25','2019-09-16 15:29:25'),(7,27,1,NULL,8,NULL,2,8500,1,'TEST/SW/388817123728',NULL,NULL,'2019-09-17 12:37:28','2019-09-17 12:37:28'),(8,24,1,NULL,9,NULL,2,8500,1,'TEST/SW/21761714237',NULL,NULL,'2019-09-17 14:02:37','2019-09-17 14:02:37'),(9,29,1,NULL,10,NULL,2,8500,1,'TEST/SW/385024124417',NULL,NULL,'2019-09-24 12:44:17','2019-09-24 12:44:17'),(10,9,1,NULL,3,NULL,2,8500,0,'TEST/SW/336121141937',NULL,NULL,'2019-10-12 13:43:44','2019-10-12 13:43:44');
/*!40000 ALTER TABLE `clearance_payments` ENABLE KEYS */;
UNLOCK TABLES;

--
-- Table structure for table `continents`
--

DROP TABLE IF EXISTS `continents`;
/*!40101 SET @saved_cs_client     = @@character_set_client */;
/*!40101 SET character_set_client = utf8 */;
CREATE TABLE `continents` (
  `id` int(11) NOT NULL AUTO_INCREMENT,
  `name` varchar(50) NOT NULL,
  `description` varchar(255) NOT NULL,
  `created` datetime NOT NULL,
  `modified` datetime NOT NULL,
  PRIMARY KEY (`id`)
) ENGINE=InnoDB AUTO_INCREMENT=9 DEFAULT CHARSET=utf8;
/*!40101 SET character_set_client = @saved_cs_client */;

--
-- Dumping data for table `continents`
--

LOCK TABLES `continents` WRITE;
/*!40000 ALTER TABLE `continents` DISABLE KEYS */;
INSERT INTO `continents` VALUES (1,'Africa','Nation of the blacks','2018-12-19 14:28:23','2018-12-19 14:28:23'),(2,'South America','South','2019-01-14 08:59:09','2019-01-14 08:59:09'),(4,'North America','North','2019-01-14 08:59:32','2019-01-14 08:59:32'),(5,'Europe','West','2019-01-14 09:00:00','2019-01-14 09:00:00'),(6,'Australia','Aussies','2019-01-14 09:00:23','2019-01-14 09:00:23'),(8,'Asia','asia','2019-01-14 09:00:53','2019-01-14 09:00:53');
/*!40000 ALTER TABLE `continents` ENABLE KEYS */;
UNLOCK TABLES;

--
-- Table structure for table `countries`
--

DROP TABLE IF EXISTS `countries`;
/*!40101 SET @saved_cs_client     = @@character_set_client */;
/*!40101 SET character_set_client = utf8 */;
CREATE TABLE `countries` (
  `id` int(11) NOT NULL,
  `name` varchar(100) NOT NULL,
  PRIMARY KEY (`id`)
) ENGINE=InnoDB DEFAULT CHARSET=latin1;
/*!40101 SET character_set_client = @saved_cs_client */;

--
-- Dumping data for table `countries`
--

LOCK TABLES `countries` WRITE;
/*!40000 ALTER TABLE `countries` DISABLE KEYS */;
/*!40000 ALTER TABLE `countries` ENABLE KEYS */;
UNLOCK TABLES;

--
-- Table structure for table `course_credits`
--

DROP TABLE IF EXISTS `course_credits`;
/*!40101 SET @saved_cs_client     = @@character_set_client */;
/*!40101 SET character_set_client = utf8 */;
CREATE TABLE `course_credits` (
  `id` int(11) NOT NULL AUTO_INCREMENT,
  `level_id` int(11) DEFAULT NULL,
  `pos_id` int(11) DEFAULT NULL,
  `semester_id` int(11) DEFAULT NULL,
  `academic_session_id` int(11) DEFAULT NULL,
  `minimum_value` int(11) NOT NULL,
  `maximum_value` int(11) NOT NULL,
  `created` datetime DEFAULT NULL,
  `modified` datetime DEFAULT NULL,
  PRIMARY KEY (`id`)
) ENGINE=InnoDB DEFAULT CHARSET=latin1;
/*!40101 SET character_set_client = @saved_cs_client */;

--
-- Dumping data for table `course_credits`
--

LOCK TABLES `course_credits` WRITE;
/*!40000 ALTER TABLE `course_credits` DISABLE KEYS */;
/*!40000 ALTER TABLE `course_credits` ENABLE KEYS */;
UNLOCK TABLES;

--
-- Table structure for table `course_registration_categories`
--

DROP TABLE IF EXISTS `course_registration_categories`;
/*!40101 SET @saved_cs_client     = @@character_set_client */;
/*!40101 SET character_set_client = utf8 */;
CREATE TABLE `course_registration_categories` (
  `id` int(11) NOT NULL AUTO_INCREMENT,
  `name` varchar(255) DEFAULT NULL,
  `created` datetime DEFAULT NULL,
  `modified` datetime DEFAULT NULL,
  PRIMARY KEY (`id`)
) ENGINE=InnoDB AUTO_INCREMENT=5 DEFAULT CHARSET=latin1;
/*!40101 SET character_set_client = @saved_cs_client */;

--
-- Dumping data for table `course_registration_categories`
--

LOCK TABLES `course_registration_categories` WRITE;
/*!40000 ALTER TABLE `course_registration_categories` DISABLE KEYS */;
INSERT INTO `course_registration_categories` VALUES (1,'Compulsory','2019-10-30 22:24:59','2019-10-30 22:24:59'),(2,'Elective','2019-10-30 22:25:29','2019-10-30 22:25:29'),(3,'Required','2019-10-30 22:25:46','2019-10-30 22:25:46'),(4,'Carry-over','2019-10-30 22:26:02','2019-10-30 22:26:02');
/*!40000 ALTER TABLE `course_registration_categories` ENABLE KEYS */;
UNLOCK TABLES;

--
-- Table structure for table `course_registration_statuses`
--

DROP TABLE IF EXISTS `course_registration_statuses`;
/*!40101 SET @saved_cs_client     = @@character_set_client */;
/*!40101 SET character_set_client = utf8 */;
CREATE TABLE `course_registration_statuses` (
  `id` int(11) NOT NULL AUTO_INCREMENT,
  `status` varchar(255) NOT NULL,
  `created` timestamp NOT NULL DEFAULT current_timestamp() ON UPDATE current_timestamp(),
  `modified` timestamp NOT NULL DEFAULT '1999-12-31 23:00:00',
  PRIMARY KEY (`id`)
) ENGINE=InnoDB AUTO_INCREMENT=5 DEFAULT CHARSET=latin1;
/*!40101 SET character_set_client = @saved_cs_client */;

--
-- Dumping data for table `course_registration_statuses`
--

LOCK TABLES `course_registration_statuses` WRITE;
/*!40000 ALTER TABLE `course_registration_statuses` DISABLE KEYS */;
INSERT INTO `course_registration_statuses` VALUES (1,'started','2019-08-29 15:43:14','2019-08-29 15:43:14'),(2,'submitted','2019-08-29 15:43:27','2019-08-29 15:43:27'),(3,'approved','2019-08-29 15:43:40','2019-08-29 15:43:40'),(4,'disapproved','2019-08-29 15:43:53','2019-08-29 15:43:53');
/*!40000 ALTER TABLE `course_registration_statuses` ENABLE KEYS */;
UNLOCK TABLES;

--
-- Table structure for table `courses`
--

DROP TABLE IF EXISTS `courses`;
/*!40101 SET @saved_cs_client     = @@character_set_client */;
/*!40101 SET character_set_client = utf8 */;
CREATE TABLE `courses` (
  `id` int(11) NOT NULL AUTO_INCREMENT,
  `category` varchar(50) DEFAULT NULL,
  `course_code` varchar(30) DEFAULT NULL,
  `course_credit` float NOT NULL,
  `course_description` varchar(150) NOT NULL,
  `course_title` varchar(150) NOT NULL,
  `department_id` int(11) NOT NULL,
  `materials_fee` varchar(50) NOT NULL,
  `pass_mark` float NOT NULL,
  `semester_id` int(11) DEFAULT NULL,
  `active` tinyint(1) NOT NULL DEFAULT 0,
  `adm_status` varchar(50) NOT NULL,
  `academic_session_id` int(11) DEFAULT NULL,
  PRIMARY KEY (`id`)
) ENGINE=InnoDB AUTO_INCREMENT=1226 DEFAULT CHARSET=latin1;
/*!40101 SET character_set_client = @saved_cs_client */;

--
-- Dumping data for table `courses`
--

LOCK TABLES `courses` WRITE;
/*!40000 ALTER TABLE `courses` DISABLE KEYS */;
INSERT INTO `courses` VALUES (1,'Undergraduate','ABN200',2,'Introduction to Agricultural Biochemistry','Introduction to Agricultural Biochemistry',6,'0',40,3,1,'FT',3),(2,'Undergraduate','ABN210',2,'General Plant Biochemistry','General Plant Biochemistry',6,'0',40,3,1,'FT',3),(3,'Undergraduate','ABN220',2,'Introduction to Food Science and Technology','Introduction to Food Science and Technology',6,'0',40,3,1,'FT',3),(4,'Undergraduate','ABN320',2,'Metabolism of Carbohydrates, Lipids, Protein and Nucleic Acids','Metabolism of Carbohydrates, Lipids, Protein and Nucleic Acids',6,'0',0,3,1,'FT',3),(5,'Undergraduate','ABN321',2,'Analytical Techniques in Agriculture','Analytical Techniques in Agriculture',6,'0',40,3,1,'FT',3),(6,'Undergraduate','ABN322',2,'Biochemistry and metabolisms of Vitamins, Minerals and Hormones','Biochemistry and metabolisms of Vitamins, Minerals and Hormones',6,'0',0,3,1,'FT',3),(7,'Undergraduate','ABN323',2,'Bioenergetics','Bioenergetics',6,'0',40,3,1,'FT',3),(8,'Undergraduate','ABN368',2,'Biochemistry and Metabolism of Vitamins,Minerals and Hormones','Biochemistry and Metabolism of Vitamins,Minerals and Hormones',6,'0',0,3,1,'FT',3),(9,'Undergraduate','ABN386',2,'Agricultural Biochemistry','Agricultural Biochemistry',6,'0',40,3,1,'FT',3),(10,'Undergraduate','ABN453',2,'General Agricultural Biochemistry','General Agricultural Biochemistry',6,'0',40,3,1,'FT',3),(11,'Undergraduate','ABN510',2,'Chemistry and Nutritive Value of Nigerian Feed and Feeding Stuff','Chemistry and Nutritive Value of Nigerian Feed and Feeding Stuff',6,'0',40,3,1,'FT',3),(12,'Undergraduate','ABN514',2,'Chemistry and Nutritive Value of Feeding','Chemistry and Nutritive Value of Feeding',6,'0',40,3,1,'FT',3),(13,'Undergraduate','ABN520',2,'Chemical and Nutrition Value of Nigeria\'s Feeds','Chemical and Nutrition Value of Nigeria\'s Feeds',6,'0',40,3,1,'FT',3),(14,'Undergraduate','ABN521',2,'Analytical of Animal Techniques in Agriculture III','Analytical of Animal Techniques in Agriculture III',6,'0',40,3,1,'FT',3),(15,'Undergraduate','ABN522',2,'Techniques in Biochemistry and Nutrition Research','Techniques in Biochemistry and Nutrition Research',6,'0',40,3,1,'FT',3),(16,'Undergraduate','ABN523',3,'Feed Formulation','Feed Formulation',6,'0',40,3,1,'FT',3),(17,'Undergraduate','ABN524',2,'Nutrition and Physiological Processes','Nutrition and Physiological Processes',6,'0',40,3,1,'FT',3),(18,'Undergraduate','ABN525',2,'Special Topics in Nutritional Biochemistry','Special Topics in Nutritional Biochemistry',6,'0',40,3,1,'FT',3),(19,'Undergraduate','ABN526',2,'Animal Science and Human Nutrition','Animal Science and Human Nutrition',6,'0',40,3,1,'FT',3),(20,'Undergraduate','ABN527',2,'Analytical Techniques in Agriculture','Analytical Techniques in Agriculture',6,'0',40,3,1,'FT',3),(21,'Undergraduate','ABN590',2,'Seminar','Seminar',6,'0',40,3,1,'FT',3),(22,'Undergraduate','ABN599',4,'Special Projects','Special Projects',6,'0',40,3,1,'FT',3),(23,'Undergraduate','ADE101',3,'Introduction to Adult Education','Introduction to Adult Education',36,'0',40,3,1,'FT',3),(24,'Undergraduate','ADE102',3,'Introduction to Community Development','Introduction to Community Development',36,'0',40,3,1,'FT',3),(25,'Undergraduate','ADE103',3,'Introduction to Social Welfare','Introduction to Social Welfare',36,'0',40,3,1,'FT',3),(26,'Undergraduate','ADE104',3,'Introduction to Industrial Education','Introduction to Industrial Education',36,'0',40,3,1,'FT',3),(27,'Undergraduate','ADE201',3,'History of Adult Education in Industrialised Countries','History of Adult Education in Industrialised Countries',36,'0',40,3,1,'FT',3),(28,'Undergraduate','ADE202',3,'Introduction to Philosophy of Adult Education','Introduction to Philosophy of Adult Education',36,'0',40,3,1,'FT',3),(29,'Undergraduate','ADE203',3,'Principles and Practice of Industrial Relations in Nigeria','Principles and Practice of Industrial Relations in Nigeria',36,'0',40,3,1,'FT',3),(30,'Undergraduate','ADE204',3,'Media Techniques in Community Education','Media Techniques in Community Education',36,'0',40,3,1,'FT',3),(31,'Undergraduate','ADE205',3,'Writing and Production Techniques for Neo-Literate','Writing and Production Techniques for Neo-Literate',36,'0',40,3,1,'FT',3),(32,'Undergraduate','ADE206',3,'Literacy Teaching Methods','Literacy Teaching Methods',36,'0',40,3,1,'FT',3),(33,'Undergraduate','ADE207',3,'Principles and Practice of Adult Education','Principles and Practice of Adult Education',36,'0',40,3,1,'FT',3),(34,'Undergraduate','ADE208',3,'Field Work in Community Development and Youth Organization','Field Work in Community Development and Youth Organization',36,'0',40,3,1,'FT',3),(35,'Undergraduate','ADE209',3,'Social Structure of Nigeria in Context of Community Development and Social Welfare','Social Structure of Nigeria in Context of Community Development and Social Welfare',36,'0',40,3,1,'FT',3),(36,'Undergraduate','ADE301',3,'History of Adult Education in Africa','History of Adult Education in Africa',36,'0',40,3,1,'FT',3),(37,'Undergraduate','ADE302',3,'Economics of Adult Education, Community Development and Social Welfare','Economics of Adult Education, Community Development and Social Welfare',36,'0',40,3,1,'FT',3),(38,'Undergraduate','ADE303',3,'Principles and Practice of Social Welfare','Principles and Practice of Social Welfare',36,'0',40,3,1,'FT',3),(39,'Undergraduate','ADE304',3,'Industrial Education, Training and Development','Industrial Education, Training and Development',36,'0',40,3,1,'FT',3),(40,'Undergraduate','ADE305',3,'Cost, Finance and Accounting Procedures in Adult Education','Cost, Finance and Accounting Procedures in Adult Education',36,'0',40,3,1,'FT',3),(41,'Undergraduate','ADE306',3,'Modern Philosophies of Adult Education','Modern Philosophies of Adult Education',36,'0',40,3,1,'FT',3),(42,'Undergraduate','ADE307',3,'Application of Statistics to Adult Education, Community Dev. and Social Welfare','Application of Statistics to Adult Education, Community Dev. and Social Welfare',36,'0',40,3,1,'FT',3),(43,'Undergraduate','ADE308',3,'Community Development in Comparative Perspective','Community Development in Comparative Perspective',36,'0',40,3,1,'FT',3),(44,'Undergraduate','ADE309',3,'Field Work in Adult Education','Field Work in Adult Education',36,'0',40,3,1,'FT',3),(45,'Undergraduate','ADE401',3,'Trade Union Education','Trade Union Education',36,'0',40,3,1,'FT',3),(46,'Undergraduate','ADE402',3,'Comparative Adult Education','Comparative Adult Education',36,'0',40,3,1,'FT',3),(47,'Undergraduate','ADE403',3,'Current Issues/Problems of Adult Education','Current Issues/Problems of Adult Education',36,'0',40,3,1,'FT',3),(48,'Undergraduate','ADE405',3,'Organization and Administration of Adult Education in Nigeria','Organization and Administration of Adult Education in Nigeria',36,'0',40,3,1,'FT',3),(49,'Undergraduate','ADE406',3,'Management of Adult Education, Community Development and Social Welfare','Management of Adult Education, Community Development and Social Welfare',36,'0',40,3,1,'FT',3),(50,'Undergraduate','ADE407',3,'Administration of Social Welfare Services','Administration of Social Welfare Services',36,'0',40,3,1,'FT',3),(51,'Undergraduate','ADE408',3,'The Sociology of Adult Education, Community Development and Social Welfare','The Sociology of Adult Education, Community Development and Social Welfare',36,'0',40,3,1,'FT',3),(52,'Undergraduate','ADE409',3,'Adult Personality and Community Education','Adult Personality and Community Education',36,'0',40,3,1,'FT',3),(53,'Undergraduate','ADE410',3,'Introducation to Distance Education','Introducation to Distance Education',36,'0',40,3,1,'FT',3),(54,'Undergraduate','ADE411',3,'Practicum in Industrial Education','Practicum in Industrial Education',36,'0',40,3,1,'FT',3),(55,'Undergraduate','ADE412',3,'Practicum in Social Welfare','Practicum in Social Welfare',36,'0',40,3,1,'FT',3),(56,'Undergraduate','AED210',2,'Introduction to Agric. Extension','Introduction to Agric. Extension',2,'0',0,3,1,'FT',3),(57,'Undergraduate','AED310',2,'Agricultural Extension Education','Agricultural Extension Education',2,'0',0,3,1,'FT',3),(58,'Undergraduate','AED312',2,'Comparative Extension Education','Comparative Extension Education',2,'0',0,3,1,'FT',3),(59,'Undergraduate','AED313',3,'Education Psychology & Extension Method','Education Psychology & Extension Method',2,'0',0,3,1,'FT',3),(60,'Undergraduate','AED314',3,'Pilot Projects in Rural Development','Pilot Projects in Rural Development',2,'0',0,3,1,'FT',3),(61,'Undergraduate','AED315',2,'Extension Principles of Organisation','Extension Principles of Organisation',2,'0',0,3,1,'FT',3),(62,'Undergraduate','AED316',2,'Introduction to Environmental Extension','Introduction to Environmental Extension',2,'0',0,3,1,'FT',3),(63,'Undergraduate','AED317',2,'Development Communication in Extension','Development Communication in Extension',2,'0',0,3,1,'FT',3),(64,'Undergraduate','AED318',2,'Introduction to agriculture journalism','Introduction to agriculture journalism',2,'0',0,3,1,'FT',3),(65,'Undergraduate','AED320',2,'Introduction to Agric. Extension & Rural Sociology','Introduction to Agric. Extension & Rural Sociology',2,'0',0,3,1,'FT',3),(66,'Undergraduate','AED410',2,'Community Agricultural Extension','Community Agricultural Extension',2,'0',0,3,1,'FT',3),(67,'Undergraduate','AED510',3,'Diffusion & Adoption of Innovation','Diffusion & Adoption of Innovation',2,'0',0,3,1,'FT',3),(68,'Undergraduate','AED511',3,'Agric.Ext.Administration & Supervision','Agric.Ext.Administration & Supervision',2,'0',0,3,1,'FT',3),(69,'Undergraduate','AED512',2,'Extension Prog.,Planning & Evaluation','Extension Prog.,Planning & Evaluation',2,'0',40,3,1,'FT',3),(70,'Undergraduate','AED513',2,'Extension Communication Systems & Method','Extension Communication Systems & Method',2,'0',40,3,1,'FT',3),(71,'Undergraduate','AED514',2,'Rural Youth Extension Programme','Rural Youth Extension Programme',2,'0',0,3,1,'FT',3),(72,'Undergraduate','AED515',2,'Practices in Ext.Methods & Audio Visual Aids','Practices in Ext.Methods & Audio Visual Aids',2,'0',40,3,1,'FT',3),(73,'Undergraduate','AED517',3,'Social Statistics & Rearch Methods in Extension','Social Statistics & Rearch Methods in Extension',2,'0',0,3,1,'FT',3),(74,'Undergraduate','AED518',2,'Extension & Communication Dev. Practices','Extension & Communication Dev. Practices',2,'0',0,3,1,'FT',3),(75,'Undergraduate','AED519',2,'Teaching Vocational Agriculture in Schools','Teaching Vocational Agriculture in Schools',2,'0',0,3,1,'FT',3),(76,'Undergraduate','AED520',2,'Agarian & Business Law','Agarian & Business Law',2,'0',40,3,1,'FT',3),(77,'Undergraduate','AED590',1,'Seminar','Seminar',2,'0',40,3,1,'FT',3),(78,'Undergraduate','AED599',4,'Special Project','Special Project',2,'0',40,3,1,'FT',3),(79,'Undergraduate','AES511',2,'Agricultural Extension Administration and Supervision','Agricultural Extension Administration and Supervision',2,'0',40,3,1,'FT',3),(80,'Undergraduate','AFM210',2,'Introduction to Aquatic Resources Management','Introduction to Aquatic Resources Management',105,'0',40,3,1,'FT',3),(81,'Undergraduate','AFM211',2,'Introduction to West African Fish and  Fisheries','Introduction to West African Fish and  Fisheries',105,'0',40,3,1,'FT',3),(82,'Undergraduate','AFM212',2,'Extension in Renewable Natural Resources','Extension in Renewable Natural Resources',105,'0',40,3,1,'FT',3),(83,'Undergraduate','AFM220',2,'Nigerian Water Resources','Nigerian Water Resources',105,'0',40,3,1,'FT',3),(84,'Undergraduate','AFM300',3,'Fish Biochemistry','Fish Biochemistry',9,'0',0,3,1,'FT',3),(85,'Undergraduate','AFM310',2,'Fish Biology','Fish Biology',9,'0',0,3,1,'FT',3),(86,'Undergraduate','AFM311',2,'Fisheries Ecology','Fisheries Ecology',9,'0',0,3,1,'FT',3),(87,'Undergraduate','AFM312',2,'Principles of Aquaculture','Principles of Aquaculture',9,'0',0,3,1,'FT',3),(88,'Undergraduate','AFM313',2,'Fish Health Management','Fish Health Management',9,'0',0,3,1,'FT',3),(89,'Undergraduate','AFM314',2,'Fisheries,Extension & Aquaculture','Fisheries,Extension & Aquaculture',9,'0',0,3,1,'FT',3),(90,'Undergraduate','AFM315',2,'Ichthyology','Ichthyology',9,'0',0,3,1,'FT',3),(91,'Undergraduate','AFM316',2,'Limnology','Limnology',9,'0',0,3,1,'FT',3),(92,'Undergraduate','AFM317',2,'Hydrobiology','Hydrobiology',9,'0',0,3,1,'FT',3),(93,'Undergraduate','AFM318',2,'Fish Farming Techniques & Hatchery Management','Fish Farming Techniques & Hatchery Management',9,'0',0,3,1,'FT',3),(94,'Undergraduate','AFM319',3,'Introduction to Fisheries Biometrics','Introduction to Fisheries Biometrics',9,'0',0,3,1,'FT',3),(95,'Undergraduate','AFM320',2,'Fish Gear Technology','Fish Gear Technology',9,'0',0,3,1,'FT',3),(96,'Undergraduate','AFM321',2,'Elementary Seamanship & Navigation','Elementary Seamanship & Navigation',9,'0',0,3,1,'FT',3),(97,'Undergraduate','AFM322',2,'Introduction to Oceanography','Introduction to Oceanography',9,'0',0,3,1,'FT',3),(98,'Undergraduate','AFM323',2,'Fish Pond Construction & Management','Fish Pond Construction & Management',9,'0',0,3,1,'FT',3),(99,'Undergraduate','AFM324',2,'Fish Adaptation & Physiology','Fish Adaptation & Physiology',9,'0',0,3,1,'FT',3),(100,'Undergraduate','AFM325',2,'Introduction to Fish Genetics & Breeding','Introduction to Fish Genetics & Breeding',9,'0',0,3,1,'FT',3),(101,'Undergraduate','AFM326',2,'Fisheries Business Management & Marketing','Fisheries Business Management & Marketing',9,'0',0,3,1,'FT',3),(102,'Undergraduate','AFM327',2,'Fisheries Environmental Impact Assessment','Fisheries Environmental Impact Assessment',9,'0',0,3,1,'FT',3),(103,'Undergraduate','AFM329',2,'Fish Nutrition','Fish Nutrition',9,'0',0,3,1,'FT',3),(104,'Undergraduate','AFM420',3,'Fishing Gear Production & Maintenance','Fishing Gear Production & Maintenance',9,'0',0,3,1,'FT',3),(105,'Undergraduate','AFM421',3,'Fisheries Stock Assessment','Fisheries Stock Assessment',9,'0',0,3,1,'FT',3),(106,'Undergraduate','AFM422',3,'Fisheries Recreational Planning and Interpretation','Fisheries Recreational Planning and Interpretation',9,'0',0,3,1,'FT',3),(107,'Undergraduate','AFM423',3,'Aquaculture Production & Hatchery management Technique','Aquaculture Production & Hatchery management Technique',9,'0',0,3,1,'FT',3),(108,'Undergraduate','AFM424',3,'Oceanography Techniques','Oceanography Techniques',9,'0',0,3,1,'FT',3),(109,'Undergraduate','AFM425',3,'Fish Nutrition and Fish Food Technology','Fish Nutrition and Fish Food Technology',9,'0',0,3,1,'FT',3),(110,'Undergraduate','AFM426',3,'Fisheries Aquaculture Engineering & Pond Management','Fisheries Aquaculture Engineering & Pond Management',9,'0',0,3,1,'FT',3),(111,'Undergraduate','AFM427',3,'Pond Construction and management','Pond Construction and management',9,'0',0,3,1,'FT',3),(112,'Undergraduate','AFM428',3,'Techniques in Fish Processing and Utilization','Techniques in Fish Processing and Utilization',9,'0',0,3,1,'FT',3),(113,'Undergraduate','AFM429',3,'Aquatic Ecological Survey','Aquatic Ecological Survey',9,'0',0,3,1,'FT',3),(114,'Undergraduate','AFM430',3,'Analytical Techniques in Fisheries & Aquaculture','Analytical Techniques in Fisheries & Aquaculture',9,'0',0,3,1,'FT',3),(115,'Undergraduate','AFM431',3,'Fisheries Business,Product Development & Marketing','Fisheries Business,Product Development & Marketing',9,'0',0,3,1,'FT',3),(116,'Undergraduate','AFM500',2,'Seminar','Seminar',9,'0',0,3,1,'FT',3),(117,'Undergraduate','AFM510',2,'Ornamental Fisheries and Aquarium Design','Ornamental Fisheries and Aquarium Design',9,'0',0,3,1,'FT',3),(118,'Undergraduate','AFM512',3,'Advanced Fish Nutrition','Advanced Fish Nutrition',105,'0',40,3,1,'FT',3),(119,'Undergraduate','AFM513',2,'Advanced Fish Nutrition and Feed Technology','Advanced Fish Nutrition and Feed Technology',9,'0',0,3,1,'FT',3),(120,'Undergraduate','AFM514',2,'Fisheries Economics','Fisheries Economics',9,'0',0,3,1,'FT',3),(121,'Undergraduate','AFM515',2,'Farm Management and Fishery Business Management','Farm Management and Fishery Business Management',9,'0',0,3,1,'FT',3),(122,'Undergraduate','AFM516',2,'Fish Processing Technology and Quality Assurance','Fish Processing Technology and Quality Assurance',9,'0',0,3,1,'FT',3),(123,'Undergraduate','AFM517',2,'Water Quality Management and Pollution Control','Water Quality Management and Pollution Control',9,'0',0,3,1,'FT',3),(124,'Undergraduate','AFM518',2,'Nigerian Feeds and Feeding Stuffs','Nigerian Feeds and Feeding Stuffs',105,'0',40,3,1,'FT',3),(125,'Undergraduate','AFM519',2,'Nigerian Feeds and Feeding Stuffs','Nigerian Feeds and Feeding Stuffs',9,'0',0,3,1,'FT',3),(126,'Undergraduate','AFM520',2,'Fish Farming Engineering','Fish Farming Engineering',9,'0',0,3,1,'FT',3),(127,'Undergraduate','AFM521',2,'Fish Production and Management','Fish Production and Management',9,'0',0,3,1,'FT',3),(128,'Undergraduate','AFM522',2,'Fish Population Dynamics and Stock Assessment ','Fish Population Dynamics and Stock Assessment ',9,'0',0,3,1,'FT',3),(129,'Undergraduate','AFM523',3,'Production of other Marine Products','Production of other Marine Products',105,'0',40,3,1,'FT',3),(130,'Undergraduate','AFM524',2,'Fisheries Policy and Legislation','Fisheries Policy and Legislation',9,'0',0,3,1,'FT',3),(131,'Undergraduate','AFM525',2,'Administration and Planning in Aquaculture Extension','Administration and Planning in Aquaculture Extension',9,'0',0,3,1,'FT',3),(132,'Undergraduate','AFM528',2,'Production of other Marine Products','Production of other Marine Products',9,'0',0,3,1,'FT',3),(133,'Undergraduate','AFM529',4,'Special Project','Special Project',9,'0',0,3,1,'FT',3),(134,'Undergraduate','AGB210',3,'Crop Anatomy, Physiology & Taxonomy','Crop Anatomy, Physiology & Taxonomy',7,'0',40,3,1,'FT',3),(135,'Undergraduate','AGB211',2,'Introduction to Crop Protection','Introduction to Crop Protection',7,'0',40,3,1,'FT',3),(136,'Undergraduate','AGB310',2,'Introductory Genetics','Introductory Genetics',7,'0',40,3,1,'FT',3),(137,'Undergraduate','AGB311',3,'Principles of Crop Protection','Principles of Crop Protection',7,'0',40,3,1,'FT',3),(138,'Undergraduate','AGB312',2,'Insect Biology','Insect Biology',7,'0',0,3,1,'FT',3),(139,'Undergraduate','AGB313',3,'Priciples of Plant Nematology','Priciples of Plant Nematology',7,'0',0,3,1,'FT',3),(140,'Undergraduate','AGB314',3,'Principles of Plant Pathology','Principles of Plant Pathology',7,'0',0,3,1,'FT',3),(141,'Undergraduate','AGB315',3,'Applied Ecology','Applied Ecology',7,'0',0,3,1,'FT',3),(142,'Undergraduate','AGB316',3,'Biological Techniques','Biological Techniques',7,'0',0,3,1,'FT',3),(143,'Undergraduate','AGB317',3,'Priciples of Crop Physiology','Priciples of Crop Physiology',7,'0',0,3,1,'FT',3),(144,'Undergraduate','AGB318',3,'Insect Morphology and Systematics','Insect Morphology and Systematics',7,'0',0,3,1,'FT',3),(145,'Undergraduate','AGB319',3,'Biological Productivity','Biological Productivity',7,'0',0,3,1,'FT',3),(146,'Undergraduate','AGB320',2,'Forest Resources Entomology and Management','Forest Resources Entomology and Management',7,'0',40,3,1,'FT',3),(147,'Undergraduate','AGB400',6,'Report on Practical Training','Report on Practical Training',7,'0',40,3,1,'FT',3),(148,'Undergraduate','AGB411',2,'Principles and Practices of Crop Protection','Principles and Practices of Crop Protection',7,'0',40,3,1,'FT',3),(149,'Undergraduate','AGB510',3,'Applied Genetics','Applied Genetics',7,'0',40,3,1,'FT',3),(150,'Undergraduate','AGB511',2,'Physiology of Crop Production and Improvement','Physiology of Crop Production and Improvement',7,'0',40,3,1,'FT',3),(151,'Undergraduate','AGB512',3,'Plant Diseases, Development, Epidemy and Control','Plant Diseases, Development, Epidemy and Control',7,'0',40,3,1,'FT',3),(152,'Undergraduate','AGB513',3,'Quantitative population Ecology','Quantitative population Ecology',7,'0',0,3,1,'FT',3),(153,'Undergraduate','AGB514',3,'Weed Taxonomy, Biology and Control','Weed Taxonomy, Biology and Control',7,'0',40,3,1,'FT',3),(154,'Undergraduate','AGB515',2,'Economic Entomology','Economic Entomology',7,'0',40,3,1,'FT',3),(155,'Undergraduate','AGB516',2,'Applied Plant Nematology','Applied Plant Nematology',7,'0',40,3,1,'FT',3),(156,'Undergraduate','AGB517',2,'Vertebrate Pests in Agriculture','Vertebrate Pests in Agriculture',7,'0',40,3,1,'FT',3),(157,'Undergraduate','AGB518',3,'Pesticides and Pollutant In Agriculture','Pesticides and Pollutant In Agriculture',7,'0',40,3,1,'FT',3),(158,'Undergraduate','AGB519',2,'Special topics in Crop Protection','Special topics in Crop Protection',7,'0',40,3,1,'FT',3),(159,'Undergraduate','AGB521',2,'Prnciples of Plant Pathology','Prnciples of Plant Pathology',7,'0',40,3,1,'FT',3),(160,'Undergraduate','AGB522',2,'Principles of Plant Nematology','Principles of Plant Nematology',7,'0',40,3,1,'FT',3),(161,'Undergraduate','AGB523',2,'Insect Morphology, Systematics and Biology','Insect Morphology, Systematics and Biology',7,'0',40,3,1,'FT',3),(162,'Undergraduate','AGB524',3,'Insect Ecology','Insect Ecology',7,'0',40,3,1,'FT',3),(163,'Undergraduate','AGB599',4,'Special Project in Agricultural Biology','Special Project in Agricultural Biology',7,'0',40,3,1,'FT',3),(164,'Undergraduate','AGE110',3,'Mathematics in Agriculture','Mathematics in Agriculture',3,'0',0,3,1,'FT',3),(165,'Undergraduate','AGE201',2,'Introduction to Computer Science','Introduction to Computer Science',3,'0',0,3,1,'FT',3),(166,'Undergraduate','AGE210',3,'Introduction to Agricultural Economics','Introduction to Agricultural Economics',3,'0',40,3,1,'FT',3),(167,'Undergraduate','AGE300',3,'Computer in Agriculture','Computer in Agriculture',3,'0',40,3,1,'FT',3),(168,'Undergraduate','AGE310',3,'Introduction to Farm Management, Financing and Accounting','Introduction to Farm Management, Financing and Accounting',3,'0',40,3,1,'FT',3),(169,'Undergraduate','AGE311',3,'Statistics and Field Experiment','Statistics and Field Experiment',3,'0',40,3,1,'FT',3),(170,'Undergraduate','AGE312',2,'Elements of Rural Economics','Elements of Rural Economics',3,'0',40,3,1,'FT',3),(171,'Undergraduate','AGE313',2,'Managerial Accounting in Agriculture','Managerial Accounting in Agriculture',3,'0',40,3,1,'FT',3),(172,'Undergraduate','AGE314',2,'Agribusiness Management','Agribusiness Management',3,'0',40,3,1,'FT',3),(173,'Undergraduate','AGE315',2,'Economics of Agricultural Cooperation','Economics of Agricultural Cooperation',3,'0',40,3,1,'FT',3),(174,'Undergraduate','AGE316',2,'Agricultural Finance','Agricultural Finance',3,'0',40,3,1,'FT',3),(175,'Undergraduate','AGE317',3,'Introduction to Agricultural Policy and Development','Introduction to Agricultural Policy and Development',3,'0',40,3,1,'FT',3),(176,'Undergraduate','AGE318',3,'Introduction to Environmental Economics','Introduction to Environmental Economics',3,'0',40,3,1,'FT',3),(177,'Undergraduate','AGE319',3,'Introduction to Microeconomics','Introduction to Microeconomics',3,'0',40,3,1,'FT',3),(178,'Undergraduate','AGE320',3,'Introduction to Macroeconomics','Introduction to Macroeconomics',3,'0',40,3,1,'FT',3),(179,'Undergraduate','AGE321',3,'Introduction to Production economics','Introduction to Production economics',3,'0',40,3,1,'FT',3),(180,'Undergraduate','AGE410',2,'Farm Management, Finance and Accounting','Farm Management, Finance and Accounting',3,'0',0,3,1,'FT',3),(181,'Undergraduate','AGE411',3,'Principles of Entrepreneuship in Agribusiness','Principles of Entrepreneuship in Agribusiness',3,'0',0,3,1,'FT',3),(182,'Undergraduate','AGE510',3,'Agricultural Production Economics','Agricultural Production Economics',3,'0',40,3,1,'FT',3),(183,'Undergraduate','AGE511',3,'Quantitative Methods for Agricultural Decision','Quantitative Methods for Agricultural Decision',3,'0',0,3,1,'FT',3),(184,'Undergraduate','AGE512',3,'Agricultural Policy and Development','Agricultural Policy and Development',3,'0',0,3,1,'FT',3),(185,'Undergraduate','AGE513',2,'AgriBussiness Management','AgriBussiness Management',3,'0',0,3,1,'FT',3),(186,'Undergraduate','AGE514',2,'Agricultural Resources Economics','Agricultural Resources Economics',3,'0',40,3,1,'FT',3),(187,'Undergraduate','AGE515',3,'Agricultural Planning and Farm Project Analysis','Agricultural Planning and Farm Project Analysis',3,'0',0,3,1,'FT',3),(188,'Undergraduate','AGE516',2,'Econometrics','Econometrics',3,'0',40,3,1,'FT',3),(189,'Undergraduate','AGE517',3,'Agricultural Statistics and Field Experimentation','Agricultural Statistics and Field Experimentation',3,'0',40,3,1,'FT',3),(190,'Undergraduate','AGE518',2,'Agricultural Marketing and Commodity Trade','Agricultural Marketing and Commodity Trade',3,'0',40,3,1,'FT',3),(191,'Undergraduate','AGE519',3,'Research Methods','Research Methods',3,'0',40,3,1,'FT',3),(192,'Undergraduate','AGE520',2,'Principles of Microeconomics','Principles of Microeconomics',3,'0',40,3,1,'FT',3),(193,'Undergraduate','AGE521',2,'Principles of Macroeconomics','Principles of Macroeconomics',3,'0',40,3,1,'FT',3),(194,'Undergraduate','AGE599',4,'Special Project','Special Project',3,'0',40,3,1,'FT',3),(195,'Undergraduate','AGM310',3,'Agricultural Mechanization I & Workshop Practice','Agricultural Mechanization I & Workshop Practice',5,'0',40,3,1,'FT',3),(196,'Undergraduate','AGM410',2,'Agricultural Mechanization II & Workshop Practice','Agricultural Mechanization II & Workshop Practice',5,'0',40,3,1,'FT',3),(197,'Undergraduate','AGM411',2,'Workshop Practices','Workshop Practices',5,'0',40,3,1,'FT',3),(198,'Undergraduate','AGM412',2,'Farm Mechanization','Farm Mechanization',5,'0',40,3,1,'FT',3),(199,'Undergraduate','AGM510',2,'Principles of Irrigation','Principles of Irrigation',5,'0',40,3,1,'FT',3),(200,'Undergraduate','AGP400',6,'Practical Training and Industrial Attachment (SIWES)','Practical Training and Industrial Attachment (SIWES)',4,'0',40,3,1,'FT',3),(201,'Undergraduate','AGY210',3,'Introduction to General Agriculture (Crops)','Introduction to General Agriculture (Crops)',9,'0',40,3,1,'FT',3),(202,'Undergraduate','AGY212',2,'Introduction to Agro-Climatology','Introduction to Agro-Climatology',5,'0',40,3,1,'FT',3),(203,'Undergraduate','AGY310',3,'Basic Principles of Crop Husbandry','Basic Principles of Crop Husbandry',5,'0',40,3,1,'FT',3),(204,'Undergraduate','AGY330',2,'Introduction to Plant Nutrition and Soil Fertility','Introduction to Plant Nutrition and Soil Fertility',5,'0',40,3,1,'FT',3),(205,'Undergraduate','AGY350',2,'Introduction to Tropical Crops','Introduction to Tropical Crops',5,'0',40,3,1,'FT',3),(206,'Undergraduate','AGY370',3,'Plant Breeding Theory','Plant Breeding Theory',5,'0',0,3,1,'FT',3),(207,'Undergraduate','AGY410',4,'Crop Production Techniques','Crop Production Techniques',5,'0',40,3,1,'FT',3),(208,'Undergraduate','AGY411',2,'Farm Design, Survey and Land Use Planning','Farm Design, Survey and Land Use Planning',5,'0',40,3,1,'FT',3),(209,'Undergraduate','AGY412',2,'Agricultural Meterology','Agricultural Meterology',5,'0',40,3,1,'FT',3),(210,'Undergraduate','AGY450',2,'Introduction to Tropical Crops','Introduction to Tropical Crops',5,'0',40,3,1,'FT',3),(211,'Undergraduate','AGY510',2,'Crop Husbandry I (E.G Hort. Crop)','Crop Husbandry I (E.G Hort. Crop)',5,'0',40,3,1,'FT',3),(212,'Undergraduate','AGY511',2,'Crop Husbandry I (Cereals and Legumes)','Crop Husbandry I (Cereals and Legumes)',5,'0',0,3,1,'FT',3),(213,'Undergraduate','AGY512',2,'Crop Husbanry II (Roots, Tuber and Fibre Crops)','Crop Husbanry II (Roots, Tuber and Fibre Crops)',5,'0',0,3,1,'FT',3),(214,'Undergraduate','AGY513',2,'Crop Husbandry III (Forage Crops and Pasture Management)','Crop Husbandry III (Forage Crops and Pasture Management)',5,'0',0,3,1,'FT',3),(215,'Undergraduate','AGY514',2,'Weed Science','Weed Science',5,'0',0,3,1,'FT',3),(216,'Undergraduate','AGY520',2,'Plant Breeding','Plant Breeding',5,'0',0,3,1,'FT',3),(217,'Undergraduate','AGY530',2,'Techniques in Field Experimentation and Data Analyses','Techniques in Field Experimentation and Data Analyses',5,'0',0,3,1,'FT',3),(218,'Undergraduate','AGY591',4,'Seminar','Seminar',5,'0',40,3,1,'FT',3),(219,'Undergraduate','AGY599',4,'Special Project and Seminar','Special Project and Seminar',5,'0',0,3,1,'FT',3),(220,'Undergraduate','AIS313',2,'Arabic Novel','Arabic Novel',11,'0',0,3,1,'FT',3),(221,'Undergraduate','AIT401',6,'Agricultural Industrial Attachment III','Agricultural Industrial Attachment III',9,'0',0,3,1,'FT',3),(222,'Undergraduate','AIT425',6,'Agricultural Industrial Training','Agricultural Industrial Training',2,'0',0,3,1,'FT',3),(223,'Undergraduate','AIT499',6,'Practical Approaches to Forestry Practices (SIWES)','Practical Approaches to Forestry Practices (SIWES)',8,'0',0,3,1,'FT',3),(224,'Undergraduate','ALL101',2,'Oral Arabic I','Oral Arabic I',11,'0',0,3,1,'FT',3),(225,'Undergraduate','ALL102',3,'Oral Arabic II','Oral Arabic II',11,'0',0,3,1,'FT',3),(226,'Undergraduate','ALL103',2,'Arabic Reading Skills I','Arabic Reading Skills I',11,'0',0,3,1,'FT',3),(227,'Undergraduate','ALL104',3,'Arabic Grammar I','Arabic Grammar I',11,'0',40,3,1,'FT',3),(228,'Undergraduate','ALL105',3,'Practical Arabic I','Practical Arabic I',11,'0',0,3,1,'FT',3),(229,'Undergraduate','ALL106',3,'Practical Arabic II','Practical Arabic II',11,'0',0,3,1,'FT',3),(230,'Undergraduate','ALL107',3,'Introduction to Arabic Literature','Introduction to Arabic Literature',11,'0',40,3,1,'FT',3),(231,'Undergraduate','ALL108',3,'Arabic Creative writing I','Arabic Creative writing I',11,'0',0,3,1,'FT',3),(232,'Undergraduate','ALL109',3,'Spoken Arabic','Spoken Arabic',11,'0',0,3,1,'FT',3),(233,'Undergraduate','ALL110',3,'Arabic Literature in Early Islam and Late Ummayad Periods','Arabic Literature in Early Islam and Late Ummayad Periods',11,'0',0,3,1,'FT',3),(234,'Undergraduate','ALL111',3,'Reading Skills in Arabic I','Reading Skills in Arabic I',11,'0',0,3,1,'FT',3),(235,'Undergraduate','ALL112',3,'Arabic Writing Skills','Arabic Writing Skills',11,'0',0,3,1,'FT',3),(236,'Undergraduate','ALL201',3,'Intermediate Arabic Conversation','Intermediate Arabic Conversation',11,'0',40,3,1,'FT',3),(237,'Undergraduate','ALL202',3,'Arabic Reading Skills II','Arabic Reading Skills II',11,'0',0,3,1,'FT',3),(238,'Undergraduate','ALL203',3,'Arabic Grammar II','Arabic Grammar II',11,'0',40,3,1,'FT',3),(239,'Undergraduate','ALL204',3,'Arabic Creative writing II','Arabic Creative writing II',11,'0',0,3,1,'FT',3),(240,'Undergraduate','ALL205',3,'Arabic Literature In Early Islam and Late Umayyad Periods','Arabic Literature In Early Islam and Late Umayyad Periods',11,'0',40,3,1,'FT',3),(241,'Undergraduate','ALL206',3,'Practical Arabic III','Practical Arabic III',11,'0',0,3,1,'FT',3),(242,'Undergraduate','ALL207',2,'Practical Arabic IV','Practical Arabic IV',11,'0',0,3,1,'FT',3),(243,'Undergraduate','ALL208',3,'Arabic Literature in the Abbasid Period','Arabic Literature in the Abbasid Period',11,'0',40,3,1,'FT',3),(244,'Undergraduate','ALL209',3,'Arabic Rhetorics I: Al-Bayan','Arabic Rhetorics I: Al-Bayan',11,'0',40,3,1,'FT',3),(245,'Undergraduate','ALL210',3,'Reading Skills in Arabic II','Reading Skills in Arabic II',11,'0',0,3,1,'FT',3),(246,'Undergraduate','ALL211',3,'Writing Skills in Arabic II','Writing Skills in Arabic II',11,'0',0,3,1,'FT',3),(247,'Undergraduate','ALL212',3,'Intermediate Arabic I','Intermediate Arabic I',11,'0',0,3,1,'FT',3),(248,'Undergraduate','ALL213',3,'Intermediate Arabic II','Intermediate Arabic II',11,'0',0,3,1,'FT',3),(249,'Undergraduate','ALL214',3,'Introduction to Arabic Short Story','Introduction to Arabic Short Story',11,'0',0,3,1,'FT',3),(250,'Undergraduate','ALL301',2,'Arabic Rhetorics II: Al-ma\'ani','Arabic Rhetorics II: Al-ma\'ani',11,'0',0,3,1,'FT',3),(251,'Undergraduate','ALL302',3,'Arabic Grammar III','Arabic Grammar III',11,'0',40,3,1,'FT',3),(252,'Undergraduate','ALL303',2,'Arabic  Creative writing and Comprehension I','Arabic  Creative writing and Comprehension I',11,'0',0,3,1,'FT',3),(253,'Undergraduate','ALL304',2,'Arabic Literature in the Decadence Period','Arabic Literature in the Decadence Period',11,'0',40,3,1,'FT',3),(254,'Undergraduate','ALL305',2,'Arabic Literature in Muslim Spain','Arabic Literature in Muslim Spain',11,'0',40,3,1,'FT',3),(255,'Undergraduate','ALL306',2,'Arabic Phonetics and Phonology','Arabic Phonetics and Phonology',11,'0',40,3,1,'FT',3),(256,'Undergraduate','ALL307',2,'Arabic Lexicography','Arabic Lexicography',11,'0',40,3,1,'FT',3),(257,'Undergraduate','ALL308',2,'The Principles and Practice of Translation','The Principles and Practice of Translation',11,'0',40,3,1,'FT',3),(258,'Undergraduate','ALL309',2,'Arabic Composition I for Non Majors','Arabic Composition I for Non Majors',11,'0',0,3,1,'FT',3),(259,'Undergraduate','ALL310',2,'Arabic Compostion II for Non Majors','Arabic Compostion II for Non Majors',11,'0',0,3,1,'FT',3),(260,'Undergraduate','ALL311',2,'Arabic Dialectology','Arabic Dialectology',11,'0',40,3,1,'FT',3),(261,'Undergraduate','ALL312',2,'Arabic Prosody I','Arabic Prosody I',11,'0',40,3,1,'FT',3),(262,'Undergraduate','ALL313',2,'Arabic Novel','Arabic Novel',11,'0',40,3,1,'FT',3),(263,'Undergraduate','ALL401',2,'Arabic Prosody II','Arabic Prosody II',11,'0',40,3,1,'FT',3),(264,'Undergraduate','ALL402',2,'Arabic Rhetorics III:Al-Badi','Arabic Rhetorics III:Al-Badi',11,'0',0,3,1,'FT',3),(265,'Undergraduate','ALL403',3,'Arabic Grammar IV','Arabic Grammar IV',11,'0',40,3,1,'FT',3),(266,'Undergraduate','ALL404',3,'Advanced Arabic Creative Writing II','Advanced Arabic Creative Writing II',11,'0',0,3,1,'FT',3),(267,'Undergraduate','ALL405',3,'Modern Arabic Poetry','Modern Arabic Poetry',11,'0',40,3,1,'FT',3),(268,'Undergraduate','ALL406',3,'Modern Arabic Prose','Modern Arabic Prose',11,'0',40,3,1,'FT',3),(269,'Undergraduate','ALL407',2,'West Africa Arabic Literature','West Africa Arabic Literature',11,'0',0,3,1,'FT',3),(270,'Undergraduate','ALL408',2,'Africa In Medieval Arabic Writing','Africa In Medieval Arabic Writing',11,'0',40,3,1,'FT',3),(271,'Undergraduate','ALL409',2,'TRANSLATION:ARABIC/ENGLISH/ARABIC','TRANSLATION:ARABIC/ENGLISH/ARABIC',10,'0',40,3,1,'FT',3),(272,'Undergraduate','ALL410',2,'Drama in Modern Arabic Literature','Drama in Modern Arabic Literature',11,'0',40,3,1,'FT',3),(273,'Undergraduate','ALL411',2,'Advanced Arabic Reading','Advanced Arabic Reading',11,'0',40,3,1,'FT',3),(274,'Undergraduate','ALL412',2,'Arabic Literature in the Mahjar','Arabic Literature in the Mahjar',11,'0',40,3,1,'FT',3),(275,'Undergraduate','ALL413',6,'The Long Essay','The Long Essay',11,'0',40,3,1,'FT',3),(276,'Undergraduate','AN50',3,'Stuff of Principle of Animal Breeding','Stuff of Principle of Animal Breeding',25,'0',0,3,1,'FT',3),(277,'Undergraduate','ANA201',4,'Gross Anatomy of the Lower Limbs, Abdomen, Pelvis, and Perineum','Gross Anatomy of the Lower Limbs, Abdomen, Pelvis, and Perineum',22,'0',0,3,1,'FT',3),(278,'Undergraduate','ANA201.',4,'General and Systemic Histology','General and Systemic Histology',22,'0',0,3,1,'FT',3),(279,'Undergraduate','ANA201..',4,'Gross Anatomy of the Lower Limb and General Embryology','Gross Anatomy of the Lower Limb and General Embryology',22,'0',0,3,1,'FT',3),(280,'Undergraduate','ANA202',3,'Gross Anatomy of Upper Limbs, Thorax, Head and Neck','Gross Anatomy of Upper Limbs, Thorax, Head and Neck',22,'0',0,3,1,'FT',3),(281,'Undergraduate','ANA202.',3,'General and Gross Anatomy','General and Gross Anatomy',22,'0',0,3,1,'FT',3),(282,'Undergraduate','ANA202..',3,'Gross Anatomy of Abdomen,Pelvis & Perineum','Gross Anatomy of Abdomen,Pelvis & Perineum',22,'0',0,3,1,'FT',3),(283,'Undergraduate','ANA203',3,'Histology and Histochemistry','Histology and Histochemistry',22,'0',0,3,1,'FT',3),(284,'Undergraduate','ANA203.',3,'Gross Anatomy of the Thorax & Upper Limb','Gross Anatomy of the Thorax & Upper Limb',22,'0',0,3,1,'FT',3),(285,'Undergraduate','ANA213',4,'Gross Anatomy I','Gross Anatomy I',22,'0',0,3,1,'FT',3),(286,'Undergraduate','ANA214',3,'Gross Anatomy','Gross Anatomy',22,'0',40,3,1,'FT',3),(287,'Undergraduate','ANA301',3,'Gross Anatomy of Head and Neck and Neuro Anatomy','Gross Anatomy of Head and Neck and Neuro Anatomy',22,'0',40,3,1,'FT',3),(288,'Undergraduate','ANA302',2,'General Histology','General Histology',22,'0',40,3,1,'FT',3),(289,'Undergraduate','ANAT213',4,'Gross Anatomy In Nursing','Gross Anatomy In Nursing',25,'0',0,3,1,'FT',3),(290,'Undergraduate','ANAT214',4,'Gross Anatomy in Nursing II','Gross Anatomy in Nursing II',25,'0',0,3,1,'FT',3),(291,'Undergraduate','ANS210',2,'Introduction to General Agricultural Livestocks','Introduction to General Agricultural Livestocks',6,'0',0,3,1,'FT',3),(292,'Undergraduate','ANS310',2,'Introduction to Non-Ruminant Animal Management','Introduction to Non-Ruminant Animal Management',86,'0',40,3,1,'FT',3),(293,'Undergraduate','ANS310.',0,'Animal Production I','Animal Production I',82,'0',0,3,0,'FT',3),(294,'Undergraduate','ANS311',2,'Physiologyof Reproduction and Growth','Physiologyof Reproduction and Growth',6,'0',40,3,1,'FT',3),(295,'Undergraduate','ANS312',3,'Elementary Topics in Animal Breeding','Elementary Topics in Animal Breeding',6,'0',40,3,1,'FT',3),(296,'Undergraduate','ANS313',2,'Introduction to Ruminant Animal Management','Introduction to Ruminant Animal Management',6,'0',40,3,1,'FT',3),(297,'Undergraduate','ANS313.',0,'Animal Production II','Animal Production II',82,'0',0,3,0,'FT',3),(298,'Undergraduate','ANS314',2,'Animal Husbandry and Production','Animal Husbandry and Production',6,'0',40,3,1,'FT',3),(299,'Undergraduate','ANS370',2,'Introduction to Ruminant Animal Management','Introduction to Ruminant Animal Management',6,'0',40,3,1,'FT',3),(300,'Undergraduate','ANS371',2,'Animal Production and Husbandry','Animal Production and Husbandry',6,'0',40,3,1,'FT',3),(301,'Undergraduate','ANS386',3,'Elementary topics in Animal Breeding','Elementary topics in Animal Breeding',6,'0',40,3,1,'FT',3),(302,'Undergraduate','ANS410',2,'Animal Husbandry Techniques','Animal Husbandry Techniques',6,'0',40,3,1,'FT',3),(303,'Undergraduate','ANS411',2,'Animal Husbandry Techniques II','Animal Husbandry Techniques II',6,'0',40,3,1,'FT',3),(304,'Undergraduate','ANS500',3,'Principles of Animal Breeding','Principles of Animal Breeding',6,'0',0,3,1,'FT',3),(305,'Undergraduate','ANS510',2,'Poultry, Swine & Rabbit Production','Poultry, Swine & Rabbit Production',6,'0',40,3,1,'FT',3),(306,'Undergraduate','ANS511',2,'Monogastric Nutrition','Monogastric Nutrition',6,'0',40,3,1,'FT',3),(307,'Undergraduate','ANS512',2,'Ruminant Nutrition','Ruminant Nutrition',6,'0',40,3,1,'FT',3),(308,'Undergraduate','ANS513',2,'Animal Breeding and Livestock Improvement','Animal Breeding and Livestock Improvement',6,'0',40,3,1,'FT',3),(309,'Undergraduate','ANS514',2,'Bioclimatology of Farm Animals','Bioclimatology of Farm Animals',6,'0',40,3,1,'FT',3),(310,'Undergraduate','ANS515',2,'Cattle, Sheep and Goat Production','Cattle, Sheep and Goat Production',6,'0',40,3,1,'FT',3),(311,'Undergraduate','ANS516',2,'Animal Breeding Methods','Animal Breeding Methods',6,'0',40,3,1,'FT',3),(312,'Undergraduate','ANS517',2,'Animal Products','Animal Products',6,'0',40,3,1,'FT',3),(313,'Undergraduate','ANS518',2,'Artificial Insemination in Farm Animals','Artificial Insemination in Farm Animals',6,'0',40,3,1,'FT',3),(314,'Undergraduate','ANS519',2,'Animal Production Research Techniques','Animal Production Research Techniques',6,'0',40,3,1,'FT',3),(315,'Undergraduate','ANS520',2,'Animal Breeding and Livestock Improvement','Animal Breeding and Livestock Improvement',6,'0',40,3,1,'FT',3),(316,'Undergraduate','ANS521',2,'Animal Products and Handling','Animal Products and Handling',6,'0',40,3,1,'FT',3),(317,'Undergraduate','ANS523',2,'Pasture and Range Management','Pasture and Range Management',6,'0',40,3,1,'FT',3),(318,'Undergraduate','ANS525',2,'Artificial Insemination in Farm Animals','Artificial Insemination in Farm Animals',6,'0',40,3,1,'FT',3),(319,'Undergraduate','ANS530',2,'Pasture & Range Management','Pasture & Range Management',6,'0',0,3,1,'FT',3),(320,'Undergraduate','ANS590',2,'Seminar','Seminar',6,'0',40,3,1,'FT',3),(321,'Undergraduate','ANS599',4,'Special Project','Special Project',6,'0',0,3,1,'FT',3),(322,'Undergraduate','ANT115',4,'Introduction to Cultural Anthropology','Introduction to Cultural Anthropology',84,'0',40,3,1,'FT',3),(323,'Undergraduate','ANT125',5,'Introduction to Primates and Humans','Introduction to Primates and Humans',84,'0',40,3,1,'FT',3),(324,'Undergraduate','ANT126',4,'Introduction to Primates and Humans','Introduction to Primates and Humans',97,'0',0,3,1,'FT',3),(325,'Undergraduate','ANT127	',3,'Nigerian Cultures and Societies','Nigerian Cultures and Societies',97,'0',0,3,0,'FT',3),(326,'Undergraduate','ANT201',3,'Introductory Anatomy','Introductory Anatomy',84,'0',40,3,1,'FT',3),(327,'Undergraduate','ANT211',4,'Introduction to Genetics and Cell Physiology (BIO 211)','Introduction to Genetics and Cell Physiology (BIO 211)',12,'0',0,3,1,'FT',3),(328,'Undergraduate','ANT212',3,'Culture, Health and Societies','Culture, Health and Societies',84,'0',0,3,1,'FT',3),(329,'Undergraduate','ANT213',3,'Visual and Media Anthroplogy','Visual and Media Anthroplogy',84,'0',0,3,1,'FT',3),(330,'Undergraduate','ANT215',4,'Culture and Society','Culture and Society',84,'0',40,3,1,'FT',3),(331,'Undergraduate','ANT216',4,'Hominid Evolution and Early Cultural Development','Hominid Evolution and Early Cultural Development',84,'0',40,3,1,'FT',3),(332,'Undergraduate','ANT217',4,'Introduction to Anthropological Field Research','Introduction to Anthropological Field Research',84,'0',40,3,1,'FT',3),(333,'Undergraduate','ANT219',3,'Fundamentals of Anthropology','Fundamentals of Anthropology',84,'0',0,3,1,'FT',3),(334,'Undergraduate','ANT220',3,'Practical In Biological Anthropology I','Practical In Biological Anthropology I',84,'0',0,3,1,'FT',3),(335,'Undergraduate','ANT224',3,'Ethnography of Communication','Ethnography of Communication',84,'0',0,3,1,'FT',3),(336,'Undergraduate','ANT225',4,'Communication in Societies','Communication in Societies',84,'0',40,3,1,'FT',3),(337,'Undergraduate','ANT226',4,'History of Anthropological Theory: An Inroduction','History of Anthropological Theory: An Inroduction',84,'0',40,3,1,'FT',3),(338,'Undergraduate','ANT227',4,'Practicals In Biological Anthropology','Practicals In Biological Anthropology',84,'0',40,3,1,'FT',3),(339,'Undergraduate','ANT228',4,'Introduction to Cultural Resources Management','Introduction to Cultural Resources Management',84,'0',40,3,1,'FT',3),(340,'Undergraduate','ANT315',3,'Primates and Humans','Primates and Humans',84,'0',40,3,1,'FT',3),(341,'Undergraduate','ANT316',3,'Material Culture In Society','Material Culture In Society',84,'0',40,3,1,'FT',3),(342,'Undergraduate','ANT317',5,'Fieldwork II(Social Anthropology and Biological Anthropology)','Fieldwork II(Social Anthropology and Biological Anthropology)',84,'0',0,3,1,'FT',3),(343,'Undergraduate','ANT318',3,'Ethnology of Rural/Urban Societies','Ethnology of Rural/Urban Societies',84,'0',40,3,1,'FT',3),(344,'Undergraduate','ANT325',4,'Innovation,Change and Development','Innovation,Change and Development',84,'0',40,3,1,'FT',3),(345,'Undergraduate','ANT326',4,'Peoples and Cultures of Africa','Peoples and Cultures of Africa',84,'0',40,3,1,'FT',3),(346,'Undergraduate','ANT327',4,'Practicals in Biological Anthropology II','Practicals in Biological Anthropology II',84,'0',40,3,1,'FT',3),(347,'Undergraduate','ANT328',4,'African Anthropological Theory','African Anthropological Theory',84,'0',40,3,1,'FT',3),(348,'Undergraduate','ANT329',3,'Biological Variations in Human Population','Biological Variations in Human Population',10,'0',0,3,1,'FT',3),(349,'Undergraduate','ANT415',6,'Special Project: Anthropology (Biological/Social)','Special Project: Anthropology (Biological/Social)',84,'0',40,3,1,'FT',3),(350,'Undergraduate','ANT416',5,'Applied Anthropology','Applied Anthropology',84,'0',40,3,1,'FT',3),(351,'Undergraduate','ANT417',3,'Fieldwork III(Social Anthropology and Biological Anthropology)','Fieldwork III(Social Anthropology and Biological Anthropology)',84,'0',0,3,1,'FT',3),(352,'Undergraduate','ANT418',3,'Problems of Theory and Method in Anthropology and Archaeology','Problems of Theory and Method in Anthropology and Archaeology',84,'0',40,3,1,'FT',3),(353,'Undergraduate','ANT419',4,'Anthropology and Community Health in Africa','Anthropology and Community Health in Africa',84,'0',40,3,1,'FT',3),(354,'Undergraduate','ANT425',3,'Family and Kinship','Family and Kinship',84,'0',40,3,1,'FT',3),(355,'Undergraduate','ANT426',3,'Molecular Basis of Human Variation','Molecular Basis of Human Variation',84,'0',40,3,1,'FT',3),(356,'Undergraduate','ANT427',4,'Nutritional Anthropology','Nutritional Anthropology',12,'0',0,3,1,'FT',3),(357,'Undergraduate','ANT428',4,'Nigerian/West African Ethnology','Nigerian/West African Ethnology',84,'0',40,3,1,'FT',3),(358,'Undergraduate','ANT429',3,'Cultural Resource Management','Cultural Resource Management',84,'0',40,3,1,'FT',3),(359,'Undergraduate','ARC111',3,'Introduction to Archaeology','Introduction to Archaeology',84,'0',0,3,1,'FT',3),(360,'Undergraduate','ARC115',4,'Introduction to Cultural Anthropology','Introduction to Cultural Anthropology',84,'0',40,3,1,'FT',3),(361,'Undergraduate','ARC122',5,'Environment and Humans','Environment and Humans',66,'0',40,3,1,'FT',3),(362,'Undergraduate','ARC123',4,'Introduction to Human Environment','Introduction to Human Environment',98,'0',0,3,1,'FT',3),(363,'Undergraduate','ARC211',4,'Archaeological Theory and Practice','Archaeological Theory and Practice',84,'0',0,3,1,'FT',3),(364,'Undergraduate','ARC212',4,'Fieldwork I: Introduction to Excavation','Fieldwork I: Introduction to Excavation',84,'0',40,3,1,'FT',3),(365,'Undergraduate','ARC213',3,'Introduction to Museology','Introduction to Museology',84,'0',0,3,1,'FT',3),(366,'Undergraduate','ARC221',4,'Early Human Technologies (Laboratory Course)','Early Human Technologies (Laboratory Course)',84,'0',40,3,1,'FT',3),(367,'Undergraduate','ARC222',5,'Introduction to Environmental Archaeology (Ecological Anthropology)','Introduction to Environmental Archaeology (Ecological Anthropology)',84,'0',40,3,1,'FT',3),(368,'Undergraduate','ARC223',4,'Introduction Human Paleoecology','Introduction Human Paleoecology',84,'0',0,3,1,'FT',3),(369,'Undergraduate','ARC224',3,'Introduction to Forensic Archaeology','Introduction to Forensic Archaeology',84,'0',0,3,1,'FT',3),(370,'Undergraduate','ARC311',4,'Introduction to Ethnoarchaeology','Introduction to Ethnoarchaeology',84,'0',40,3,1,'FT',3),(371,'Undergraduate','ARC312',5,'Fieldwork II: Archaeology','Fieldwork II: Archaeology',84,'0',40,3,1,'FT',3),(372,'Undergraduate','ARC313',3,'African Arts','African Arts',84,'0',40,3,1,'FT',3),(373,'Undergraduate','ARC314',4,'Archaeology of Africa','Archaeology of Africa',84,'0',40,3,1,'FT',3),(374,'Undergraduate','ARC315',5,'Environmental Archaeology I: (Ecological Anthropology)','Environmental Archaeology I: (Ecological Anthropology)',84,'0',40,3,1,'FT',3),(375,'Undergraduate','ARC316',3,'Material Culture in Society','Material Culture in Society',84,'0',0,3,1,'FT',3),(376,'Undergraduate','ARC321',3,'Quantitative Methods in Archaeology','Quantitative Methods in Archaeology',84,'0',40,3,1,'FT',3),(377,'Undergraduate','ARC322',4,'Technology and Artefact Classification I','Technology and Artefact Classification I',84,'0',40,3,1,'FT',3),(378,'Undergraduate','ARC323',4,'Conservation and Material Science','Conservation and Material Science',84,'0',40,3,1,'FT',3),(379,'Undergraduate','ARC411',3,'Physico-Chemical Methods in Archaeology and Biological Anthropology','Physico-Chemical Methods in Archaeology and Biological Anthropology',84,'0',0,3,1,'FT',3),(380,'Undergraduate','ARC412',3,'Fieldwork III: Archaeology','Fieldwork III: Archaeology',84,'0',40,3,1,'FT',3),(381,'Undergraduate','ARC413',3,'Environmental Archaeology II','Environmental Archaeology II',84,'0',40,3,1,'FT',3),(382,'Undergraduate','ARC415',6,'Special Project: Archaeology','Special Project: Archaeology',84,'0',40,3,1,'FT',3),(383,'Undergraduate','ARC416',3,'Applied Anthropology','Applied Anthropology',84,'0',0,3,1,'FT',3),(384,'Undergraduate','ARC421',4,'Technology and Artefact Classification II','Technology and Artefact Classification II',84,'0',40,3,1,'FT',3),(385,'Undergraduate','ARC422',5,'Archaeology of West Africa and the Sahara','Archaeology of West Africa and the Sahara',84,'0',40,3,1,'FT',3),(386,'Undergraduate','ASE103',3,'Language in School','Language in School',14,'0',40,3,1,'FT',3),(387,'Undergraduate','ASE122',3,'General Language Methods','General Language Methods',43,'0',40,3,1,'FT',3),(388,'Undergraduate','ASE123',3,'Language in School','Language in School',43,'0',40,3,1,'FT',3),(389,'Undergraduate','ASE141',3,'Social Studies Methods','Social Studies Methods',43,'0',40,3,1,'FT',3),(390,'Undergraduate','ASE205',3,'Professional Practice I','Professional Practice I',43,'0',40,3,1,'FT',3),(391,'Undergraduate','ASE222',3,'Arabic Language/Lit. Methods','Arabic Language/Lit. Methods',43,'0',40,3,1,'FT',3),(392,'Undergraduate','ASE223',3,'English language/Lit. Methods','English language/Lit. Methods',43,'0',40,3,1,'FT',3),(393,'Undergraduate','ASE224',3,'Economics Method I','Economics Method I',43,'0',40,3,1,'FT',3),(394,'Undergraduate','ASE225',3,'Islamic Methods I','Islamic Methods I',43,'0',40,3,1,'FT',3),(395,'Undergraduate','ASE226',3,'English (Lang & Litt) Method I','English (Lang & Litt) Method I',43,'0',40,3,1,'FT',3),(396,'Undergraduate','ASE227',3,'French Lang./Lit. Methods','French Lang./Lit. Methods',43,'0',0,3,1,'FT',3),(397,'Undergraduate','ASE229',3,'Geography Method 1','Geography Method 1',43,'0',40,3,1,'FT',3),(398,'Undergraduate','ASE230',3,'Language Arts Methods','Language Arts Methods',43,'0',40,3,1,'FT',3),(399,'Undergraduate','ASE232',3,'History Methods1','History Methods1',43,'0',40,3,1,'FT',3),(400,'Undergraduate','ASE234',3,'Religious Education Methods I','Religious Education Methods I',43,'0',40,3,1,'FT',3),(401,'Undergraduate','ASE235',3,'Yoruba Lang./Lit. Methods','Yoruba Lang./Lit. Methods',43,'0',40,3,1,'FT',3),(402,'Undergraduate','ASE239',3,'Language Acquisition Process','Language Acquisition Process',43,'0',40,3,1,'FT',3),(403,'Undergraduate','ASE240',2,'Igbo Methods I','Igbo Methods I',18,'0',40,3,1,'FT',3),(404,'Undergraduate','ASE241',3,'Educational Linguistics','Educational Linguistics',43,'0',40,3,1,'FT',3),(405,'Undergraduate','ASE251',3,'Political Science Methods','Political Science Methods',43,'0',0,3,1,'FT',3),(406,'Undergraduate','ASE301',3,'Political Science Methods II','Political Science Methods II',43,'0',0,3,1,'FT',3),(407,'Undergraduate','ASE303',3,'General Principles of Curriculum and Instruction','General Principles of Curriculum and Instruction',43,'0',40,3,1,'FT',3),(408,'Undergraduate','ASE304',2,'Language and style','Language and style',16,'0',40,3,1,'FT',3),(409,'Undergraduate','ASE305',3,'Professional Practice II','Professional Practice II',43,'0',40,3,1,'FT',3),(410,'Undergraduate','ASE322',3,'Arabic (Lang & Litt) Method II','Arabic (Lang & Litt) Method II',43,'0',40,3,1,'FT',3),(411,'Undergraduate','ASE323',3,'Drama Methods','Drama Methods',43,'0',40,3,1,'FT',3),(412,'Undergraduate','ASE324',3,'Economics Methodology II','Economics Methodology II',36,'0',0,3,1,'FT',3),(413,'Undergraduate','ASE325',3,'Islamic Methods II','Islamic Methods II',43,'0',40,3,1,'FT',3),(414,'Undergraduate','ASE326',3,'English Lang./Lit. Methods','English Lang./Lit. Methods',43,'0',40,3,1,'FT',3),(415,'Undergraduate','ASE327',3,'French/Literature Method','French/Literature Method',43,'0',40,3,1,'FT',3),(416,'Undergraduate','ASE329',3,'Geography Methods II','Geography Methods II',43,'0',40,3,1,'FT',3),(417,'Undergraduate','ASE332',3,'History Methods II','History Methods II',43,'0',40,3,1,'FT',3),(418,'Undergraduate','ASE334',3,'Religious Education Methods II','Religious Education Methods II',43,'0',40,3,1,'FT',3),(419,'Undergraduate','ASE335',3,'Yoruba Language & Literature Methods II','Yoruba Language & Literature Methods II',43,'0',40,3,1,'FT',3),(420,'Undergraduate','ASE339',3,'Social Studies Methods II','Social Studies Methods II',43,'0',40,3,1,'FT',3),(421,'Undergraduate','ASE340',3,'Igbo (Lang & Litt) Method II','Igbo (Lang & Litt) Method II',43,'0',40,3,1,'FT',3),(422,'Undergraduate','ASE351',3,'Political Science Method II','Political Science Method II',43,'0',0,3,1,'FT',3),(423,'Undergraduate','ASE353',3,'Introduction to Instructional Technology','Introduction to Instructional Technology',15,'0',40,3,1,'FT',3),(424,'Undergraduate','ASE401',6,'Individual Project','Individual Project',43,'0',0,3,1,'FT',3),(425,'Undergraduate','ASE404',3,'Curriculum Development Implication and Revision','Curriculum Development Implication and Revision',43,'0',40,3,1,'FT',3),(426,'Undergraduate','ASE405',3,'Professional Practice III','Professional Practice III',43,'0',40,3,1,'FT',3),(427,'Undergraduate','ASE407',3,'Comparative Education ','Comparative Education ',18,'0',40,3,1,'FT',3),(428,'Undergraduate','AVM.',0,'Wildlife and Aquatic Animal Ecology Management & Disease','Wildlife and Aquatic Animal Ecology Management & Disease',82,'0',0,3,0,'FT',3),(429,'Undergraduate','AVM619',2,'Wildlife/Fish Ecology & Diseases','Wildlife/Fish Ecology & Diseases',82,'0',0,3,1,'FT',3),(430,'Undergraduate','BCT111',3,'Cryptogamic Botany','Cryptogamic Botany',23,'0',40,3,1,'FT',3),(431,'Undergraduate','BDS201',6,'Anatomy I','Anatomy I',33,'0',50,3,1,'FT',3),(432,'Undergraduate','BDS202',6,'Physiology I','Physiology I',33,'0',50,3,1,'FT',3),(433,'Undergraduate','BDS203',6,'Biochemistry I','Biochemistry I',33,'0',50,3,1,'FT',3),(434,'Undergraduate','BDS301',3,'Anatomy II','Anatomy II',33,'0',50,3,1,'FT',3),(435,'Undergraduate','BDS302',3,'Physiology II','Physiology II',33,'0',50,3,1,'FT',3),(436,'Undergraduate','BDS303',3,'Biochemistry II','Biochemistry II',33,'0',50,3,1,'FT',3),(437,'Undergraduate','BDS304',6,'Pathology','Pathology',33,'0',50,3,1,'FT',3),(438,'Undergraduate','BDS305',6,'Pharmacology','Pharmacology',33,'0',50,3,1,'FT',3),(439,'Undergraduate','BDS306',3,'Introduction to Clinical laboratory Methods','Introduction to Clinical laboratory Methods',33,'0',50,3,1,'FT',3),(440,'Undergraduate','BDS307',3,'Operative techniques','Operative techniques',33,'0',50,3,1,'FT',3),(441,'Undergraduate','BDS401',6,'Medicine I','Medicine I',33,'0',50,3,1,'FT',3),(442,'Undergraduate','BDS402',6,'Surgery I','Surgery I',33,'0',50,3,1,'FT',3),(443,'Undergraduate','BDS403',6,'Oral Mexillofacial Surgery I','Oral Mexillofacial Surgery I',33,'0',50,3,1,'FT',3),(444,'Undergraduate','BDS404',6,'Oral Pathology / Oral Medicine I','Oral Pathology / Oral Medicine I',33,'0',50,3,1,'FT',3),(445,'Undergraduate','BDS405',6,'Preventive Dentistry I','Preventive Dentistry I',33,'0',50,3,1,'FT',3),(446,'Undergraduate','BDS406',6,'RestorativeDentistry I','RestorativeDentistry I',33,'0',50,3,1,'FT',3),(447,'Undergraduate','BDS407',6,'Child Oral Health I','Child Oral Health I',33,'0',50,3,1,'FT',3),(448,'Undergraduate','BDS501',6,'Medicine II','Medicine II',33,'0',50,3,1,'FT',3),(449,'Undergraduate','BDS502',6,'Surgery II','Surgery II',33,'0',50,3,1,'FT',3),(450,'Undergraduate','BDS503',6,'Oral Mexillofacial Surgery II','Oral Mexillofacial Surgery II',33,'0',50,3,1,'FT',3),(451,'Undergraduate','BDS504',6,'Oral Pathology / Oral Medicine II','Oral Pathology / Oral Medicine II',33,'0',50,3,1,'FT',3),(452,'Undergraduate','BDS505',6,'Preventive Dentistry II','Preventive Dentistry II',33,'0',50,3,1,'FT',3),(453,'Undergraduate','BDS506',6,'Restorative Dentistry II','Restorative Dentistry II',33,'0',50,3,1,'FT',3),(454,'Undergraduate','BDS507',6,'Child Oral Health II','Child Oral Health II',33,'0',50,3,1,'FT',3),(455,'Undergraduate','BDS601',6,'Oral Maxillofacial Surgery III','Oral Maxillofacial Surgery III',33,'0',50,3,1,'FT',3),(456,'Undergraduate','BDS602',6,'Oral Pathology / Oral Medicine III','Oral Pathology / Oral Medicine III',33,'0',50,3,1,'FT',3),(457,'Undergraduate','BDS603',6,'Preventive Dentistry III','Preventive Dentistry III',33,'0',50,3,1,'FT',3),(458,'Undergraduate','BDS604',6,'Restorative Dentistry III','Restorative Dentistry III',33,'0',50,3,1,'FT',3),(459,'Undergraduate','BDS605',6,'Child Oral Health III','Child Oral Health III',33,'0',50,3,1,'FT',3),(460,'Undergraduate','BIC201',3,'Cell Biochemistry','Cell Biochemistry',23,'0',40,3,1,'FT',3),(461,'Undergraduate','BIC202',3,'Water, Equilibria and Biochemical Thermodynamics','Water, Equilibria and Biochemical Thermodynamics',23,'0',40,3,1,'FT',3),(462,'Undergraduate','BIC301',3,'Proteins:  Chemistry and Metabolism','Proteins:  Chemistry and Metabolism',23,'0',40,3,1,'FT',3),(463,'Undergraduate','BIC302',3,'Carbohydrates:  Chemistry and Metabolism','Carbohydrates:  Chemistry and Metabolism',23,'0',40,3,1,'FT',3),(464,'Undergraduate','BIC303',3,'Nucleic Acids:  Genome Organization and Biosynthesis of Proteins','Nucleic Acids:  Genome Organization and Biosynthesis of Proteins',23,'0',40,3,1,'FT',3),(465,'Undergraduate','BIC304',3,'Lipids:  Chemistry and Metabolism','Lipids:  Chemistry and Metabolism',23,'0',40,3,1,'FT',3),(466,'Undergraduate','BIC305',3,'Structural Models, Composition of Structure and Function of Biological Membranes','Structural Models, Composition of Structure and Function of Biological Membranes',23,'0',40,3,1,'FT',3),(467,'Undergraduate','BIC306',3,'Introductory Enzymology','Introductory Enzymology',23,'0',40,3,1,'FT',3),(468,'Undergraduate','BIC307',3,'Instrumentation and Analytical Methods in Biochemichemistry','Instrumentation and Analytical Methods in Biochemichemistry',23,'0',40,3,1,'FT',3),(469,'Undergraduate','BIC308',3,'Principles of Endocrinology','Principles of Endocrinology',23,'0',40,3,1,'FT',3),(470,'Undergraduate','BIC309',3,'Principles of Food and Nutrition Biochemistry','Principles of Food and Nutrition Biochemistry',23,'0',40,3,1,'FT',3),(471,'Undergraduate','BIC310',3,'Principles of Immunology','Principles of Immunology',23,'0',40,3,1,'FT',3),(472,'Undergraduate','BIC311',3,'Student Industrial Work Experience','Student Industrial Work Experience',23,'0',40,3,1,'FT',3),(473,'Undergraduate','BIC340',3,'Chemistry and Biochemistry of Macromolecules','Chemistry and Biochemistry of Macromolecules',23,'0',40,3,1,'FT',3),(474,'Undergraduate','BIC341',3,'Enzymes and Intermediary Metabolism','Enzymes and Intermediary Metabolism',23,'0',40,3,1,'FT',3),(475,'Undergraduate','BIC401',3,'Comparative Biochemistry','Comparative Biochemistry',23,'0',40,3,1,'FT',3),(476,'Undergraduate','BIC402',3,'Advanced Protein Biochemistry','Advanced Protein Biochemistry',23,'0',40,3,1,'FT',3),(477,'Undergraduate','BIC403',3,'Advanced Carbohydrates Biochemistry','Advanced Carbohydrates Biochemistry',23,'0',40,3,1,'FT',3),(478,'Undergraduate','BIC404',3,'Advanced Lipid Biochemistry','Advanced Lipid Biochemistry',23,'0',40,3,1,'FT',3),(479,'Undergraduate','BIC405',3,'Enzymology','Enzymology',23,'0',40,3,1,'FT',3),(480,'Undergraduate','BIC406',3,'Membrane Biochemistry and Biophysics','Membrane Biochemistry and Biophysics',23,'0',40,3,1,'FT',3),(481,'Undergraduate','BIC409',3,'Endoplasmic Reticulum','Endoplasmic Reticulum',23,'0',40,3,1,'FT',3),(482,'Undergraduate','BIC410',3,'Endocrinology','Endocrinology',23,'0',40,3,1,'FT',3),(483,'Undergraduate','BIC411',3,'Molecular Aspects of Immunology','Molecular Aspects of Immunology',23,'0',40,3,1,'FT',3),(484,'Undergraduate','BIC412',3,'Neurobiochemistry','Neurobiochemistry',23,'0',40,3,1,'FT',3),(485,'Undergraduate','BIC413',3,'Biochemistry and Immunology of Prevalent Parasitic Diseases in Tropical Africa','Biochemistry and Immunology of Prevalent Parasitic Diseases in Tropical Africa',23,'0',40,3,1,'FT',3),(486,'Undergraduate','BIC414',3,'Forensic Biochemistry','Forensic Biochemistry',23,'0',40,3,1,'FT',3),(487,'Undergraduate','BIC415',3,'Advanced Nutritional Biochemistry','Advanced Nutritional Biochemistry',23,'0',40,3,1,'FT',3),(488,'Undergraduate','BIC416',3,'Molecular Biology','Molecular Biology',23,'0',40,3,1,'FT',3),(489,'Undergraduate','BIC417',3,'Plant Biochemistry','Plant Biochemistry',23,'0',40,3,1,'FT',3),(490,'Undergraduate','BIC418',3,'Biochemical Reasoning','Biochemical Reasoning',23,'0',40,3,1,'FT',3),(491,'Undergraduate','BIC419',3,'Seminar','Seminar',23,'0',40,3,1,'FT',3),(492,'Undergraduate','BIC420',6,'Research Project','Research Project',23,'0',40,3,1,'FT',3),(493,'Undergraduate','BIO101',3,'General Biology I','General Biology I',43,'0',0,3,1,'FT',3),(494,'Undergraduate','BIO102',2,'General Biology II','General Biology II',43,'0',0,3,1,'FT',3),(495,'Undergraduate','BIO103',2,'Introductory Genetics and Ecology','Introductory Genetics and Ecology',43,'0',0,3,1,'FT',3),(496,'Undergraduate','BIO104',2,'Practical Biology','Practical Biology',43,'0',0,3,1,'FT',3),(497,'Undergraduate','BIO201',4,'Introduction to Genetics and Cell physiology','Introduction to Genetics and Cell physiology',23,'0',40,3,1,'FT',3),(498,'Undergraduate','BIO201.',2,'Genetics I','Genetics I',61,'0',0,3,1,'FT',3),(499,'Undergraduate','BIO202',3,'Introduction to Human Physiology','Introduction to Human Physiology',56,'0',0,3,1,'FT',3),(500,'Undergraduate','bio202.',2,'General physiology','General physiology',61,'0',0,3,1,'FT',3),(501,'Undergraduate','BIO204',3,'Introductory development/cell biology','Introductory development/cell biology',61,'0',0,3,1,'FT',3),(502,'Undergraduate','BIO211',4,'Introductory Genetics and Cell Physiology','Introductory Genetics and Cell Physiology',23,'0',40,3,1,'FT',3),(503,'Undergraduate','BIO212',3,'Introductory Ecology','Introductory Ecology',85,'0',40,3,1,'FT',3),(504,'Undergraduate','BIO214',2,'Biological Techniques','Biological Techniques',23,'0',40,3,1,'FT',3),(505,'Undergraduate','BIO215',2,'Introductory Genetics','Introductory Genetics',85,'0',0,3,1,'FT',3),(506,'Undergraduate','BIO216 ',3,'General Physiology of Plants & Animals','General Physiology of Plants & Animals',85,'0',0,3,1,'FT',3),(507,'Undergraduate','BIO311',3,'Genetic Variability & Evolution','Genetic Variability & Evolution',85,'0',0,3,1,'FT',3),(508,'Undergraduate','BIO312',3,'Applied Ecology','Applied Ecology',23,'0',0,3,1,'FT',3),(509,'Undergraduate','BIO317',3,'Field Course I','Field Course I',85,'0',40,3,1,'FT',3),(510,'Undergraduate','BIO411',3,'Genetics in Molecular Biology','Genetics in Molecular Biology',23,'0',40,3,1,'FT',3),(511,'Undergraduate','BIO412',2,'Biogeography','Biogeography',85,'0',40,3,1,'FT',3),(512,'Undergraduate','BIO413',2,'History of Biology','History of Biology',23,'0',40,3,1,'FT',3),(513,'Undergraduate','BIO414',2,'Impact of Biology On Society','Impact of Biology On Society',85,'0',40,3,1,'FT',3),(514,'Undergraduate','BIO415',3,'Environmental Biology','Environmental Biology',23,'0',40,3,1,'FT',3),(515,'Undergraduate','BIO416',3,'Toxicology','Toxicology',85,'0',40,3,1,'FT',3),(516,'Undergraduate','BIO417',3,'Field Course II','Field Course II',23,'0',40,3,1,'FT',3),(517,'Undergraduate','BIO442',3,'Palynology','Palynology',56,'0',0,3,1,'FT',3),(518,'Undergraduate','BMS201',6,'Anatomy I','Anatomy I',30,'0',50,3,1,'FT',3),(519,'Undergraduate','BMS202',6,'Physiology I','Physiology I',30,'0',50,3,1,'FT',3),(520,'Undergraduate','BMS203',6,'Biochemistry I','Biochemistry I',30,'0',50,3,1,'FT',3),(521,'Undergraduate','BMS301',3,'Anatomy I','Anatomy I',30,'0',50,3,1,'FT',3),(522,'Undergraduate','BMS302',3,'Physiology II','Physiology II',30,'0',50,3,1,'FT',3),(523,'Undergraduate','BMS303',3,'Biochemistry II','Biochemistry II',30,'0',50,3,1,'FT',3),(524,'Undergraduate','BMS304',6,'Pathology II','Pathology II',30,'0',50,3,1,'FT',3),(525,'Undergraduate','BMS305',6,'Pharmacology','Pharmacology',30,'0',50,3,1,'FT',3),(526,'Undergraduate','BMS306',3,'Introduction to Clinical Laboratory Methods','Introduction to Clinical Laboratory Methods',30,'0',50,3,1,'FT',3),(527,'Undergraduate','BMS307',6,'Surgery I','Surgery I',30,'0',50,3,1,'FT',3),(528,'Undergraduate','BMS308',6,'Medicine I','Medicine I',30,'0',50,3,1,'FT',3),(529,'Undergraduate','BMS401',6,'Surgery II','Surgery II',30,'0',50,3,1,'FT',3),(530,'Undergraduate','BMS402',6,'Medicine II','Medicine II',30,'0',50,3,1,'FT',3),(531,'Undergraduate','BMS403',6,'Obstetric and Gynaeocology I','Obstetric and Gynaeocology I',30,'0',50,3,1,'FT',3),(532,'Undergraduate','BMS404',6,'Paediatrics I','Paediatrics I',30,'0',50,3,1,'FT',3),(533,'Undergraduate','BMS405',3,'Ophthalmology I','Ophthalmology I',30,'0',50,3,1,'FT',3),(534,'Undergraduate','BMS406',3,'Oto-Rheno-Laryngology I','Oto-Rheno-Laryngology I',30,'0',50,3,1,'FT',3),(535,'Undergraduate','BMS407',3,'Anaesthesia I','Anaesthesia I',30,'0',50,3,1,'FT',3),(536,'Undergraduate','BMS408',3,'Psychiatry I','Psychiatry I',30,'0',50,3,1,'FT',3),(537,'Undergraduate','BMS409',3,'Radiology I','Radiology I',30,'0',50,3,1,'FT',3),(538,'Undergraduate','BMS410',3,'Radiotherapy I','Radiotherapy I',30,'0',50,3,1,'FT',3),(539,'Undergraduate','BMS411',6,'Preventive and Social Medicine I','Preventive and Social Medicine I',30,'0',50,3,1,'FT',3),(540,'Undergraduate','BMS412',6,'Pathology I','Pathology I',30,'0',50,3,1,'FT',3),(541,'Undergraduate','BMS413',6,'Pharmacology I','Pharmacology I',30,'0',50,3,1,'FT',3),(542,'Undergraduate','BMS501',6,'Surgery III','Surgery III',30,'0',50,3,1,'FT',3),(543,'Undergraduate','BMS502',6,'Medicine III','Medicine III',30,'0',50,3,1,'FT',3),(544,'Undergraduate','BMS503',6,'Obstetric and Gynaeocology II','Obstetric and Gynaeocology II',30,'0',50,3,1,'FT',3),(545,'Undergraduate','BMS504',6,'Paediatrics II','Paediatrics II',30,'0',50,3,1,'FT',3),(546,'Undergraduate','BMS505',3,'Ophthalmology II','Ophthalmology II',30,'0',50,3,1,'FT',3),(547,'Undergraduate','BMS506',3,'Oto- Rheno- Laryngology II','Oto- Rheno- Laryngology II',30,'0',50,3,1,'FT',3),(548,'Undergraduate','BMS507',3,'Anaesthesia II','Anaesthesia II',30,'0',50,3,1,'FT',3),(549,'Undergraduate','BMS508',3,'Psychiatry II','Psychiatry II',30,'0',50,3,1,'FT',3),(550,'Undergraduate','BMS509',3,'Radiology II','Radiology II',30,'0',50,3,1,'FT',3),(551,'Undergraduate','BMS510',3,'Radiotherapy II','Radiotherapy II',30,'0',50,3,1,'FT',3),(552,'Undergraduate','BMS511',1,'Preventive and Social Medicine II','Preventive and Social Medicine II',30,'0',0,3,1,'FT',3),(553,'Undergraduate','BMS512',1,'Pathology II','Pathology II',30,'0',0,3,1,'FT',3),(554,'Undergraduate','BMS513',6,'Pharmacology II','Pharmacology II',30,'0',50,3,1,'FT',3),(555,'Undergraduate','BMS601',6,'Surgery IV','Surgery IV',30,'0',50,3,1,'FT',3),(556,'Undergraduate','BMS602',6,'Medicine IV','Medicine IV',30,'0',50,3,1,'FT',3),(557,'Undergraduate','BMS603',6,'Obstetric and Gynaeocology III','Obstetric and Gynaeocology III',30,'0',50,3,1,'FT',3),(558,'Undergraduate','BMS604',6,'Paediatrics III','Paediatrics III',30,'0',50,3,1,'FT',3),(559,'Undergraduate','BMS605',6,'Preventive and Social Medicine III','Preventive and Social Medicine III',30,'0',50,3,1,'FT',3),(560,'Undergraduate','BMS606',3,'Ophthalmology III','Ophthalmology III',30,'0',50,3,1,'FT',3),(561,'Undergraduate','BMS607',3,'Oto- Rheno- Laryngology III','Oto- Rheno- Laryngology III',30,'0',50,3,1,'FT',3),(562,'Undergraduate','BMS608',3,'Anaesthesia III','Anaesthesia III',30,'0',50,3,1,'FT',3),(563,'Undergraduate','BMS609',3,'Psychiatry III','Psychiatry III',30,'0',50,3,1,'FT',3),(564,'Undergraduate','BMS610',3,'Radiology III','Radiology III',30,'0',50,3,1,'FT',3),(565,'Undergraduate','BMS611',3,'Radiotherathepy III','Radiotherathepy III',30,'0',50,3,1,'FT',3),(566,'Undergraduate','BOT111',3,'Cryptogamic Botany','Cryptogamic Botany',85,'0',40,3,1,'FT',3),(567,'Undergraduate','BOT121',3,'Introductory Biology of Phanerogams','Introductory Biology of Phanerogams',85,'0',0,3,1,'FT',3),(568,'Undergraduate','BOT141',3,'Basic Principles In Botany','Basic Principles In Botany',85,'0',0,3,1,'FT',3),(569,'Undergraduate','BOT211',3,'General Botany I','General Botany I',85,'0',40,3,1,'FT',3),(570,'Undergraduate','BOT241',3,'General Botany III','General Botany III',85,'0',40,3,1,'FT',3),(571,'Undergraduate','BOT242',2,'General Techniques In Botany','General Techniques In Botany',85,'0',40,3,1,'FT',3),(572,'Undergraduate','BOT245',3,'Plant Biotechnology','Plant Biotechnology',56,'0',0,3,1,'FT',3),(573,'Undergraduate','BOT246',2,'Seminar in Botany','Seminar in Botany',56,'0',0,3,1,'FT',3),(574,'Undergraduate','BOT271',3,'Introduction to Ethnobotany','Introduction to Ethnobotany',85,'0',40,3,1,'FT',3),(575,'Undergraduate','BOT302',2,'Field Course I','Field Course I',85,'0',0,3,1,'FT',3),(576,'Undergraduate','BOT311',3,'Bryophytes Pteridophytes and Gymnosperms','Bryophytes Pteridophytes and Gymnosperms',85,'0',40,3,1,'FT',3),(577,'Undergraduate','BOT321',3,'Mycology','Mycology',85,'0',40,3,1,'FT',3),(578,'Undergraduate','BOT341',3,'Taxonomy of Angiosperms','Taxonomy of Angiosperms',85,'0',40,3,1,'FT',3),(579,'Undergraduate','BOT342',3,'Plant Anatomy','Plant Anatomy',85,'0',40,3,1,'FT',3),(580,'Undergraduate','BOT343',3,'Introduction to Paleobotany','Introduction to Paleobotany',85,'0',40,3,1,'FT',3),(581,'Undergraduate','BOT344',3,'Mechanical Tissues','Mechanical Tissues',56,'0',0,3,1,'FT',3),(582,'Undergraduate','BOT351',3,'Introduction to Plant Diseases','Introduction to Plant Diseases',85,'0',40,3,1,'FT',3),(583,'Undergraduate','BOT361',3,'Plant Physiology','Plant Physiology',85,'0',40,3,1,'FT',3),(584,'Undergraduate','BOT399',3,'Industrial Field Experience','Industrial Field Experience',85,'0',40,3,1,'FT',3),(585,'Undergraduate','BOT411',3,'Phycology & Bryology','Phycology & Bryology',56,'0',0,3,1,'FT',3),(586,'Undergraduate','BOT416',3,'Physicology and Bryology','Physicology and Bryology',85,'0',40,3,1,'FT',3),(587,'Undergraduate','BOT417',3,'Plants and Environmental Pollution Monitoring','Plants and Environmental Pollution Monitoring',85,'0',40,3,1,'FT',3),(588,'Undergraduate','BOT421',3,'Advanced Myocology','Advanced Myocology',85,'0',40,3,1,'FT',3),(589,'Undergraduate','BOT431',3,'Ecology of Weeds','Ecology of Weeds',85,'0',40,3,1,'FT',3),(590,'Undergraduate','BOT432',3,'Nigerian Vegetation','Nigerian Vegetation',85,'0',40,3,1,'FT',3),(591,'Undergraduate','BOT433',3,'Field Course II','Field Course II',56,'0',0,3,1,'FT',3),(592,'Undergraduate','BOT441',3,'Advanced Taxonomy of Angiosperms','Advanced Taxonomy of Angiosperms',85,'0',40,3,1,'FT',3),(593,'Undergraduate','BOT442',3,'Palynology','Palynology',85,'0',40,3,1,'FT',3),(594,'Undergraduate','BOT443',3,'Advance Plant Anatomy','Advance Plant Anatomy',56,'0',0,3,1,'FT',3),(595,'Undergraduate','BOT451',3,'Host Pathogen Relations & Disease Management','Host Pathogen Relations & Disease Management',85,'0',40,3,1,'FT',3),(596,'Undergraduate','BOT461',3,'Plant and Cell Biochemistry','Plant and Cell Biochemistry',85,'0',40,3,1,'FT',3),(597,'Undergraduate','BOT462',3,'Plant Physiology','Plant Physiology',85,'0',40,3,1,'FT',3),(598,'Undergraduate','BOT463',3,'Introduction to Mushsroom Growing Technology','Introduction to Mushsroom Growing Technology',85,'0',40,3,1,'FT',3),(599,'Undergraduate','BOT471',3,'Economic Botany','Economic Botany',85,'0',40,3,1,'FT',3),(600,'Undergraduate','BOT491',4,'Research Project','Research Project',85,'0',40,3,1,'FT',3),(601,'Undergraduate','CD107',0,'Introductory Phonetics','Introductory Phonetics',1,'0',0,3,1,'FT',3),(602,'Undergraduate','CEF102',3,'Introduction to History and Policy of Education','Introduction to History and Policy of Education',43,'0',40,3,1,'FT',3),(603,'Undergraduate','CEF103',3,'Social and Philosophical Foundations of Education','Social and Philosophical Foundations of Education',43,'0',40,3,1,'FT',3),(604,'Undergraduate','CEF111',3,'Early Childhood Education Teaching Methods I','Early Childhood Education Teaching Methods I',43,'0',40,3,1,'FT',3),(605,'Undergraduate','CEF112',3,'Introduction to Child Growth & Development','Introduction to Child Growth & Development',43,'0',0,3,1,'FT',3),(606,'Undergraduate','CEF113',3,'Career in Early Childhood Education','Career in Early Childhood Education',43,'0',0,3,1,'FT',3),(607,'Undergraduate','CEF204',3,'Introduction to the Philosophy of Early Childhood Education','Introduction to the Philosophy of Early Childhood Education',43,'0',40,3,1,'FT',3),(608,'Undergraduate','CEF206',3,'Pre-school Education in Traditional African Societies','Pre-school Education in Traditional African Societies',43,'0',40,3,1,'FT',3),(609,'Undergraduate','CEF207',3,'Origins and Development of Early Childhood Education','Origins and Development of Early Childhood Education',43,'0',40,3,1,'FT',3),(610,'Undergraduate','CEF208',3,'Early Childhood Curriculum Organization and Development','Early Childhood Curriculum Organization and Development',43,'0',40,3,1,'FT',3),(611,'Undergraduate','CEF211',3,'Early Childhood Education Teaching Methods II','Early Childhood Education Teaching Methods II',43,'0',40,3,1,'FT',3),(612,'Undergraduate','CEF212',3,'Working with families and Communities','Working with families and Communities',108,'0',0,3,1,'FT',3),(613,'Undergraduate','CEF213',3,'Integrated Early Childhood Education','Integrated Early Childhood Education',108,'0',0,3,1,'FT',3),(614,'Undergraduate','CEF301',3,'History and Policy of Education in Nigeria','History and Policy of Education in Nigeria',43,'0',40,3,1,'FT',3),(615,'Undergraduate','CEF304',3,'Philosophy of Education','Philosophy of Education',43,'0',40,3,1,'FT',3),(616,'Undergraduate','CEF306',3,'Organization/Administration of Early Childhood Education with Reference to Nigeria','Organization/Administration of Early Childhood Education with Reference to Nigeria',43,'0',40,3,1,'FT',3),(617,'Undergraduate','CEF307',3,'Institutional Model and Implementation of Curricular Changes in Early Childhood','Institutional Model and Implementation of Curricular Changes in Early Childhood',43,'0',40,3,1,'FT',3),(618,'Undergraduate','CEF310',3,'History & policy of education','History & policy of education',15,'0',40,3,1,'FT',3),(619,'Undergraduate','CEF311',3,'Early Childhood Education Teaching Methods III','Early Childhood Education Teaching Methods III',43,'0',40,3,1,'FT',3),(620,'Undergraduate','CEF313',3,'Science and Technology in ECE','Science and Technology in ECE',108,'0',0,3,1,'FT',3),(621,'Undergraduate','CEF401',6,'Individual Project','Individual Project',43,'0',40,3,1,'FT',3),(622,'Undergraduate','CEF403',3,'Sociology of Education','Sociology of Education',43,'0',40,3,1,'FT',3),(623,'Undergraduate','CEF406',3,'Early Childhood Education Projects in Nigeria and Other Countries','Early Childhood Education Projects in Nigeria and Other Countries',43,'0',40,3,1,'FT',3),(624,'Undergraduate','CEF407',3,'Comparative Education','Comparative Education',43,'0',40,3,1,'FT',3),(625,'Undergraduate','CEF411',3,'Early Childhood as Profession','Early Childhood as Profession',108,'0',0,3,1,'FT',3),(626,'Undergraduate','CEF412',3,'Working with Children Additional Needs','Working with Children Additional Needs',108,'0',0,3,1,'FT',3),(627,'Undergraduate','CEF413',3,'Children Literature','Children Literature',108,'0',0,3,1,'FT',3),(628,'Undergraduate','CFE102',3,'History and Policy of Education ','History and Policy of Education ',11,'0',40,3,1,'FT',3),(629,'Undergraduate','CFE103',3,'Sociological & Philosophical Foundation Education','Sociological & Philosophical Foundation Education',11,'0',40,3,1,'FT',3),(630,'Undergraduate','CFE301',3,'History and Policy of Education in Nigeria','History and Policy of Education in Nigeria',107,'0',40,3,1,'FT',3),(631,'Undergraduate','CFE304',3,'Philosophy of Education ','Philosophy of Education ',107,'0',40,3,1,'FT',3),(632,'Undergraduate','CFE403',3,'Sciology of Education ','Sciology of Education ',107,'0',40,3,1,'FT',3),(633,'Undergraduate','CFE407',2,'Comparative Education Comparative Education','Comparative Education Comparative Education',107,'0',40,3,1,'FT',3),(634,'Undergraduate','CHE126',3,'Inorganic Chemistry I','Inorganic Chemistry I',57,'0',0,3,1,'FT',3),(635,'Undergraduate','CHE127',3,'Inorganic Chemistry','Inorganic Chemistry',57,'0',40,3,1,'FT',3),(636,'Undergraduate','CHE156',4,'Physical Chemistry I','Physical Chemistry I',57,'0',0,3,1,'FT',3),(637,'Undergraduate','CHE157',4,'Physical Chemistry','Physical Chemistry',57,'0',40,3,1,'FT',3),(638,'Undergraduate','CHE176',3,'Organic Chemistry I','Organic Chemistry I',57,'0',0,3,1,'FT',3),(639,'Undergraduate','CHE177',3,'Organic Chemistry','Organic Chemistry',57,'0',40,3,1,'FT',3),(640,'Undergraduate','CHE191',2,'Practical Chemistry for 100 Level','Practical Chemistry for 100 Level',57,'0',0,3,1,'FT',3),(641,'Undergraduate','CHE195',2,'Practical Chemistry','Practical Chemistry',57,'0',40,3,1,'FT',3),(642,'Undergraduate','CHE218',3,'Introductory Analytical Chemistry','Introductory Analytical Chemistry',57,'0',40,3,1,'FT',3),(643,'Undergraduate','CHE219',3,'Analytical Chemistry For Non-Majors','Analytical Chemistry For Non-Majors',57,'0',40,3,1,'FT',3),(644,'Undergraduate','CHE225',3,'Basic Inorganic Chemistry For Non-major','Basic Inorganic Chemistry For Non-major',57,'0',0,3,1,'FT',3),(645,'Undergraduate','CHE226',4,'Inorganic Chemistry II','Inorganic Chemistry II',57,'0',0,3,1,'FT',3),(646,'Undergraduate','CHE227',4,'Inorganic Chemistry II','Inorganic Chemistry II',57,'0',40,3,1,'FT',3),(647,'Undergraduate','CHE229',3,'Basic Inorganic Chemistry','Basic Inorganic Chemistry',57,'0',40,3,1,'FT',3),(648,'Undergraduate','CHE251',2,'Electro-Chemistry ','Electro-Chemistry ',57,'0',0,3,1,'FT',3),(649,'Undergraduate','CHE256',4,'Physical Chemistry II Thermodynamics and Kinetics','Physical Chemistry II Thermodynamics and Kinetics',57,'0',0,3,1,'FT',3),(650,'Undergraduate','CHE257',4,'Thermodynamics, Kinetics and Electrochemistry','Thermodynamics, Kinetics and Electrochemistry',57,'0',40,3,1,'FT',3),(651,'Undergraduate','CHE259',3,'Physical Chemistry for Life Science','Physical Chemistry for Life Science',57,'0',40,3,1,'FT',3),(652,'Undergraduate','CHE266',2,'Organic Chemistry','Organic Chemistry',57,'0',40,3,1,'FT',3),(653,'Undergraduate','CHE275',3,'Organic Chemistry for Non-major','Organic Chemistry for Non-major',57,'0',0,3,1,'FT',3),(654,'Undergraduate','CHE276',4,'Organic Chemistry II','Organic Chemistry II',57,'0',0,3,1,'FT',3),(655,'Undergraduate','CHE277',4,'Polyfunctional Group and Aromatic Chemistry With Mechanism of Reaction','Polyfunctional Group and Aromatic Chemistry With Mechanism of Reaction',57,'0',40,3,1,'FT',3),(656,'Undergraduate','CHE279',3,'Organic Chemistry For Non-Majors','Organic Chemistry For Non-Majors',57,'0',0,3,1,'FT',3),(657,'Undergraduate','CHE281',2,'Research Methods and Presentation Techniques','Research Methods and Presentation Techniques',57,'0',0,3,1,'FT',3),(658,'Undergraduate','CHE299',3,'Industrial Attachment I','Industrial Attachment I',57,'0',0,3,1,'FT',3),(659,'Undergraduate','CHE316',3,'Introduction to Environmental Chemistry ','Introduction to Environmental Chemistry ',57,'0',0,3,1,'FT',3),(660,'Undergraduate','CHE318',4,'Instrumental Methods of Analysis','Instrumental Methods of Analysis',57,'0',0,3,1,'FT',3),(661,'Undergraduate','CHE319',3,'Analytical Chemistry For Non-Majors','Analytical Chemistry For Non-Majors',57,'0',40,3,1,'FT',3),(662,'Undergraduate','CHE325',3,'Inorganic Chemistry for Life and Earth Sciences','Inorganic Chemistry for Life and Earth Sciences',57,'0',0,3,1,'FT',3),(663,'Undergraduate','CHE326',4,'Inorganic Chemistry III','Inorganic Chemistry III',57,'0',0,3,1,'FT',3),(664,'Undergraduate','CHE327',4,'Inorganic Chemistry III','Inorganic Chemistry III',57,'0',40,3,1,'FT',3),(665,'Undergraduate','CHE328',2,'Bioinorganic Chemistry','Bioinorganic Chemistry',57,'0',0,3,1,'FT',3),(666,'Undergraduate','CHE329',3,'Inorganic chemistry for life science','Inorganic chemistry for life science',57,'0',40,3,1,'FT',3),(667,'Undergraduate','CHE351',3,'Electrochemistry II','Electrochemistry II',57,'0',0,3,1,'FT',3),(668,'Undergraduate','CHE356',4,'Introductory Quantum Chemistry and Statistical Thermodynamics','Introductory Quantum Chemistry and Statistical Thermodynamics',57,'0',0,3,1,'FT',3),(669,'Undergraduate','CHE357',4,'Introductory Quantum Chemistry','Introductory Quantum Chemistry',57,'0',40,3,1,'FT',3),(670,'Undergraduate','CHE358',3,'Organic and Physical Chemistry of Macromolecules','Organic and Physical Chemistry of Macromolecules',57,'0',40,3,1,'FT',3),(671,'Undergraduate','CHE376',4,'Organic Chemistry III','Organic Chemistry III',57,'0',0,3,1,'FT',3),(672,'Undergraduate','CHE377',4,'Heterocyclics, Carbocyclics and Reaction Mechanisms','Heterocyclics, Carbocyclics and Reaction Mechanisms',57,'0',40,3,1,'FT',3),(673,'Undergraduate','CHE399',3,'Industrial Attachment II','Industrial Attachment II',57,'0',0,3,1,'FT',3),(674,'Undergraduate','CHE416',3,'Chemical Environmental Assessment and Management','Chemical Environmental Assessment and Management',57,'0',0,3,1,'FT',3),(675,'Undergraduate','CHE417',4,'Advanced Analytical Chemistry and Applicatons','Advanced Analytical Chemistry and Applicatons',57,'0',40,3,1,'FT',3),(676,'Undergraduate','CHE425',3,'Nuclear and Radiochemistry and Material Chemistry','Nuclear and Radiochemistry and Material Chemistry',57,'0',0,3,1,'FT',3),(677,'Undergraduate','CHE426',3,'Inorganic Chemistry IV','Inorganic Chemistry IV',57,'0',0,3,1,'FT',3),(678,'Undergraduate','CHE427',3,'Inorganic Chemistry IV','Inorganic Chemistry IV',57,'0',40,3,1,'FT',3),(679,'Undergraduate','CHE428',3,'Special Topics in Inorganic Chemistry','Special Topics in Inorganic Chemistry',57,'0',0,3,1,'FT',3),(680,'Undergraduate','CHE429',3,'Organometallics','Organometallics',57,'0',40,3,1,'FT',3),(681,'Undergraduate','CHE451',3,'Advanced Chemical Kinetics','Advanced Chemical Kinetics',57,'0',40,3,1,'FT',3),(682,'Undergraduate','CHE452',3,'Molecular Spectroscopy','Molecular Spectroscopy',57,'0',40,3,1,'FT',3),(683,'Undergraduate','CHE453',3,'Colloid and Surface Chemistry ','Colloid and Surface Chemistry ',57,'0',0,3,1,'FT',3),(684,'Undergraduate','CHE454',3,'X-Ray Crystallography','X-Ray Crystallography',57,'0',40,3,1,'FT',3),(685,'Undergraduate','CHE455',3,'Solid State Chemistry','Solid State Chemistry',57,'0',0,3,1,'FT',3),(686,'Undergraduate','CHE456',3,'Quantum Mechanical Treatment of Chemical Bonding','Quantum Mechanical Treatment of Chemical Bonding',57,'0',0,3,1,'FT',3),(687,'Undergraduate','CHE457',3,'Quantum Mechanical Treatment of Chemical Bonding and Kinetics','Quantum Mechanical Treatment of Chemical Bonding and Kinetics',57,'0',40,3,1,'FT',3),(688,'Undergraduate','CHE458',3,'Symmetry and Group Theory ','Symmetry and Group Theory ',57,'0',0,3,1,'FT',3),(689,'Undergraduate','CHE471',3,'Applied Spectroscopy','Applied Spectroscopy',57,'0',40,3,1,'FT',3),(690,'Undergraduate','CHE472',3,'Pericyclic Reactions, Heterocyclic and Naturally Occurring Compounds','Pericyclic Reactions, Heterocyclic and Naturally Occurring Compounds',57,'0',0,3,1,'FT',3),(691,'Undergraduate','CHE473',3,'Synthetic Methods','Synthetic Methods',57,'0',40,3,1,'FT',3),(692,'Undergraduate','CHE474',3,'Pericyclic Reactions, Heterocyclic and Naturally Occuring Compounds','Pericyclic Reactions, Heterocyclic and Naturally Occuring Compounds',57,'0',40,3,1,'FT',3),(693,'Undergraduate','CHE475',3,'Synthetic Methods in Organic Chemistry','Synthetic Methods in Organic Chemistry',57,'0',0,3,1,'FT',3),(694,'Undergraduate','CHE476',3,'Photochemistry and Biologically Active Natural Products','Photochemistry and Biologically Active Natural Products',57,'0',40,3,1,'FT',3),(695,'Undergraduate','CHE477',3,'Spectroscopy and Organic Structure Determination','Spectroscopy and Organic Structure Determination',57,'0',0,3,1,'FT',3),(696,'Undergraduate','CHE478',3,'Photochemistry and Biologically active Natural Products','Photochemistry and Biologically active Natural Products',57,'0',0,3,1,'FT',3),(697,'Undergraduate','CHE481',2,' Seminar',' Seminar',57,'0',0,3,1,'FT',3),(698,'Undergraduate','CHE495',6,'Research Project','Research Project',57,'0',40,3,1,'FT',3),(699,'Undergraduate','CLA101',2,'Introduction to the Study of Reading','Introduction to the Study of Reading',14,'0',40,3,1,'FT',3),(700,'Undergraduate','CLA102',2,'Introduction to the Study of Writing','Introduction to the Study of Writing',14,'0',40,3,1,'FT',3),(701,'Undergraduate','CLA103',2,'Fundamentals of Speech Communication','Fundamentals of Speech Communication',14,'0',40,3,1,'FT',3),(702,'Undergraduate','CLA104',2,'Introduction to Human Communication System','Introduction to Human Communication System',14,'0',40,3,1,'FT',3),(703,'Undergraduate','CLA105',3,'Basic Reporting Techniques','Basic Reporting Techniques',14,'0',40,3,1,'FT',3),(704,'Undergraduate','CLA106',2,'Introduction to Broadcasting','Introduction to Broadcasting',14,'0',0,3,1,'FT',3),(705,'Undergraduate','CLA107',2,'Introduction Photo Journalism','Introduction Photo Journalism',14,'0',40,3,1,'FT',3),(706,'Undergraduate','CLA108',3,'Graphics of Communication','Graphics of Communication',14,'0',40,3,1,'FT',3),(707,'Undergraduate','CLA201',2,'Reading for Academic Purposes','Reading for Academic Purposes',14,'0',40,3,1,'FT',3),(708,'Undergraduate','CLA202',3,'Integrated Language Arts','Integrated Language Arts',14,'0',40,3,1,'FT',3),(709,'Undergraduate','CLA203',2,'Newswriting and Reporting','Newswriting and Reporting',14,'0',40,3,1,'FT',3),(710,'Undergraduate','CLA204',2,'Listening Comprehension Skills','Listening Comprehension Skills',14,'0',40,3,1,'FT',3),(711,'Undergraduate','CLA205',2,'Rapid Reading Skills','Rapid Reading Skills',14,'0',40,3,1,'FT',3),(712,'Undergraduate','CLA206',3,'Principles and Practice of Marketing','Principles and Practice of Marketing',14,'0',40,3,1,'FT',3),(713,'Undergraduate','CLA207',2,'Developmental Oral Communication Skills','Developmental Oral Communication Skills',14,'0',40,3,1,'FT',3),(714,'Undergraduate','CLA208',2,'Writing for Specific Purposes','Writing for Specific Purposes',14,'0',40,3,1,'FT',3),(715,'Undergraduate','CLA209',2,'Writing for General Academic Purposes','Writing for General Academic Purposes',14,'0',40,3,1,'FT',3),(716,'Undergraduate','CLA210',2,'Broadcast Presentation','Broadcast Presentation',14,'0',0,3,1,'FT',3),(717,'Undergraduate','CLA211',2,'Principles of Public Relations','Principles of Public Relations',14,'0',40,3,1,'FT',3),(718,'Undergraduate','CLA212',2,'Principles of Advertising','Principles of Advertising',14,'0',40,3,1,'FT',3),(719,'Undergraduate','CLA213',2,'History and Development of Book Publishing','History and Development of Book Publishing',14,'0',40,3,1,'FT',3),(720,'Undergraduate','CLA214',2,'Introduction to Book Production Technology','Introduction to Book Production Technology',14,'0',40,3,1,'FT',3),(721,'Undergraduate','CLA215',2,'Sociology of Communication','Sociology of Communication',14,'0',40,3,1,'FT',3),(722,'Undergraduate','CLA301',3,'Developmental Reading Skills','Developmental Reading Skills',14,'0',40,3,1,'FT',3),(723,'Undergraduate','CLA302',3,'Developmental Writing Skills','Developmental Writing Skills',14,'0',40,3,1,'FT',3),(724,'Undergraduate','CLA303',3,'Advertising Message Development','Advertising Message Development',14,'0',40,3,1,'FT',3),(725,'Undergraduate','CLA304',3,'Situational Public Speaking','Situational Public Speaking',14,'0',40,3,1,'FT',3),(726,'Undergraduate','CLA305',3,'Diagnosis and Remediation in Reading','Diagnosis and Remediation in Reading',14,'0',40,3,1,'FT',3),(727,'Undergraduate','CLA306',3,'Psycholinguistic Fundamentals of Languages Arts','Psycholinguistic Fundamentals of Languages Arts',14,'0',40,3,1,'FT',3),(728,'Undergraduate','CLA307',3,'News Editing for Print Media','News Editing for Print Media',14,'0',40,3,1,'FT',3),(729,'Undergraduate','CLA308',3,'News Editing for Broadcast Media','News Editing for Broadcast Media',14,'0',40,3,1,'FT',3),(730,'Undergraduate','CLA309',3,'Legal Aspects of Communication','Legal Aspects of Communication',14,'0',40,3,1,'FT',3),(731,'Undergraduate','CLA310',3,'Speech Critism and Composition','Speech Critism and Composition',14,'0',40,3,1,'FT',3),(732,'Undergraduate','CLA311',3,'Corporate Public Relations','Corporate Public Relations',14,'0',40,3,1,'FT',3),(733,'Undergraduate','CLA312',3,'Interpersonal Communication','Interpersonal Communication',14,'0',40,3,1,'FT',3),(734,'Undergraduate','CLA313',3,'Sales Promotion','Sales Promotion',14,'0',40,3,1,'FT',3),(735,'Undergraduate','CLA314',3,'Diagnosis and Remediation in Speech','Diagnosis and Remediation in Speech',14,'0',40,3,1,'FT',3),(736,'Undergraduate','CLA315',3,'Writing Childrens Literature','Writing Childrens Literature',14,'0',40,3,1,'FT',3),(737,'Undergraduate','CLA316',3,'Textbook writing and Evaluation','Textbook writing and Evaluation',14,'0',40,3,1,'FT',3),(738,'Undergraduate','CLA317',3,'Introduction to Book Editing','Introduction to Book Editing',14,'0',40,3,1,'FT',3),(739,'Undergraduate','CLA318',3,'Technical Report Writing ','Technical Report Writing ',14,'0',40,3,1,'FT',3),(740,'Undergraduate','CLA319',3,'Ethics of Communication','Ethics of Communication',14,'0',40,3,1,'FT',3),(741,'Undergraduate','CLA320',3,'Reading Consultancy Services','Reading Consultancy Services',14,'0',40,3,1,'FT',3),(742,'Undergraduate','CLA321',3,'Research Methods in Communication and Language Arts','Research Methods in Communication and Language Arts',14,'0',40,3,1,'FT',3),(743,'Undergraduate','CLA401',3,'Speech Consultancy Services','Speech Consultancy Services',14,'0',40,3,1,'FT',3),(744,'Undergraduate','CLA402',3,'Studies in Readability and Style','Studies in Readability and Style',14,'0',40,3,1,'FT',3),(745,'Undergraduate','CLA403',3,'Business and Organisational Communication','Business and Organisational Communication',14,'0',40,3,1,'FT',3),(746,'Undergraduate','CLA404',3,'Print Media Production Techniques','Print Media Production Techniques',14,'0',40,3,1,'FT',3),(747,'Undergraduate','CLA405',3,'Broadcast Media Production Techniques','Broadcast Media Production Techniques',14,'0',40,3,1,'FT',3),(748,'Undergraduate','CLA406',3,'Applied Communication and Language Arts','Applied Communication and Language Arts',14,'0',40,3,1,'FT',3),(749,'Undergraduate','CLA407',3,'Group Communication Strategies','Group Communication Strategies',14,'0',40,3,1,'FT',3),(750,'Undergraduate','CLA408',3,'Governmental Public Relations','Governmental Public Relations',14,'0',40,3,1,'FT',3),(751,'Undergraduate','CLA409',3,'Rhetoric of Social Mobilization','Rhetoric of Social Mobilization',14,'0',40,3,1,'FT',3),(752,'Undergraduate','CLA410',3,'Essentials of Scholarly Writing','Essentials of Scholarly Writing',14,'0',40,3,1,'FT',3),(753,'Undergraduate','CLA411',3,'Writing Language Teaching Materials','Writing Language Teaching Materials',14,'0',40,3,1,'FT',3),(754,'Undergraduate','CLA412',3,'Economics of Book Publishing','Economics of Book Publishing',14,'0',40,3,1,'FT',3),(755,'Undergraduate','CLA413',3,'Features, Commentaries and Editorials','Features, Commentaries and Editorials',14,'0',40,3,1,'FT',3),(756,'Undergraduate','CLA414',3,'Development Communication','Development Communication',14,'0',40,3,1,'FT',3),(757,'Undergraduate','CLA415',6,'Project in Communication and Language Arts','Project in Communication and Language Arts',14,'0',40,3,1,'FT',3),(758,'Undergraduate','CLC101',3,'Introduction to Ancient Greek Culture & Literature','Introduction to Ancient Greek Culture & Literature',13,'0',0,3,1,'FT',3),(759,'Undergraduate','CLC102',3,'Introduction to Ancient Roman Culture','Introduction to Ancient Roman Culture',13,'0',0,3,1,'FT',3),(760,'Undergraduate','CLC103',3,'Introduction to Ancient Greek History and Society & Institution','Introduction to Ancient Greek History and Society & Institution',13,'0',0,3,1,'FT',3),(761,'Undergraduate','CLC104',3,'Introduction to Ancient Roman History, Society & Institutions','Introduction to Ancient Roman History, Society & Institutions',13,'0',0,3,1,'FT',3),(762,'Undergraduate','CLC105',3,'Early Greek Philosophy ','Early Greek Philosophy ',13,'0',0,3,1,'FT',3),(763,'Undergraduate','CLC201',2,'Greek Epic Poetry','Greek Epic Poetry',13,'0',40,3,1,'FT',3),(764,'Undergraduate','CLC202',2,'Greek and Roman Theatre','Greek and Roman Theatre',13,'0',0,3,1,'FT',3),(765,'Undergraduate','CLC203',3,'Greek History, Society and Institutions','Greek History, Society and Institutions',13,'0',40,3,1,'FT',3),(766,'Undergraduate','CLC204',3,'Ancient Roman History, Society and Institutions','Ancient Roman History, Society and Institutions',13,'0',0,3,1,'FT',3),(767,'Undergraduate','CLC205',3,'Early Greek Philosophy','Early Greek Philosophy',13,'0',40,3,1,'FT',3),(768,'Undergraduate','CLC206',2,'Roman Epic Poetry','Roman Epic Poetry',13,'0',0,3,1,'FT',3),(769,'Undergraduate','CLC207',3,'The Greek&Latin Roots of Scientific Terms','The Greek&Latin Roots of Scientific Terms',13,'0',0,3,1,'FT',3),(770,'Undergraduate','CLC301',3,'Classical Lyric and Elegiac Poetry','Classical Lyric and Elegiac Poetry',13,'0',0,3,1,'FT',3),(771,'Undergraduate','CLC302',3,'Greek Drama','Greek Drama',13,'0',40,3,1,'FT',3),(772,'Undergraduate','CLC303',3,'Roman Drama','Roman Drama',13,'0',0,3,1,'FT',3),(773,'Undergraduate','CLC304',3,'Roman Satire','Roman Satire',13,'0',0,3,1,'FT',3),(774,'Undergraduate','CLC305',2,'Classic Literary Theory and Criticism','Classic Literary Theory and Criticism',13,'0',40,3,1,'FT',3),(775,'Undergraduate','CLC306',3,'The Classical Background of English Literature','The Classical Background of English Literature',13,'0',0,3,1,'FT',3),(776,'Undergraduate','CLC307',3,'Classical Influence in 17th Century French Drama','Classical Influence in 17th Century French Drama',13,'0',40,3,1,'FT',3),(777,'Undergraduate','CLC308',3,'Greek and Roman Historiography','Greek and Roman Historiography',13,'0',0,3,1,'FT',3),(778,'Undergraduate','CLC309',3,'The Greek City-States','The Greek City-States',13,'0',40,3,1,'FT',3),(779,'Undergraduate','CLC310',3,'The Roman Republic','The Roman Republic',13,'0',0,3,1,'FT',3),(780,'Undergraduate','CLC311',3,'Greek Civilisation in Africa & in the Near East','Greek Civilisation in Africa & in the Near East',13,'0',0,3,1,'FT',3),(781,'Undergraduate','CLC312',3,'The Roman World Under the Principate','The Roman World Under the Principate',13,'0',0,3,1,'FT',3),(782,'Undergraduate','CLC313',3,'The world of Late Roman Antiquity','The world of Late Roman Antiquity',13,'0',0,3,1,'FT',3),(783,'Undergraduate','CLC314',3,'Historical Background to the New Testament','Historical Background to the New Testament',13,'0',40,3,1,'FT',3),(784,'Undergraduate','CLC315',3,'The Philosophy of Plato and Aristotle','The Philosophy of Plato and Aristotle',13,'0',0,3,1,'FT',3),(785,'Undergraduate','CLC316',3,'Greek Mythology and Religion','Greek Mythology and Religion',13,'0',0,3,1,'FT',3),(786,'Undergraduate','CLC317',3,'Roman Mythology and Religion','Roman Mythology and Religion',13,'0',0,3,1,'FT',3),(787,'Undergraduate','CLC321',3,'Roman Civil Law','Roman Civil Law',13,'0',0,3,1,'FT',3),(788,'Undergraduate','CLC322',3,'Jurisprudence in Roman Law','Jurisprudence in Roman Law',13,'0',0,3,1,'FT',3),(789,'Undergraduate','CLC401',6,'Long Essay','Long Essay',13,'0',0,3,1,'FT',3),(790,'Undergraduate','CLC402',3,'Advanced Study in Classical Literature','Advanced Study in Classical Literature',13,'0',0,3,1,'FT',3),(791,'Undergraduate','CLC403',3,'Advanced Study in Ancient History','Advanced Study in Ancient History',13,'0',40,3,1,'FT',3),(792,'Undergraduate','CLC404',3,'Advanced Study in Ancient Philosophy','Advanced Study in Ancient Philosophy',13,'0',40,3,1,'FT',3),(793,'Undergraduate','CLC405',3,'Advanced Study in Classical Mythology and Religion','Advanced Study in Classical Mythology and Religion',13,'0',40,3,1,'FT',3),(794,'Undergraduate','CLC406',3,'Ancient History and Arhaeology of North-East Africa','Ancient History and Arhaeology of North-East Africa',13,'0',40,3,1,'FT',3),(795,'Undergraduate','CLC407',3,'Ancient History and Archaeology of the Maghrib','Ancient History and Archaeology of the Maghrib',13,'0',0,3,1,'FT',3),(796,'Undergraduate','CLC408',3,'The Philosophy of the Stoics and Epicureans','The Philosophy of the Stoics and Epicureans',13,'0',40,3,1,'FT',3),(797,'Undergraduate','CLG101',4,'Introduction to Greek Language I','Introduction to Greek Language I',13,'0',0,3,1,'FT',3),(798,'Undergraduate','CLG102',4,'Introduction to Greek Language II','Introduction to Greek Language II',13,'0',0,3,1,'FT',3),(799,'Undergraduate','CLG201',4,'Greek Language I','Greek Language I',13,'0',40,3,1,'FT',3),(800,'Undergraduate','CLG202',4,'Greek Language II','Greek Language II',13,'0',0,3,1,'FT',3),(801,'Undergraduate','CLG203',4,'New Testament Greek I','New Testament Greek I',13,'0',40,3,1,'FT',3),(802,'Undergraduate','CLG204',4,'New Testament Greek II','New Testament Greek II',13,'0',40,3,1,'FT',3),(803,'Undergraduate','CLG301',4,'Intermediate Greek Language I','Intermediate Greek Language I',13,'0',0,3,1,'FT',3),(804,'Undergraduate','CLG302',4,'Intermediate Greek Language II','Intermediate Greek Language II',13,'0',0,3,1,'FT',3),(805,'Undergraduate','CLG401',4,'Advanced Greek Language I','Advanced Greek Language I',13,'0',0,3,1,'FT',3),(806,'Undergraduate','CLG402',4,'Advanced Greek Language II','Advanced Greek Language II',13,'0',0,3,1,'FT',3),(807,'Undergraduate','CLI401',3,'Clinical Pharmacy I','Clinical Pharmacy I',48,'0',50,3,1,'FT',3),(808,'Undergraduate','CLI402',2,'Practical Clinical Pharmacy and Tutorials I','Practical Clinical Pharmacy and Tutorials I',53,'0',0,3,1,'FT',3),(809,'Undergraduate','CLI501',2,'Clinical Pharmacy II','Clinical Pharmacy II',53,'0',0,3,1,'FT',3),(810,'Undergraduate','CLI502',2,'Practical Clinical Pharmacy and Tutorials','Practical Clinical Pharmacy and Tutorials',53,'0',0,3,1,'FT',3),(811,'Undergraduate','CLL101',4,'Introduction to Latin I','Introduction to Latin I',13,'0',40,3,1,'FT',3),(812,'Undergraduate','CLL102',4,'Introduction to Latin II','Introduction to Latin II',13,'0',0,3,1,'FT',3),(813,'Undergraduate','CLL103',4,'Introduction to Latin for Lawyers I','Introduction to Latin for Lawyers I',13,'0',40,3,1,'FT',3),(814,'Undergraduate','CLL104',4,'Latin for Lawyers II','Latin for Lawyers II',13,'0',0,3,1,'FT',3),(815,'Undergraduate','CLL201',4,'Latin Language I','Latin Language I',13,'0',40,3,1,'FT',3),(816,'Undergraduate','CLL202',4,'Latin Language II','Latin Language II',13,'0',0,3,1,'FT',3),(817,'Undergraduate','CLL203',4,'Advanced Latin for Lawyers I','Advanced Latin for Lawyers I',13,'0',0,3,1,'FT',3),(818,'Undergraduate','CLL204',4,'Latin for Lawyers II','Latin for Lawyers II',13,'0',0,3,1,'FT',3),(819,'Undergraduate','CLL301',4,'Intermediate Latin Language I','Intermediate Latin Language I',13,'0',0,3,1,'FT',3),(820,'Undergraduate','CLL302',4,'Intermediate Latin Language II','Intermediate Latin Language II',13,'0',0,3,1,'FT',3),(821,'Undergraduate','CLL401',4,'Advanced Latin Language I','Advanced Latin Language I',13,'0',0,3,1,'FT',3),(822,'Undergraduate','CLL402',4,'Advanced Latin Language II','Advanced Latin Language II',13,'0',0,3,1,'FT',3),(823,'Undergraduate','CPE210',3,'Introduction to Crop and Forest Botany','Introduction to Crop and Forest Botany',7,'0',40,3,1,'FT',3),(824,'Undergraduate','CPE211',2,'Introduction to Plant Protection','Introduction to Plant Protection',7,'0',40,3,1,'FT',3),(825,'Undergraduate','CPE212',2,'Introduction to Agro-Climatology','Introduction to Agro-Climatology',7,'0',0,3,1,'FT',3),(826,'Undergraduate','CPE213',2,'Crop Anatomy and Physiology','Crop Anatomy and Physiology',7,'0',40,3,1,'FT',3),(827,'Undergraduate','CPE310',3,'Introductory Genetics','Introductory Genetics',7,'0',40,3,1,'FT',3),(828,'Undergraduate','CPE311',3,'Principles of Crop Protection','Principles of Crop Protection',7,'0',40,3,1,'FT',3),(829,'Undergraduate','CPE312',2,'Insect Biology','Insect Biology',7,'0',0,3,1,'FT',3),(830,'Undergraduate','CPE313',3,'Principles of Plant Nematology','Principles of Plant Nematology',7,'0',0,3,1,'FT',3),(831,'Undergraduate','CPE314',3,'Principles of Plant Pathology','Principles of Plant Pathology',7,'0',0,3,1,'FT',3),(832,'Undergraduate','CPE315',3,'Applied Ecology','Applied Ecology',7,'0',0,3,1,'FT',3),(833,'Undergraduate','CPE316',3,'Biological Techniques','Biological Techniques',7,'0',0,3,1,'FT',3),(834,'Undergraduate','CPE317',3,'Principles of Crop Physiology','Principles of Crop Physiology',7,'0',0,3,1,'FT',3),(835,'Undergraduate','CPE318',3,'Insect Morphology and Systematics','Insect Morphology and Systematics',7,'0',0,3,1,'FT',3),(836,'Undergraduate','CPE319',3,'Biological Productivity','Biological Productivity',7,'0',0,3,1,'FT',3),(837,'Undergraduate','CPE320',2,'Principles of Forest Protection','Principles of Forest Protection',7,'0',40,3,1,'FT',3),(838,'Undergraduate','CPE321',2,'Introduction to Plant Nutrition','Introduction to Plant Nutrition',7,'0',40,3,1,'FT',3),(839,'Undergraduate','CPE322',2,'Introduction to Quantitative Biology','Introduction to Quantitative Biology',7,'0',40,3,1,'FT',3),(840,'Undergraduate','CPE323',2,'Insect Ecology and Behaviour','Insect Ecology and Behaviour',7,'0',40,3,1,'FT',3),(841,'Undergraduate','CPE324',3,'General Principles of Toxicology','General Principles of Toxicology',7,'0',0,3,1,'FT',3),(842,'Undergraduate','CPE411',2,'Principles ans Practice of Crop Protection','Principles ans Practice of Crop Protection',7,'0',0,3,1,'FT',3),(843,'Undergraduate','CPE510',3,'Applied Genetics','Applied Genetics',7,'0',40,3,1,'FT',3),(844,'Undergraduate','CPE511',2,'Physiology of Crop Production','Physiology of Crop Production',7,'0',40,3,1,'FT',3),(845,'Undergraduate','CPE512',3,'Plant Disease Development, Epidemiology and Control','Plant Disease Development, Epidemiology and Control',7,'0',40,3,1,'FT',3),(846,'Undergraduate','CPE514',3,'Weed Taxonomy, Biology and Control','Weed Taxonomy, Biology and Control',7,'0',40,3,1,'FT',3),(847,'Undergraduate','CPE515',3,'Economic Entomology','Economic Entomology',7,'0',40,3,1,'FT',3),(848,'Undergraduate','CPE516',2,'Insect Ecology and Behaviour','Insect Ecology and Behaviour',7,'0',40,3,1,'FT',3),(849,'Undergraduate','CPE517',3,'Vertebrate Pests in Agriculture','Vertebrate Pests in Agriculture',7,'0',40,3,1,'FT',3),(850,'Undergraduate','CPE518',3,'Pesticides and Pollutants','Pesticides and Pollutants',7,'0',40,3,1,'FT',3),(851,'Undergraduate','CPE519',2,'Insect Ecology and Behaviour','Insect Ecology and Behaviour',7,'0',40,3,1,'FT',3),(852,'Undergraduate','CPE520',2,'Special Topics in Crop Improvement','Special Topics in Crop Improvement',7,'0',40,3,1,'FT',3),(853,'Undergraduate','CPE521',2,'Principles of Bee-Keeping','Principles of Bee-Keeping',7,'0',40,3,1,'FT',3),(854,'Undergraduate','CPE522',2,'Introduction to Mushroom Production','Introduction to Mushroom Production',7,'0',40,3,1,'FT',3),(855,'Undergraduate','CPE599',4,'Special Projects in Crop Improvement','Special Projects in Crop Improvement',7,'0',40,3,1,'FT',3),(856,'Undergraduate','CPY301',3,'Basic Clinical Chemistry','Basic Clinical Chemistry',102,'0',0,3,1,'FT',3),(857,'Undergraduate','CPY302',3,'Basic Immunology','Basic Immunology',102,'0',0,3,1,'FT',3),(858,'Undergraduate','CPY401',3,'Analytical Techniques in Clinical Chemistry','Analytical Techniques in Clinical Chemistry',102,'0',0,3,1,'FT',3),(859,'Undergraduate','CPY402',3,'Basic Immunology','Basic Immunology',102,'0',0,3,1,'FT',3),(860,'Undergraduate','CPY403',2,'Clinical Enzymology','Clinical Enzymology',102,'0',0,3,1,'FT',3),(861,'Undergraduate','CPY501',3,'Carbohydrate, Protein and Lipid Metabolism','Carbohydrate, Protein and Lipid Metabolism',102,'0',0,3,1,'FT',3),(862,'Undergraduate','CPY502',3,'Systematic Clinical Chemistry','Systematic Clinical Chemistry',102,'0',0,3,1,'FT',3),(863,'Undergraduate','CPY503',2,'Nutrition and Clinical Vitaminology','Nutrition and Clinical Vitaminology',102,'0',0,3,1,'FT',3),(864,'Undergraduate','CPY504',3,'Laboratory posting IV','Laboratory posting IV',102,'0',0,3,1,'FT',3),(865,'Undergraduate','CPY505',3,'Drug Monitoring and Inborn Errors of Metabolism','Drug Monitoring and Inborn Errors of Metabolism',102,'0',0,3,1,'FT',3),(866,'Undergraduate','CPY506',3,'Clinical and Reproductive Endocrinology','Clinical and Reproductive Endocrinology',102,'0',0,3,1,'FT',3),(867,'Undergraduate','CPY507',3,'Techniques in Clinical Chemistry','Techniques in Clinical Chemistry',102,'0',0,3,1,'FT',3),(868,'Undergraduate','CPY508',3,'Laboratory Posting V','Laboratory Posting V',102,'0',0,3,1,'FT',3),(869,'Undergraduate','CPY509',6,'Project','Project',102,'0',0,3,1,'FT',3),(870,'Undergraduate','CSC101',4,'Introduction to Computer Science','Introduction to Computer Science',58,'0',40,3,1,'FT',3),(871,'Undergraduate','CSC102',4,'Introduction to computing','Introduction to computing',60,'0',40,3,1,'FT',3),(872,'Undergraduate','CSC103',4,'Introduction to Programming (Major)','Introduction to Programming (Major)',58,'0',0,3,1,'FT',3),(873,'Undergraduate','CSC212',3,'Introduction to Computer Electronics','Introduction to Computer Electronics',58,'0',40,3,1,'FT',3),(874,'Undergraduate','CSC221',3,'Introduction to Operating System','Introduction to Operating System',58,'0',40,3,1,'FT',3),(875,'Undergraduate','CSC231',3,'Scientific Programming','Scientific Programming',58,'0',40,3,1,'FT',3),(876,'Undergraduate','CSC232',3,'Structured Programming','Structured Programming',58,'0',0,3,1,'FT',3),(877,'Undergraduate','CSC233',4,'Programming and Algorithms','Programming and Algorithms',58,'0',40,3,1,'FT',3),(878,'Undergraduate','CSC234',3,'Assembly Language Programming','Assembly Language Programming',58,'0',40,3,1,'FT',3),(879,'Undergraduate','CSC241',4,'Discrete Structures','Discrete Structures',58,'0',40,3,1,'FT',3),(880,'Undergraduate','CSC272',3,'Information Management Systems','Information Management Systems',58,'0',40,3,1,'FT',3),(881,'Undergraduate','CSC291',3,'Elementary Data Processing','Elementary Data Processing',58,'0',40,3,1,'FT',3),(882,'Undergraduate','CSC292',3,'Business Programming','Business Programming',58,'0',40,3,1,'FT',3),(883,'Undergraduate','csc293',3,'web programming','web programming',60,'0',40,3,1,'FT',3),(884,'Undergraduate','CSC299',5,'Industrial Training I','Industrial Training I',58,'0',40,3,1,'FT',3),(885,'Undergraduate','CSC301',3,'Computer Centre Management','Computer Centre Management',58,'0',40,3,1,'FT',3),(886,'Undergraduate','CSC302',3,'Systems Analysis','Systems Analysis',58,'0',40,3,1,'FT',3),(887,'Undergraduate','CSC311',3,'Digital Computer Logic Design','Digital Computer Logic Design',58,'0',40,3,1,'FT',3),(888,'Undergraduate','CSC312',2,'Computer Hardware','Computer Hardware',58,'0',40,3,1,'FT',3),(889,'Undergraduate','CSC321',3,'Computer Operating Systems I','Computer Operating Systems I',58,'0',40,3,1,'FT',3),(890,'Undergraduate','CSC332',3,'Survey of Programming Languages','Survey of Programming Languages',58,'0',40,3,1,'FT',3),(891,'Undergraduate','CSC333',4,'Software Engineering I','Software Engineering I',58,'0',0,3,1,'FT',3),(892,'Undergraduate','CSC334',3,'Systems Programming','Systems Programming',58,'0',40,3,1,'FT',3),(893,'Undergraduate','CSC341',3,'Data Structures','Data Structures',58,'0',40,3,1,'FT',3),(894,'Undergraduate','CSC351',3,'Formal Languages and Automata Theory','Formal Languages and Automata Theory',58,'0',40,3,1,'FT',3),(895,'Undergraduate','CSC381',3,'Computer Graphics','Computer Graphics',58,'0',40,3,1,'FT',3),(896,'Undergraduate','CSC391',4,'File Management','File Management',58,'0',40,3,1,'FT',3),(897,'Undergraduate','CSC392',3,'Computer Applications','Computer Applications',58,'0',40,3,1,'FT',3),(898,'Undergraduate','CSC399',5,'Industrial Training II','Industrial Training II',58,'0',40,3,1,'FT',3),(899,'Undergraduate','CSC411',3,'Microcomputers and Microprocessors','Microcomputers and Microprocessors',58,'0',40,3,1,'FT',3),(900,'Undergraduate','CSC412',4,'Computer Architecture Organization','Computer Architecture Organization',58,'0',40,3,1,'FT',3),(901,'Undergraduate','CSC421',3,'Computer Operating Systems II','Computer Operating Systems II',58,'0',40,3,1,'FT',3),(902,'Undergraduate','CSC422',3,'Information Theory and Computer Communication Systems','Information Theory and Computer Communication Systems',58,'0',40,3,1,'FT',3),(903,'Undergraduate','CSC423',3,'Distributed Systems','Distributed Systems',58,'0',40,3,1,'FT',3),(904,'Undergraduate','CSC431',3,'Compiling Techniques','Compiling Techniques',58,'0',40,3,1,'FT',3),(905,'Undergraduate','CSC432',3,'Compiler Construction','Compiler Construction',58,'0',40,3,1,'FT',3),(906,'Undergraduate','CSC433',3,'Software Engineering II','Software Engineering II',58,'0',40,3,1,'FT',3),(907,'Undergraduate','CSC451',2,'Analysis of Algorithms','Analysis of Algorithms',58,'0',40,3,1,'FT',3),(908,'Undergraduate','CSC452',3,'Theory of Computation','Theory of Computation',58,'0',40,3,1,'FT',3),(909,'Undergraduate','CSC472',3,'Database Systems','Database Systems',58,'0',40,3,1,'FT',3),(910,'Undergraduate','CSC473',3,'Artificial Intelligence','Artificial Intelligence',58,'0',40,3,1,'FT',3),(911,'Undergraduate','CSC474',3,'Expert Systems','Expert Systems',58,'0',40,3,1,'FT',3),(912,'Undergraduate','CSC482',3,'Computer Simulations','Computer Simulations',58,'0',40,3,1,'FT',3),(913,'Undergraduate','CSC492',3,'Selected Topics in Computer Science','Selected Topics in Computer Science',58,'0',40,3,1,'FT',3),(914,'Undergraduate','CSC495',6,'Projects','Projects',58,'0',40,3,1,'FT',3),(915,'Undergraduate','ECO101',3,'Principles of Economics I','Principles of Economics I',73,'0',0,3,1,'FT',3),(916,'Undergraduate','ECO102',3,'Principles of Economics II','Principles of Economics II',73,'0',0,3,1,'FT',3),(917,'Undergraduate','ECO103',3,'The Nigerian Economy In Perspective','The Nigerian Economy In Perspective',73,'0',40,3,1,'FT',3),(918,'Undergraduate','ECO104',3,'Introductory Mathematics For Economists I','Introductory Mathematics For Economists I',73,'0',0,3,1,'FT',3),(919,'Undergraduate','ECO105',3,'Arguments and Critical Thinking in Economics','Arguments and Critical Thinking in Economics',73,'0',40,3,1,'FT',3),(920,'Undergraduate','ECO201',3,'Introduction to Microeconomics ','Introduction to Microeconomics ',73,'0',0,3,1,'FT',3),(921,'Undergraduate','ECO202',3,'Introduction to Macroeconomics','Introduction to Macroeconomics',73,'0',0,3,1,'FT',3),(922,'Undergraduate','ECO203',3,'Applied Economics','Applied Economics',73,'0',40,3,1,'FT',3),(923,'Undergraduate','ECO204',3,'Introductory Mathematics For Economics II','Introductory Mathematics For Economics II',73,'0',40,3,1,'FT',3),(924,'Undergraduate','ECO205',3,'Introduction to Logic in Economics','Introduction to Logic in Economics',73,'0',40,3,1,'FT',3),(925,'Undergraduate','ECO301',3,'Microeconomics I','Microeconomics I',73,'0',0,3,1,'FT',3),(926,'Undergraduate','ECO302',3,'Macroeconomics I','Macroeconomics I',73,'0',0,3,1,'FT',3),(927,'Undergraduate','ECO303',3,'Structure of The Nigerian Economy','Structure of The Nigerian Economy',73,'0',40,3,1,'FT',3),(928,'Undergraduate','ECO304',3,'Statistics for Economists','Statistics for Economists',73,'0',0,3,1,'FT',3),(929,'Undergraduate','ECO305',3,'Project Analysis I','Project Analysis I',73,'0',40,3,1,'FT',3),(930,'Undergraduate','ECO306',3,'Research Methodology in Economics','Research Methodology in Economics',73,'0',40,3,1,'FT',3),(931,'Undergraduate','ECO311',3,'Introduction to Accounting','Introduction to Accounting',73,'0',0,3,1,'FT',3),(932,'Undergraduate','ECO312',3,'Principles of Auditing','Principles of Auditing',73,'0',0,3,1,'FT',3),(933,'Undergraduate','ECO313',3,'Introduction to Business Economics','Introduction to Business Economics',73,'0',40,3,1,'FT',3),(934,'Undergraduate','ECO314',3,'Economics of Marketing','Economics of Marketing',73,'0',40,3,1,'FT',3),(935,'Undergraduate','ECO315',3,'Business Finance','Business Finance',73,'0',40,3,1,'FT',3),(936,'Undergraduate','ECO321',3,'Economic Development Theory','Economic Development Theory',73,'0',40,3,1,'FT',3),(937,'Undergraduate','ECO331',3,'Introduction to Political Economy','Introduction to Political Economy',73,'0',0,3,1,'FT',3),(938,'Undergraduate','ECO341',3,'Mathematics For Economists','Mathematics For Economists',73,'0',40,3,1,'FT',3),(939,'Undergraduate','ECO342',3,'Introduction to Operation Research','Introduction to Operation Research',73,'0',0,3,1,'FT',3),(940,'Undergraduate','ECO343',3,'Introductory Econometrics I','Introductory Econometrics I',73,'0',40,3,1,'FT',3),(941,'Undergraduate','ECO351',3,'Introduction to International Economics','Introduction to International Economics',73,'0',40,3,1,'FT',3),(942,'Undergraduate','ECO352',3,'Fundamentals of Deposit Insurance','Fundamentals of Deposit Insurance',73,'0',0,3,1,'FT',3),(943,'Undergraduate','ECO361',3,'Monetary and Financial Institution','Monetary and Financial Institution',73,'0',40,3,1,'FT',3),(944,'Undergraduate','ECO362',3,'Monetary Policy','Monetary Policy',73,'0',0,3,1,'FT',3),(945,'Undergraduate','ECO371',3,'Introduction to Public Sector Economics','Introduction to Public Sector Economics',73,'0',0,3,1,'FT',3),(946,'Undergraduate','ECO381',3,'History of economic Thought I','History of economic Thought I',73,'0',0,3,1,'FT',3),(947,'Undergraduate','ECO385',3,'Principles of Islamic Economics and Finance','Principles of Islamic Economics and Finance',73,'0',40,3,1,'FT',3),(948,'Undergraduate','ECO391',3,'Economics of Human Resources','Economics of Human Resources',73,'0',0,3,1,'FT',3),(949,'Undergraduate','ECO393',3,'Introduction to Industrial Economics','Introduction to Industrial Economics',73,'0',0,3,1,'FT',3),(950,'Undergraduate','ECO401',3,'Microeconomics II','Microeconomics II',73,'0',0,3,1,'FT',3),(951,'Undergraduate','ECO402',3,'Macroeconomics II','Macroeconomics II',73,'0',0,3,1,'FT',3),(952,'Undergraduate','ECO403',6,'Original Essay','Original Essay',73,'0',40,3,1,'FT',3),(953,'Undergraduate','ECO404',3,'Quantitative Analysis','Quantitative Analysis',73,'0',0,3,1,'FT',3),(954,'Undergraduate','ECO405',3,'Project Analysis II:Case Study','Project Analysis II:Case Study',73,'0',0,3,1,'FT',3),(955,'Undergraduate','ECO406',3,'History of economic Thought II ','History of economic Thought II ',73,'0',0,3,1,'FT',3),(956,'Undergraduate','ECO411',3,'Management Accounting','Management Accounting',73,'0',40,3,1,'FT',3),(957,'Undergraduate','ECO412',3,'Social Accounting','Social Accounting',73,'0',40,3,1,'FT',3),(958,'Undergraduate','ECO413',3,'Financial Accounting','Financial Accounting',73,'0',40,3,1,'FT',3),(959,'Undergraduate','ECO414',3,'Principles of Auditing','Principles of Auditing',73,'0',40,3,1,'FT',3),(960,'Undergraduate','ECO415',3,'Corporate Finance','Corporate Finance',73,'0',0,3,1,'FT',3),(961,'Undergraduate','ECO416',3,'Accounting For Economic Decision Making','Accounting For Economic Decision Making',73,'0',0,3,1,'FT',3),(962,'Undergraduate','ECO421',3,'Economics of African Development','Economics of African Development',73,'0',40,3,1,'FT',3),(963,'Undergraduate','ECO422',3,'Economic Planning','Economic Planning',73,'0',40,3,1,'FT',3),(964,'Undergraduate','ECO423',3,'Development Economics','Development Economics',73,'0',0,3,1,'FT',3),(965,'Undergraduate','ECO425',3,'Environmental and Resource Economics','Environmental and Resource Economics',73,'0',40,3,1,'FT',3),(966,'Undergraduate','ECO431',3,'Marxist Political Economy of Nigerian Development','Marxist Political Economy of Nigerian Development',73,'0',40,3,1,'FT',3),(967,'Undergraduate','ECO432',3,'The Political Economy of Institutions','The Political Economy of Institutions',73,'0',40,3,1,'FT',3),(968,'Undergraduate','ECO433',3,'Comparative Economic Systems I','Comparative Economic Systems I',73,'0',0,3,1,'FT',3),(969,'Undergraduate','ECO441',3,'Introductory Econometrics II','Introductory Econometrics II',73,'0',40,3,1,'FT',3),(970,'Undergraduate','ECO442',3,'Operations Research','Operations Research',73,'0',40,3,1,'FT',3),(971,'Undergraduate','ECO443',3,'Econometrics','Econometrics',73,'0',40,3,1,'FT',3),(972,'Undergraduate','ECO451',3,'Theory of International Trade','Theory of International Trade',73,'0',40,3,1,'FT',3),(973,'Undergraduate','ECO452',3,'International Finance','International Finance',73,'0',40,3,1,'FT',3),(974,'Undergraduate','ECO461',3,'Monetary Theory and Policies','Monetary Theory and Policies',73,'0',40,3,1,'FT',3),(975,'Undergraduate','ECO462',3,'Practice of Deposit Insurance System','Practice of Deposit Insurance System',73,'0',0,3,1,'FT',3),(976,'Undergraduate','ECO471',3,'Public Sector Economics','Public Sector Economics',73,'0',40,3,1,'FT',3),(977,'Undergraduate','ECO472',3,'Fiscal Policy','Fiscal Policy',73,'0',40,3,1,'FT',3),(978,'Undergraduate','ECO481',3,'History of Economic Thought','History of Economic Thought',73,'0',40,3,1,'FT',3),(979,'Undergraduate','ECO482',3,'Comparative Economic Systems','Comparative Economic Systems',73,'0',40,3,1,'FT',3),(980,'Undergraduate','ECO483',3,'Developments in the Global Economy','Developments in the Global Economy',73,'0',0,3,1,'FT',3),(981,'Undergraduate','ECO484',3,'Case Studies In Economic Growth','Case Studies In Economic Growth',73,'0',40,3,1,'FT',3),(982,'Undergraduate','ECO485',3,'Issues in Islamic Economic System and Finance','Issues in Islamic Economic System and Finance',73,'0',0,3,1,'FT',3),(983,'Undergraduate','ECO486',3,'Industrial Economics','Industrial Economics',73,'0',0,3,1,'FT',3),(984,'Undergraduate','ECO487',3,'Issues in Industrial Economics ','Issues in Industrial Economics ',73,'0',0,3,1,'FT',3),(985,'Undergraduate','ECO491',3,'Labour Economics','Labour Economics',73,'0',40,3,1,'FT',3),(986,'Undergraduate','ECO492',3,'Issues in  Human Capital Development','Issues in  Human Capital Development',73,'0',0,3,1,'FT',3),(987,'Undergraduate','ECO493',3,'Economics of Production','Economics of Production',73,'0',40,3,1,'FT',3),(988,'Undergraduate','ECO501',3,'Project in Economics','Project in Economics',73,'0',0,3,1,'FT',3),(989,'Undergraduate','EME101',3,'Basic Concepts in Economics of Education & planning','Basic Concepts in Economics of Education & planning',37,'0',0,3,1,'FT',3),(990,'Undergraduate','EME102',3,'Basic Concepts in Educational Administration','Basic Concepts in Educational Administration',37,'0',0,3,1,'FT',3),(991,'Undergraduate','EME103',3,'Historical Dev. of Educational Administration,Policy & Reforms in Nigeria','Historical Dev. of Educational Administration,Policy & Reforms in Nigeria',37,'0',0,3,1,'FT',3),(992,'Undergraduate','EME104',3,'Demographic Data & Statistics For Educational Mgt.','Demographic Data & Statistics For Educational Mgt.',37,'0',0,3,1,'FT',3),(993,'Undergraduate','EME105',3,'Careers in Educational Management','Careers in Educational Management',37,'0',0,3,1,'FT',3),(994,'Undergraduate','EME201',3,'Introduction to Educational Planning','Introduction to Educational Planning',37,'0',40,3,1,'FT',3),(995,'Undergraduate','EME202',3,'Principles of Educational Administration','Principles of Educational Administration',37,'0',40,3,1,'FT',3),(996,'Undergraduate','EME204',3,'Historical Development of Educational Administration in Nigeria','Historical Development of Educational Administration in Nigeria',37,'0',40,3,1,'FT',3),(997,'Undergraduate','EME205',3,'School Administration and Supervision','School Administration and Supervision',37,'0',40,3,1,'FT',3),(998,'Undergraduate','EME206',3,'School Mapping and Facilities Analysis','School Mapping and Facilities Analysis',37,'0',40,3,1,'FT',3),(999,'Undergraduate','EME207',3,'Diagnosis of Educational Policy and Reforms','Diagnosis of Educational Policy and Reforms',37,'0',40,3,1,'FT',3),(1000,'Undergraduate','EME208',3,'Mathematics for Management','Mathematics for Management',37,'0',40,3,1,'FT',3),(1001,'Undergraduate','EME209',3,'Educational Statistics and Models','Educational Statistics and Models',37,'0',40,3,1,'FT',3),(1002,'Undergraduate','EME301',3,'Educational cost and Financial Analysis','Educational cost and Financial Analysis',37,'0',40,3,1,'FT',3),(1003,'Undergraduate','EME302',3,'Operational Management in Educational Practice','Operational Management in Educational Practice',37,'0',0,3,1,'FT',3),(1004,'Undergraduate','EME303',3,'The Use of Computer in Educational Management','The Use of Computer in Educational Management',37,'0',40,3,1,'FT',3),(1005,'Undergraduate','EME304',3,'Leadership in Formal organization','Leadership in Formal organization',37,'0',0,3,1,'FT',3),(1006,'Undergraduate','EME305',3,'Accounting for School Management','Accounting for School Management',37,'0',40,3,1,'FT',3),(1007,'Undergraduate','EME306',3,'Practicum in Educational Management','Practicum in Educational Management',37,'0',40,3,1,'FT',3),(1008,'Undergraduate','EME307',3,'Educational Systems Analysis','Educational Systems Analysis',37,'0',40,3,1,'FT',3),(1009,'Undergraduate','EME308',3,'Case Studies in School Administration and Supervision','Case Studies in School Administration and Supervision',37,'0',40,3,1,'FT',3),(1010,'Undergraduate','EME310',3,'Research Methods in Education','Research Methods in Education',37,'0',0,3,1,'FT',3),(1011,'Undergraduate','EME311',3,'Statistical Measures of Relationship in Education','Statistical Measures of Relationship in Education',37,'0',0,3,1,'FT',3),(1012,'Undergraduate','EME312',3,'Personnel & Industrial Relations in Education','Personnel & Industrial Relations in Education',37,'0',0,3,1,'FT',3),(1013,'Undergraduate','EME401',3,'Social and Political Context of Educational Planning and Administration','Social and Political Context of Educational Planning and Administration',37,'0',40,3,1,'FT',3),(1014,'Undergraduate','EME402',3,'Legal Aspects of Educational Administration','Legal Aspects of Educational Administration',37,'0',40,3,1,'FT',3),(1015,'Undergraduate','EME404',3,'Supervision of Instruction and Accountability','Supervision of Instruction and Accountability',37,'0',40,3,1,'FT',3),(1016,'Undergraduate','EME405',3,'Managerial Accounting in Education','Managerial Accounting in Education',37,'0',0,3,1,'FT',3),(1017,'Undergraduate','EME406',3,'Practicum in Educational Management II','Practicum in Educational Management II',37,'0',40,3,1,'FT',3),(1018,'Undergraduate','EME407',3,'Management Behaviour in Organizations','Management Behaviour in Organizations',37,'0',40,3,1,'FT',3),(1019,'Undergraduate','EME408',3,'Efficiency of Educational system','Efficiency of Educational system',37,'0',0,3,1,'FT',3),(1020,'Undergraduate','EME409',6,'Research Project','Research Project',37,'0',40,3,1,'FT',3),(1021,'Undergraduate','EME411',3,'Basic Concepts in Educational Planning and Administration','Basic Concepts in Educational Planning and Administration',37,'0',40,3,1,'FT',3),(1022,'Undergraduate','EME412',3,'School-Community Relation','School-Community Relation',37,'0',0,3,1,'FT',3),(1023,'Undergraduate','EMS300',2,'Biostatistics','Biostatistics',102,'0',0,3,1,'FT',3),(1024,'Undergraduate','EMS501',3,'Research Methodology','Research Methodology',102,'0',0,3,1,'FT',3),(1025,'Undergraduate','ENG101',3,'Basic English Grammar  ','Basic English Grammar  ',15,'0',40,3,1,'FT',3),(1026,'Undergraduate','ENG102',3,'Introductory English Grammar and Composition','Introductory English Grammar and Composition',15,'0',40,3,1,'FT',3),(1027,'Undergraduate','ENG103',3,'A Survey of the English Language','A Survey of the English Language',15,'0',0,3,1,'FT',3),(1028,'Undergraduate','ENG104',3,'Introductory English Composition ','Introductory English Composition ',15,'0',40,3,1,'FT',3),(1029,'Undergraduate','ENG105',3,'Spoken English I ','Spoken English I ',15,'0',40,3,1,'FT',3),(1030,'Undergraduate','ENG106',3,'A Survey of Linguistics and the English Language','A Survey of Linguistics and the English Language',15,'0',40,3,1,'FT',3),(1031,'Undergraduate','ENG111',3,'Poetry in English','Poetry in English',32,'0',40,3,1,'FT',3),(1032,'Undergraduate','ENG112',3,'Drama in English','Drama in English',15,'0',40,3,1,'FT',3),(1033,'Undergraduate','ENG113',3,'Prose Literature','Prose Literature',32,'0',40,3,1,'FT',3),(1034,'Undergraduate','ENG115',3,'Introduction to Literature and Literary Criticism','Introduction to Literature and Literary Criticism',15,'0',40,3,1,'FT',3),(1035,'Undergraduate','ENG116',3,'Introduction to Poetry in English','Introduction to Poetry in English',15,'0',40,3,1,'FT',3),(1036,'Undergraduate','ENG117',3,'Introduction to Drama in English','Introduction to Drama in English',15,'0',40,3,1,'FT',3),(1037,'Undergraduate','ENG118',3,'Introduction to Prose','Introduction to Prose',15,'0',40,3,1,'FT',3),(1038,'Undergraduate','ENG201',3,'Spoken English','Spoken English',15,'0',0,3,1,'FT',3),(1039,'Undergraduate','ENG202',3,'Introductory English Phonetics and Phonology','Introductory English Phonetics and Phonology',15,'0',40,3,1,'FT',3),(1040,'Undergraduate','ENG203',3,'Introductory English Morphology and Syntax','Introductory English Morphology and Syntax',15,'0',0,3,1,'FT',3),(1041,'Undergraduate','ENG204',3,'The English Language Yesterday and Today','The English Language Yesterday and Today',15,'0',40,3,1,'FT',3),(1042,'Undergraduate','ENG205',3,'Varieties of English','Varieties of English',15,'0',40,3,1,'FT',3),(1043,'Undergraduate','ENG207',3,'The English Essay','The English Essay',15,'0',40,3,1,'FT',3),(1044,'Undergraduate','ENG208',3,'The History of the English Language','The History of the English Language',15,'0',40,3,1,'FT',3),(1045,'Undergraduate','ENG209',3,'Language, Literature and ICT ','Language, Literature and ICT ',15,'0',40,3,1,'FT',3),(1046,'Undergraduate','ENG211',3,'Forms of Literature I. Prose Fiction','Forms of Literature I. Prose Fiction',15,'0',40,3,1,'FT',3),(1047,'Undergraduate','ENG212',3,'Forms of literature III. Poetry','Forms of literature III. Poetry',15,'0',40,3,1,'FT',3),(1048,'Undergraduate','ENG213',3,'Forms of Literature II. Drama','Forms of Literature II. Drama',15,'0',40,3,1,'FT',3),(1049,'Undergraduate','ENG215',3,'Modern African Literature. A Survey','Modern African Literature. A Survey',15,'0',40,3,1,'FT',3),(1050,'Undergraduate','ENG216',3,'Introduction to Creative Writing','Introduction to Creative Writing',15,'0',40,3,1,'FT',3),(1051,'Undergraduate','ENG217',2,'The English Essay','The English Essay',15,'0',40,3,1,'FT',3),(1052,'Undergraduate','ENG218',2,'Popular Literature','Popular Literature',15,'0',40,3,1,'FT',3),(1053,'Undergraduate','ENG220',3,'Functional English Grammar','Functional English Grammar',15,'0',40,3,1,'FT',3),(1054,'Undergraduate','ENG221',3,'Introduction to Technical Writing','Introduction to Technical Writing',15,'0',40,3,1,'FT',3),(1055,'Undergraduate','ENG231',3,'Introduction to English Literature (R) ','Introduction to English Literature (R) ',15,'0',40,3,1,'FT',3),(1056,'Undergraduate','ENG232',3,'Introduction to World Literary Traditions','Introduction to World Literary Traditions',15,'0',40,3,1,'FT',3),(1057,'Undergraduate','ENG233',3,'English Literature from Elizabethan to the Victorian Period','English Literature from Elizabethan to the Victorian Period',15,'0',40,3,1,'FT',3),(1058,'Undergraduate','ENG234',3,'Shakespeare and His Contemporaries','Shakespeare and His Contemporaries',15,'0',40,3,1,'FT',3),(1059,'Undergraduate','ENG235',3,'Introduction to Oral Literature','Introduction to Oral Literature',15,'0',40,3,1,'FT',3),(1060,'Undergraduate','ENG301',3,'Advanced English Phonology I ','Advanced English Phonology I ',15,'0',0,3,1,'FT',3),(1061,'Undergraduate','ENG302',3,'English Phonology','English Phonology',15,'0',0,3,1,'FT',3),(1062,'Undergraduate','ENG303',3,'English Syntax and Lexis','English Syntax and Lexis',15,'0',40,3,1,'FT',3),(1063,'Undergraduate','ENG304',3,'Language and Style','Language and Style',15,'0',0,3,1,'FT',3),(1064,'Undergraduate','ENG305',3,'The English Language in Nigeria','The English Language in Nigeria',15,'0',40,3,1,'FT',3),(1065,'Undergraduate','ENG306',3,'English Semantics','English Semantics',15,'0',40,3,1,'FT',3),(1066,'Undergraduate','ENG307',3,'Translation Theory','Translation Theory',15,'0',40,3,1,'FT',3),(1067,'Undergraduate','ENG308',3,'Research Methods in English Usage','Research Methods in English Usage',15,'0',40,3,1,'FT',3),(1068,'Undergraduate','ENG309',3,'Introduction to Language and Style','Introduction to Language and Style',15,'0',40,3,1,'FT',3),(1069,'Undergraduate','ENG311*',3,'Modern African Poetry ','Modern African Poetry ',15,'0',0,3,1,'FT',3),(1070,'Undergraduate','ENG312',3,'Modern Drama in English','Modern Drama in English',15,'0',40,3,1,'FT',3),(1071,'Undergraduate','ENG313',3,'Special Topics in Literature ','Special Topics in Literature ',15,'0',40,3,1,'FT',3),(1072,'Undergraduate','ENG314',3,'Childrens Literature ','Childrens Literature ',15,'0',40,3,1,'FT',3),(1073,'Undergraduate','ENG315',2,'English Poetry','English Poetry',15,'0',40,3,1,'FT',3),(1074,'Undergraduate','ENG316',3,'English Drama','English Drama',15,'0',40,3,1,'FT',3),(1075,'Undergraduate','ENG317',3,'Modern Drama','Modern Drama',15,'0',40,3,1,'FT',3),(1076,'Undergraduate','ENG319',3,'Oral Literature in English Translation','Oral Literature in English Translation',15,'0',40,3,1,'FT',3),(1077,'Undergraduate','ENG320',3,'Sociolinguistics','Sociolinguistics',15,'0',40,3,1,'FT',3),(1078,'Undergraduate','ENG321',3,'Advanced English Syntax I','Advanced English Syntax I',15,'0',40,3,1,'FT',3),(1079,'Undergraduate','ENG323',3,'Advanced English Grammar','Advanced English Grammar',15,'0',40,3,1,'FT',3),(1080,'Undergraduate','ENG324',3,'A Survey of Applied Linguistics ','A Survey of Applied Linguistics ',15,'0',40,3,1,'FT',3),(1081,'Undergraduate','ENG325',3,'Introduction to Semiotics','Introduction to Semiotics',15,'0',40,3,1,'FT',3),(1082,'Undergraduate','ENG326',3,'Oral Literature in English Translation','Oral Literature in English Translation',15,'0',0,3,1,'FT',3),(1083,'Undergraduate','ENG327',3,'Oral Heroic Poetry in Africa','Oral Heroic Poetry in Africa',15,'0',40,3,1,'FT',3),(1084,'Undergraduate','ENG328',3,'Modern African Poetry','Modern African Poetry',15,'0',40,3,1,'FT',3),(1085,'Undergraduate','ENG329',2,'Modern African Drama','Modern African Drama',15,'0',40,3,1,'FT',3),(1086,'Undergraduate','ENG331',3,'Life Writing','Life Writing',15,'0',40,3,1,'FT',3),(1087,'Undergraduate','ENG332',3,'Literature and Society ','Literature and Society ',15,'0',40,3,1,'FT',3),(1088,'Undergraduate','ENG333',3,'The Bible as Literature ','The Bible as Literature ',15,'0',40,3,1,'FT',3),(1089,'Undergraduate','ENG334',3,'English Literature from the Edwardians to the Present','English Literature from the Edwardians to the Present',15,'0',40,3,1,'FT',3),(1090,'Undergraduate','ENG335',3,'American Literature','American Literature',15,'0',40,3,1,'FT',3),(1091,'Undergraduate','ENG336',3,'African-American Literature','African-American Literature',15,'0',40,3,1,'FT',3),(1092,'Undergraduate','ENG337',3,'Caribbean Literature in English','Caribbean Literature in English',15,'0',40,3,1,'FT',3),(1093,'Undergraduate','ENG338',3,'Literary Analysis ','Literary Analysis ',15,'0',40,3,1,'FT',3),(1094,'Undergraduate','ENG340',3,'Discourse Analysis I ','Discourse Analysis I ',15,'0',40,3,1,'FT',3),(1095,'Undergraduate','ENG342',3,'Language, Literature  and Gender (for Language and Literature)','Language, Literature  and Gender (for Language and Literature)',15,'0',40,3,1,'FT',3),(1096,'Undergraduate','ENG350',3,'Creative Writing','Creative Writing',15,'0',40,3,1,'FT',3),(1097,'Undergraduate','ENG351',3,'Literature and Gender ','Literature and Gender ',15,'0',40,3,1,'FT',3),(1098,'Undergraduate','ENG352',3,'Modern African Drama','Modern African Drama',15,'0',40,3,1,'FT',3),(1099,'Undergraduate','ENG353',3,'New Trends in Nigerian Writing','New Trends in Nigerian Writing',15,'0',40,3,1,'FT',3),(1100,'Undergraduate','ENG355',3,'Classical Literature','Classical Literature',15,'0',40,3,1,'FT',3),(1101,'Undergraduate','ENG365',2,'Special Topics in Literature','Special Topics in Literature',15,'0',40,3,1,'FT',3),(1102,'Undergraduate','ENG366',3,'Literature and Society','Literature and Society',15,'0',40,3,1,'FT',3),(1103,'Undergraduate','ENG367',3,'The Bible As Literature','The Bible As Literature',15,'0',40,3,1,'FT',3),(1104,'Undergraduate','ENG368',2,'Literary Analysis','Literary Analysis',15,'0',40,3,1,'FT',3),(1105,'Undergraduate','ENG369',2,'Literature and Gender','Literature and Gender',15,'0',40,3,1,'FT',3),(1106,'Undergraduate','ENG370',2,'New Trends in Nigerian Writing','New Trends in Nigerian Writing',15,'0',40,3,1,'FT',3),(1107,'Undergraduate','ENG401',3,'Language of Literature','Language of Literature',15,'0',40,3,1,'FT',3),(1108,'Undergraduate','ENG402',3,'English Suprasegmental Phonology','English Suprasegmental Phonology',15,'0',40,3,1,'FT',3),(1109,'Undergraduate','ENG403',2,'Studies in English Syntax','Studies in English Syntax',15,'0',40,3,1,'FT',3),(1110,'Undergraduate','ENG404',3,'English Literary Stylistics','English Literary Stylistics',15,'0',40,3,1,'FT',3),(1111,'Undergraduate','ENG405',3,'Discourse Analysis II ','Discourse Analysis II ',15,'0',40,3,1,'FT',3),(1112,'Undergraduate','ENG406',3,'Dicourse Analysis','Dicourse Analysis',15,'0',40,3,1,'FT',3),(1113,'Undergraduate','ENG407',3,'Psycholinguistics','Psycholinguistics',15,'0',40,3,1,'FT',3),(1114,'Undergraduate','ENG408',3,'Special Subject in English Language Studies','Special Subject in English Language Studies',15,'0',40,3,1,'FT',3),(1115,'Undergraduate','ENG409',3,'History of the English Language','History of the English Language',15,'0',40,3,1,'FT',3),(1116,'Undergraduate','ENG410',3,'Post(-)colonial Culture ','Post(-)colonial Culture ',15,'0',40,3,1,'FT',3),(1117,'Undergraduate','ENG412',3,'Literature and Folklore in Africa ','Literature and Folklore in Africa ',15,'0',40,3,1,'FT',3),(1118,'Undergraduate','ENG413',3,'African Prose Fiction','African Prose Fiction',15,'0',40,3,1,'FT',3),(1119,'Undergraduate','ENG414',3,'Advanced Creative Writing','Advanced Creative Writing',15,'0',40,3,1,'FT',3),(1120,'Undergraduate','ENG415',3,'Longer English Poems','Longer English Poems',15,'0',40,3,1,'FT',3),(1121,'Undergraduate','ENG416',3,'Film and Literature ','Film and Literature ',15,'0',40,3,1,'FT',3),(1122,'Undergraduate','ENG417',3,'Third World Literature ','Third World Literature ',15,'0',40,3,1,'FT',3),(1123,'Undergraduate','ENG418',3,'The English Novel','The English Novel',15,'0',40,3,1,'FT',3),(1124,'Undergraduate','ENG420',3,'Pragmatics','Pragmatics',15,'0',40,3,1,'FT',3),(1125,'Undergraduate','ENG421',3,'English for Specific Purposes','English for Specific Purposes',15,'0',40,3,1,'FT',3),(1126,'Undergraduate','ENG422',3,'Media Studies','Media Studies',15,'0',40,3,1,'FT',3),(1127,'Undergraduate','ENG424',3,'English Language and Computer -Mediated Communication','English Language and Computer -Mediated Communication',15,'0',40,3,1,'FT',3),(1128,'Undergraduate','ENG434',2,'Literary History and Theory','Literary History and Theory',15,'0',40,3,1,'FT',3),(1129,'Undergraduate','ENG443',2,'Literature and Folklore in Africa','Literature and Folklore in Africa',15,'0',40,3,1,'FT',3),(1130,'Undergraduate','ENG444',3,'African Prose Fiction','African Prose Fiction',15,'0',40,3,1,'FT',3),(1131,'Undergraduate','ENG445',3,'Advanced Creative Writing','Advanced Creative Writing',15,'0',40,3,1,'FT',3),(1132,'Undergraduate','ENG446',2,'Third World Literature','Third World Literature',15,'0',40,3,1,'FT',3),(1133,'Undergraduate','ENG482',6,'Long Essay','Long Essay',15,'0',40,3,1,'FT',3),(1134,'Undergraduate','ESF101',3,'Practical French I','Practical French I',16,'0',40,3,1,'FT',3),(1135,'Undergraduate','ESF102',3,'Practical French II','Practical French II',16,'0',40,3,1,'FT',3),(1136,'Undergraduate','ESF103',2,'Oral and Aural Comprehension I','Oral and Aural Comprehension I',16,'0',0,3,1,'FT',3),(1137,'Undergraduate','ESF104',2,'Oral & Aural Comprehension II','Oral & Aural Comprehension II',16,'0',0,3,1,'FT',3),(1138,'Undergraduate','ESF105',2,'Introduction to Textual Analysis','Introduction to Textual Analysis',16,'0',0,3,1,'FT',3),(1139,'Undergraduate','ESF106',2,'Contemporary France & Francophone Africa','Contemporary France & Francophone Africa',16,'0',0,3,1,'FT',3),(1140,'Undergraduate','ESF107',3,'French as Second European Language I','French as Second European Language I',16,'0',0,3,1,'FT',3),(1141,'Undergraduate','ESF108',3,'French as Second Foreign Language II','French as Second Foreign Language II',16,'0',0,3,1,'FT',3),(1142,'Undergraduate','ESF109',3,'French as Second Foreign Language II','French as Second Foreign Language II',16,'0',0,3,1,'FT',3),(1143,'Undergraduate','ESF201',2,'Practical French III','Practical French III',16,'0',0,3,1,'FT',3),(1144,'Undergraduate','ESF202',2,'French Comprehension','French Comprehension',16,'0',0,3,1,'FT',3),(1145,'Undergraduate','ESF203',2,'French Composition','French Composition',16,'0',0,3,1,'FT',3),(1146,'Undergraduate','ESF204',2,'Introduction to Phonology & Phonetics of French','Introduction to Phonology & Phonetics of French',16,'0',0,3,1,'FT',3),(1147,'Undergraduate','ESF205',2,'Oral & aural Comprehension III','Oral & aural Comprehension III',16,'0',0,3,1,'FT',3),(1148,'Undergraduate','ESF206',2,'Introduction to Translation I','Introduction to Translation I',16,'0',0,3,1,'FT',3),(1149,'Undergraduate','ESF207',2,'Introduction to Translation II','Introduction to Translation II',16,'0',0,3,1,'FT',3),(1150,'Undergraduate','ESF208',2,'Survey of French Literature of the 16th & 17th Century','Survey of French Literature of the 16th & 17th Century',16,'0',0,3,1,'FT',3),(1151,'Undergraduate','ESF209',2,'Introduction to African Literature in French','Introduction to African Literature in French',16,'0',0,3,1,'FT',3),(1152,'Undergraduate','ESF210',2,'Introduction to French History & Political Life','Introduction to French History & Political Life',16,'0',0,3,1,'FT',3),(1153,'Undergraduate','ESF211',2,'Introduction to Francophone African','Introduction to Francophone African',16,'0',0,3,1,'FT',3),(1154,'Undergraduate','ESF212',2,'Economic Geography of France','Economic Geography of France',16,'0',0,3,1,'FT',3),(1155,'Undergraduate','ESF213',3,'French as Second European language III','French as Second European language III',16,'0',0,3,1,'FT',3),(1156,'Undergraduate','ESF214',3,'French as Second European Language IV','French as Second European Language IV',16,'0',0,3,1,'FT',3),(1157,'Undergraduate','ESF301',2,'Practical French iV','Practical French iV',16,'0',0,3,1,'FT',3),(1158,'Undergraduate','ESF302',2,'Phonetics','Phonetics',16,'0',0,3,1,'FT',3),(1159,'Undergraduate','ESF303',2,'Comprehension & Written Composition','Comprehension & Written Composition',16,'0',0,3,1,'FT',3),(1160,'Undergraduate','ESF304',2,'French Literature of the 18th century','French Literature of the 18th century',16,'0',0,3,1,'FT',3),(1161,'Undergraduate','ESF305',2,'FRENCH LITERATURE OF THE 19TH CENTURY','FRENCH LITERATURE OF THE 19TH CENTURY',16,'0',0,3,1,'FT',3),(1162,'Undergraduate','ESF306',2,'African Oral Literature','African Oral Literature',16,'0',0,3,1,'FT',3),(1163,'Undergraduate','ESF307',2,'African Written Literature in French','African Written Literature in French',16,'0',0,3,1,'FT',3),(1164,'Undergraduate','ESF308',2,'CULTURE AND CIVILISATION IN FRENCH','CULTURE AND CIVILISATION IN FRENCH',16,'0',0,3,1,'FT',3),(1165,'Undergraduate','ESF309',2,'General Translation I','General Translation I',16,'0',0,3,1,'FT',3),(1166,'Undergraduate','ESF310',2,'General Translation II','General Translation II',16,'0',0,3,1,'FT',3),(1167,'Undergraduate','ESF311',2,'LINGUISTICS AND STYLISTICS OF FRENCH','LINGUISTICS AND STYLISTICS OF FRENCH',16,'0',0,3,1,'FT',3),(1168,'Undergraduate','ESF312',2,'The History and Politics of France (5th Republic)','The History and Politics of France (5th Republic)',16,'0',0,3,1,'FT',3),(1169,'Undergraduate','ESF313',2,'Francophone Africa since 1960','Francophone Africa since 1960',16,'0',0,3,1,'FT',3),(1170,'Undergraduate','ESF314',2,'Introduction to French Thought','Introduction to French Thought',16,'0',0,3,1,'FT',3),(1171,'Undergraduate','ESF315',2,'Introduction to caribbean Literature in French','Introduction to caribbean Literature in French',16,'0',0,3,1,'FT',3),(1172,'Undergraduate','ESF401',2,'Practical French V','Practical French V',16,'0',0,3,1,'FT',3),(1173,'Undergraduate','ESF402',2,'Practical French VI','Practical French VI',16,'0',0,3,1,'FT',3),(1174,'Undergraduate','ESF403',2,'Oral & Aural Comprehension','Oral & Aural Comprehension',16,'0',0,3,1,'FT',3),(1175,'Undergraduate','ESF404',2,'Literary Criticism','Literary Criticism',16,'0',0,3,1,'FT',3),(1176,'Undergraduate','ESF405',2,'French Dissertation / Explication de texte','French Dissertation / Explication de texte',16,'0',0,3,1,'FT',3),(1177,'Undergraduate','ESF406',2,'Structure of Contemporary French III','Structure of Contemporary French III',16,'0',0,3,1,'FT',3),(1178,'Undergraduate','ESF407',2,'General Translation III','General Translation III',16,'0',0,3,1,'FT',3),(1179,'Undergraduate','ESF408',2,'General Translation IV','General Translation IV',16,'0',0,3,1,'FT',3),(1180,'Undergraduate','ESF409',2,'Caribbean Francophone Literature','Caribbean Francophone Literature',16,'0',0,3,1,'FT',3),(1181,'Undergraduate','ESF410',3,'The Poetry of France','The Poetry of France',16,'0',0,3,1,'FT',3),(1182,'Undergraduate','ESF411',2,'The Drama of France','The Drama of France',16,'0',0,3,1,'FT',3),(1183,'Undergraduate','ESF412',2,'French Prose of The 20th Century','French Prose of The 20th Century',16,'0',0,3,1,'FT',3),(1184,'Undergraduate','ESF413',2,'African Literature of French Expression','African Literature of French Expression',16,'0',0,3,1,'FT',3),(1185,'Undergraduate','ESF414',2,'Feminism in Literature','Feminism in Literature',16,'0',0,3,1,'FT',3),(1186,'Undergraduate','ESF415',2,'French Philosophical Thought','French Philosophical Thought',16,'0',0,3,1,'FT',3),(1187,'Undergraduate','ESF416',2,'Government & Society in France','Government & Society in France',16,'0',0,3,1,'FT',3),(1188,'Undergraduate','ESF417',2,'Government and Society in Francophone Africa','Government and Society in Francophone Africa',16,'0',0,3,1,'FT',3),(1189,'Undergraduate','ESF418',2,'Applied Linguistics','Applied Linguistics',16,'0',0,3,1,'FT',3),(1190,'Undergraduate','ESF419',2,'French for Specific Purpose','French for Specific Purpose',16,'0',0,3,1,'FT',3),(1191,'Undergraduate','ESF499',6,'Long Essay/Dissertation','Long Essay/Dissertation',16,'0',0,3,1,'FT',3),(1192,'Undergraduate','ESG101',3,'Basic German Grammar I','Basic German Grammar I',16,'0',0,3,1,'FT',3),(1193,'Undergraduate','ESG102',3,'oral & Aural Comprehrension I','oral & Aural Comprehrension I',16,'0',0,3,1,'FT',3),(1194,'Undergraduate','ESG103',3,'Basic German Grammar II','Basic German Grammar II',16,'0',0,3,1,'FT',3),(1195,'Undergraduate','ESG104',2,'ORAL & AURAL COMPREHENSION','ORAL & AURAL COMPREHENSION',16,'0',0,3,1,'FT',3),(1196,'Undergraduate','ESG105',2,'Speech & Conversation','Speech & Conversation',16,'0',0,3,1,'FT',3),(1197,'Undergraduate','ESG106',2,'Introduction to The German Speaking Countries','Introduction to The German Speaking Countries',16,'0',0,3,1,'FT',3),(1198,'Undergraduate','ESG107',2,'Introduction to Reading & Textual analysis ','Introduction to Reading & Textual analysis ',16,'0',0,3,1,'FT',3),(1199,'Undergraduate','ESG108',3,'GERMAN AS SECOND FOREIGN LANG. I','GERMAN AS SECOND FOREIGN LANG. I',16,'0',40,3,1,'FT',3),(1200,'Undergraduate','ESG109',3,'GERMAN AS SECOND FOREIGN LANGUAGE II','GERMAN AS SECOND FOREIGN LANGUAGE II',16,'0',0,3,1,'FT',3),(1212,'Undergraduate','ECO412',3,'Social Accounting','Social Accounting',73,'0',40,2,1,'FT',2),(1213,'Undergraduate','ECO413',3,'Financial Accounting','Financial Accounting',73,'0',40,2,1,'FT',2),(1214,'Undergraduate','ECO414',3,'Principles of Auditing','Principles of Auditing',73,'0',40,2,1,'FT',2),(1215,'Undergraduate','ECO415',3,'Corporate Finance','Corporate Finance',73,'0',0,2,1,'FT',2),(1216,'Undergraduate','ECO416',3,'Accounting For Economic Decision Making','Accounting For Economic Decision Making',73,'0',0,2,1,'FT',2),(1222,'1','CSCC',43,'thuis','Course',1,'12',30,6,1,'1',4),(1223,'Compulsory','ACC 121',3,'INTRODUCTION TO ACCOUNTING II','INTRODUCTION TO ACCOUNTING II',5,'0',40,2,1,'YES',4),(1224,'Compulsory','ACC 211',3,'FINANCIAL ACCOUNTING I','FINANCIAL ACCOUNTING I',5,'0',40,1,1,'YES',4),(1225,'Compulsory','ACC 221',3,'FINANCIAL ACCOUNTING II','FINANCIAL ACCOUNTING II',5,'0',40,2,1,'YES',4);
/*!40000 ALTER TABLE `courses` ENABLE KEYS */;
UNLOCK TABLES;

--
-- Table structure for table `default_course_credits`
--

DROP TABLE IF EXISTS `default_course_credits`;
/*!40101 SET @saved_cs_client     = @@character_set_client */;
/*!40101 SET character_set_client = utf8 */;
CREATE TABLE `default_course_credits` (
  `id` int(11) NOT NULL AUTO_INCREMENT,
  `minimum_value` int(11) NOT NULL,
  `maximum_value` int(11) NOT NULL,
  `created` datetime DEFAULT NULL,
  `modified` datetime DEFAULT NULL,
  PRIMARY KEY (`id`)
) ENGINE=InnoDB DEFAULT CHARSET=latin1;
/*!40101 SET character_set_client = @saved_cs_client */;

--
-- Dumping data for table `default_course_credits`
--

LOCK TABLES `default_course_credits` WRITE;
/*!40000 ALTER TABLE `default_course_credits` DISABLE KEYS */;
/*!40000 ALTER TABLE `default_course_credits` ENABLE KEYS */;
UNLOCK TABLES;

--
-- Table structure for table `departments`
--

DROP TABLE IF EXISTS `departments`;
/*!40101 SET @saved_cs_client     = @@character_set_client */;
/*!40101 SET character_set_client = utf8 */;
CREATE TABLE `departments` (
  `id` int(11) NOT NULL AUTO_INCREMENT,
  `department_name` varchar(500) DEFAULT NULL,
  `department_code` varchar(50) DEFAULT NULL,
  `department_description` varchar(500) DEFAULT NULL,
  `date_founded` varchar(100) DEFAULT NULL,
  `faculty_id` int(11) DEFAULT NULL,
  `mat_code` varchar(50) DEFAULT NULL,
  `created` datetime DEFAULT NULL,
  `modified` datetime DEFAULT NULL,
  PRIMARY KEY (`id`)
) ENGINE=InnoDB AUTO_INCREMENT=113 DEFAULT CHARSET=utf8mb4;
/*!40101 SET character_set_client = @saved_cs_client */;

--
-- Dumping data for table `departments`
--

LOCK TABLES `departments` WRITE;
/*!40000 ALTER TABLE `departments` DISABLE KEYS */;
INSERT INTO `departments` VALUES (1,'African Regional Centre for Information Science','ARCIS','African Regional Centre for Information Science','2001-12-30',1,'ARCIS','2019-07-11 00:00:00','2019-07-11 00:00:00'),(2,'Agricultural Extension and Rural Development','AERD','Agricultural Extension and Rural Development','2001-12-30',2,'AERD','2019-07-11 00:00:00','2019-07-11 00:00:00'),(3,'Agricultural Economics','AECO','Agricultural Economics','2001-12-30',2,'AECO','2019-07-11 00:00:00','2019-07-11 00:00:00'),(4,'Agriculture','AGR','Agriculture','2001-12-30',2,'AGR','2019-07-11 00:00:00','2019-07-11 00:00:00'),(5,'Agronomy','AGRO','Agronomy','2001-12-30',2,'AGRO','2019-07-11 00:00:00','2019-07-11 00:00:00'),(6,'Animal Science','ANSC','Animal Science','2001-12-30',2,'ANSC','2019-07-11 00:00:00','2019-07-11 00:00:00'),(7,'Crop Protection and  Environmental Biology','CPEB','Crop Protection and  Environmental Biology','2001-12-30',2,'CPEB','2019-07-11 00:00:00','2019-07-11 00:00:00'),(8,'Forest Resources Management','FRM','Forest Resources Management','2001-12-30',2,'FRM','2019-07-11 00:00:00','2019-07-11 00:00:00'),(9,'Wildlife and Fisheries Management','WFM','Wildlife and Fisheries Management','2001-12-30',2,'WFM','2019-07-11 00:00:00','2019-07-11 00:00:00'),(10,'Anthropology(Arts)','ANTHR','Anthropology(Arts)','2001-12-30',3,'ANTHR','2019-07-11 00:00:00','2019-07-11 00:00:00'),(11,'Arabic and Islamic Studies','AIS','Arabic and Islamic Studies','2001-12-30',3,'AIS','2019-07-11 00:00:00','2019-07-11 00:00:00'),(12,'Archaeology(Arts)','ARCH','Archaeology(Arts)','2001-12-30',3,'ARCH','2019-07-11 00:00:00','2019-07-11 00:00:00'),(13,'Classics','CLAS','Classics','2001-12-30',3,'CLAS','2019-07-11 00:00:00','2019-07-11 00:00:00'),(14,'Communication and Language Arts','CLA','Communication and Language Arts','2001-12-30',3,'CLA','2019-07-11 00:00:00','2019-07-11 00:00:00'),(15,'English','ENG','English','2001-12-30',3,'ENG','2019-07-11 00:00:00','2019-07-11 00:00:00'),(16,'European Studies','EUS','European Studies','2001-12-30',3,'EUS','2019-07-11 00:00:00','2019-07-11 00:00:00'),(17,'History','HIST','History','2001-12-30',3,'HIST','2019-07-11 00:00:00','2019-07-11 00:00:00'),(18,'Linguistics and African Languages','LAL','Linguistics and African Languages','2001-12-30',3,'LAL','2019-07-11 00:00:00','2019-07-11 00:00:00'),(19,'Philosophy','PHIL','Philosophy','2001-12-30',3,'PHIL','2019-07-11 00:00:00','2019-07-11 00:00:00'),(20,'Religious Studies','REST','Religious Studies','2001-12-30',3,'REST','2019-07-11 00:00:00','2019-07-11 00:00:00'),(21,'Theatre Arts','THART','Theatre Arts','2001-12-30',3,'THART','2019-07-11 00:00:00','2019-07-11 00:00:00'),(22,'Anatomy','ANAT','Anatomy','2001-12-30',4,'ANAT','2019-07-11 00:00:00','2019-07-11 00:00:00'),(23,'Biochemistry','BIOCH','Biochemistry','2001-12-30',4,'BIOCH','2019-07-11 00:00:00','2019-07-11 00:00:00'),(24,'Haematology','HAEM','Haematology','2001-12-30',4,'HAEM','2019-07-11 00:00:00','2019-07-11 00:00:00'),(25,'Nursing','NURS','Nursing','2001-12-30',6,'NURS','2019-07-11 00:00:00','2019-07-11 00:00:00'),(26,'Pharmacology and Therapeutics','PHATHE','Pharmacology and Therapeutics','2001-12-30',4,'PHATHE','2019-07-11 00:00:00','2019-07-11 00:00:00'),(27,'Physiology','PHYSL','Physiology','2001-12-30',4,'PHYSL','2019-07-11 00:00:00','2019-07-11 00:00:00'),(28,'Virology','VIRO','Virology','2001-12-30',4,'VIRO','2019-07-11 00:00:00','2019-07-11 00:00:00'),(29,'Community Medicine','COMMED','Community Medicine','2001-12-30',6,'COMMED','2019-07-11 00:00:00','2019-07-11 00:00:00'),(30,'Medicine and Surgery','MEDSUR','Medicine and Surgery','2001-12-30',6,'MEDSUR','2019-07-11 00:00:00','2019-07-11 00:00:00'),(31,'Obstetrics and Gynaecology','OBGY','Obstetrics and Gynaecology','2001-12-30',6,'OBGY','2019-07-11 00:00:00','2019-07-11 00:00:00'),(32,'Physiotherapy','PHYSIO','Physiotherapy','2001-12-30',6,'PHYSIO','2019-07-11 00:00:00','2019-07-11 00:00:00'),(33,'Dental Surgery','DETAL','Dental Surgery','2001-12-30',7,'DETAL','2019-07-11 00:00:00','2019-07-11 00:00:00'),(34,'Oral and Maxilo Facial Surgery','OMFS','Oral and Maxilo Facial Surgery','2001-12-30',7,'OMFS','2019-07-11 00:00:00','2019-07-11 00:00:00'),(35,'Preventive Dentistry','PDENT','Preventive Dentistry','2001-12-30',7,'PDENT','2019-07-11 00:00:00','2019-07-11 00:00:00'),(36,'Adult Education','ADED','Adult Education','2001-12-30',8,'ADED','2019-07-11 00:00:00','2019-07-11 00:00:00'),(37,'Educational Management','EDMGT','Educational Management','2001-12-30',8,'EDMGT','2019-07-11 00:00:00','2019-07-11 00:00:00'),(38,'Guidance and Counselling','GDCS','Guidance and Counselling','2001-12-30',8,'GDCS','2019-07-11 00:00:00','2019-07-11 00:00:00'),(39,'Human Kinetics and Health Education','HKHE','Human Kinetics and Health Education','2001-12-30',8,'HKHE','2019-07-11 00:00:00','2019-07-11 00:00:00'),(40,'Library Archival and Infomation Studies','LAIS','Library Archival and Infomation Studies','2001-12-30',8,'LAIS','2019-07-11 00:00:00','2019-07-11 00:00:00'),(41,'Social Works','SOCW','Social Works','2001-12-30',8,'SOCW','2019-07-11 00:00:00','2019-07-11 00:00:00'),(42,'Special Education','SPED','Special Education','2001-12-30',8,'SPED','2019-07-11 00:00:00','2019-07-11 00:00:00'),(43,'Teacher Education','TCHED','Teacher Education','2001-12-30',8,'TCHED','2019-07-11 00:00:00','2019-07-11 00:00:00'),(44,'Visual Arts','VISAR','Visual Arts','2001-12-30',9,'VISAR','2019-07-11 00:00:00','2019-07-11 00:00:00'),(45,'Internation Centre for Education Evaluation','ICEE','Internation Centre for Education Evaluation','2001-12-30',10,'ICEE','2019-07-11 00:00:00','2019-07-11 00:00:00'),(46,'Law','LAW','Law','2001-12-30',11,'LAW','2019-07-11 00:00:00','2019-07-11 00:00:00'),(47,'Private and Business Law','PBLAW','Private and Business Law','2001-12-30',11,'PBLAW','2019-07-11 00:00:00','2019-07-11 00:00:00'),(48,'Clinical Pharmacy','CLPHAR','Clinical Pharmacy','2001-12-30',12,'CLPHAR','2019-07-11 00:00:00','2019-07-11 00:00:00'),(49,'Pharmaceutical and Industrial Pharmacy','PHIP','Pharmaceutical and Industrial Pharmacy','2001-12-30',12,'PHIP','2019-07-11 00:00:00','2019-07-11 00:00:00'),(50,'Pharmaceutical Chemistry','PHCHE','Pharmaceutical Chemistry','2001-12-30',12,'PHCHE','2019-07-11 00:00:00','2019-07-11 00:00:00'),(51,'Pharmaceutical Microbiology','PHMIC','Pharmaceutical Microbiology','2001-12-30',12,'PHMIC','2019-07-11 00:00:00','2019-07-11 00:00:00'),(52,'Pharmacognosy','PARMCO','Pharmacognosy','2001-12-30',12,'PARMCO','2019-07-11 00:00:00','2019-07-11 00:00:00'),(53,'Pharmacy','PHAR','Pharmacy','2001-12-30',12,'PHAR','2019-07-11 00:00:00','2019-07-11 00:00:00'),(54,'Human Nutrition','HUMNU','Human Nutrition','2001-12-30',13,'HUMNU','2019-07-11 00:00:00','2019-07-11 00:00:00'),(55,'Public Health','PUBHE','Public Health','2001-12-30',13,'PUBHE','2019-07-11 00:00:00','2019-07-11 00:00:00'),(56,'Botany','BOTANY','Botany','2001-12-30',14,'BOTANY','2019-07-11 00:00:00','2019-07-11 00:00:00'),(57,'Chemistry','CHEM','Chemistry','2001-12-30',14,'CHEM','2019-07-11 00:00:00','2019-07-11 00:00:00'),(58,'Computer Science','COMSCI','Computer Science','2001-12-30',14,'COMSCI','2019-07-11 00:00:00','2019-07-11 00:00:00'),(59,'Geology','GEOL','Geology','2001-12-30',14,'GEOL','2019-07-11 00:00:00','2019-07-11 00:00:00'),(60,'Mathematics','MATHS','Mathematics','2001-12-30',14,'MATHS','2019-07-11 00:00:00','2019-07-11 00:00:00'),(61,'Microbiology','MICROB','Microbiology','2001-12-30',14,'MICROB','2019-07-11 00:00:00','2019-07-11 00:00:00'),(62,'Physics','PHYSICS','Physics','2001-12-30',14,'PHYSICS','2019-07-11 00:00:00','2019-07-11 00:00:00'),(63,'Statistics','STATS','Statistics','2001-12-30',14,'STATS','2019-07-11 00:00:00','2019-07-11 00:00:00'),(64,'Zoology','ZOOL','Zoology','2001-12-30',14,'ZOOL','2019-07-11 00:00:00','2019-07-11 00:00:00'),(65,'Agricultural and Environmental Engineering','AGREE','Agricultural and Environmental Engineering','2001-12-30',15,'AGREE','2019-07-11 00:00:00','2019-07-11 00:00:00'),(66,'Civil Engineering','CVLEE','Civil Engineering','2001-12-30',15,'CVLEE','2019-07-11 00:00:00','2019-07-11 00:00:00'),(67,'Electrical and Electronics Engineering','EEE','Electrical and Electronics Engineering','2001-12-30',15,'EEE','2019-07-11 00:00:00','2019-07-11 00:00:00'),(68,'Food Technology','FDTECH','Food Technology','2001-12-30',15,'FDTECH','2019-07-11 00:00:00','2019-07-11 00:00:00'),(69,'Industrial and Production Engineering','IPEE','Industrial and Production Engineering','2001-12-30',15,'IPEE','2019-07-11 00:00:00','2019-07-11 00:00:00'),(70,'Mechanical Engineering','MECHEE','Mechanical Engineering','2001-12-30',15,'MECHEE','2019-07-11 00:00:00','2019-07-11 00:00:00'),(71,'Petroleum Engineering','PTEE','Petroleum Engineering','2001-12-30',15,'PTEE','2019-07-11 00:00:00','2019-07-11 00:00:00'),(72,'Wood Products Engineering','WPEE','Wood Products Engineering','2001-12-30',15,'WPEE','2019-07-11 00:00:00','2019-07-11 00:00:00'),(73,'Economics','ECONS','Economics','2001-12-30',23,'ECONS','2019-07-11 00:00:00','2019-07-11 00:00:00'),(74,'Geography(Social Science)','GEOSS','Geography(Social Science)','2001-12-30',16,'GEOSS','2019-07-11 00:00:00','2019-07-11 00:00:00'),(75,'Political Science','POLSC','Political Science','2001-12-30',16,'POLSC','2019-07-11 00:00:00','2019-07-11 00:00:00'),(76,'Psychology','PHYCH','Psychology','2001-12-30',16,'PHYCH','2019-07-11 00:00:00','2019-07-11 00:00:00'),(77,'Sociology','SOCIO','Sociology','2001-12-30',16,'SOCIO','2019-07-11 00:00:00','2019-07-11 00:00:00'),(78,'Veterinary Microbiology and Parasitology','VETMIC','Veterinary Microbiology and Parasitology','2001-12-30',17,'VETMIC','2019-07-11 00:00:00','2019-07-11 00:00:00'),(79,'Veterinary Physiology Pharmaceutical and Biochemistry','VETPPB','Veterinary Physiology Pharmaceutical and Biochemistry','2001-12-30',17,'VETPPB','2019-07-11 00:00:00','2019-07-11 00:00:00'),(80,'Veterinary Public Health and Preventive Medicine','VETPHPM','Veterinary Public Health and Preventive Medicine','2001-12-30',17,'VETPHPM','2019-07-11 00:00:00','2019-07-11 00:00:00'),(81,'Veterinary Surgery and Reproduction','VETSR','Veterinary Surgery and Reproduction','2001-12-30',17,'VETSR','2019-07-11 00:00:00','2019-07-11 00:00:00'),(82,'Veterinary Medicine','VETMED','Veterinary Medicine','2001-12-30',17,'VETMED','2019-07-11 00:00:00','2019-07-11 00:00:00'),(83,'Veterinary Pathology','VETPAT','Veterinary Pathology','2001-12-30',17,'VETPAT','2019-07-11 00:00:00','2019-07-11 00:00:00'),(84,'Archaeology and Anthropology','ARCANT','Archaeology and Anthropology','2001-12-30',3,'ARCANT','2019-07-11 00:00:00','2019-07-11 00:00:00'),(85,'Botany and Microbiology','BOTMIC','Botany and Microbiology','2001-12-30',14,'BOTMIC','2019-07-11 00:00:00','2019-07-11 00:00:00'),(86,'Opthamology','OPTHA','Opthamology','2001-12-30',6,'OPTHA','2019-07-11 00:00:00','2019-07-11 00:00:00'),(87,'Paediatrics','PAEDI','Paediatrics','2001-12-30',6,'PAEDI','2019-07-11 00:00:00','2019-07-11 00:00:00'),(88,'Psychiatry','PSYCHI','Psychiatry','2001-12-30',6,'PSYCHI','2019-07-11 00:00:00','2019-07-11 00:00:00'),(89,'Radiology','RADIO','Radiology','2001-12-30',6,'RADIO','2019-07-11 00:00:00','2019-07-11 00:00:00'),(90,'Oral Pathology','OPATH','Oral Pathology','2001-12-30',7,'OPATH','2019-07-11 00:00:00','2019-07-11 00:00:00'),(91,'Oto-Rhino-Laryngology','OTORL','Oto-Rhino-Laryngology','2001-12-30',7,'OTORL','2019-07-11 00:00:00','2019-07-11 00:00:00'),(92,'Restorative Dentistry','RESTDEN','Restorative Dentistry','2001-12-30',7,'RESTDEN','2019-07-11 00:00:00','2019-07-11 00:00:00'),(93,'Veterinary Anatomy','VETAN','Veterinary Anatomy','2001-12-30',17,'VETAN','2019-07-11 00:00:00','2019-07-11 00:00:00'),(94,'Veterinary Teaching Hospital','VETTH','Veterinary Teaching Hospital','2001-12-30',17,'VETTH','2019-07-11 00:00:00','2019-07-11 00:00:00'),(95,'Public and International Law','PILAW','Public and International Law','2001-12-30',11,'PILAW','2019-07-11 00:00:00','2019-07-11 00:00:00'),(96,'General Studies','GES','General Studies','2001-12-30',19,'GES','2019-07-11 00:00:00','2019-07-11 00:00:00'),(97,'Anthropology(Science)','ANTHSC','Anthropology(Science)','2001-12-30',14,'ANTHSC','2019-07-11 00:00:00','2019-07-11 00:00:00'),(98,'Archaeology(Science)','ARCHSC','Archaeology(Science)','2001-12-30',14,'ARCHSC','2019-07-11 00:00:00','2019-07-11 00:00:00'),(99,'Geography(Science)','GEOSC','Geography(Science)','2001-12-30',14,'GEOSC','2019-07-11 00:00:00','2019-07-11 00:00:00'),(100,'CENTRE FOR ENTERPRENEURSHIP AND INNOVATION','CENIN','CENTRE FOR ENTERPRENEURSHIP AND INNOVATION','2001-12-30',21,'CENIN','2019-07-11 00:00:00','2019-07-11 00:00:00'),(101,'Music','MUSIC','Music','2001-12-30',3,'MUSIC','2019-07-11 00:00:00','2019-07-11 00:00:00'),(102,'Medical Laboratory Science ','MEDLSC','Medical Laboratory Science ','2001-12-30',4,'MEDLSC','2019-07-11 00:00:00','2019-07-11 00:00:00'),(103,'Forest Production and Products','FORPP','Forest Production and Products','2001-12-30',22,'FORPP','2019-07-11 00:00:00','2019-07-11 00:00:00'),(104,'Social and Environmental Forestry','SOCEF','Social and Environmental Forestry','2001-12-30',22,'SOCEF','2019-07-11 00:00:00','2019-07-11 00:00:00'),(105,'Aquaculture and Fisheries Management','AQFM','Aquaculture and Fisheries Management','2001-12-30',22,'AQFM','2019-07-11 00:00:00','2019-07-11 00:00:00'),(106,'Wildlife and Ecotourism Management','WILDEM','Wildlife and Ecotourism Management','2001-12-30',22,'WILDEM','2019-07-11 00:00:00','2019-07-11 00:00:00'),(107,'Arts and Social Sciences Education','ASSE','Arts and Social Sciences Education','2001-12-30',8,'ASSE','2019-07-11 00:00:00','2019-07-11 00:00:00'),(108,'Early Childhood and Educational Foundations','ECEF','Early Childhood and Educational Foundations','2001-12-30',8,'ECEF','2019-07-11 00:00:00','2019-07-11 00:00:00'),(109,'Science and Technology Education','SCTE','Science and Technology Education','2001-12-30',8,'SCTE','2019-07-11 00:00:00','2019-07-11 00:00:00'),(110,'Environmental Health Science','ENVHS','Environmental Health Science','2001-12-30',13,'ENVHS','2019-07-11 00:00:00','2019-07-11 00:00:00'),(111,'Architecture','ARCHT','Architecture','2001-12-30',24,'ARCHT','2019-07-11 00:00:00','2019-07-11 00:00:00'),(112,'Test','TST','test','1970-01-01',1,'TST','2019-09-03 14:07:50','2019-09-03 14:07:50');
/*!40000 ALTER TABLE `departments` ENABLE KEYS */;
UNLOCK TABLES;

--
-- Table structure for table `discounts`
--

DROP TABLE IF EXISTS `discounts`;
/*!40101 SET @saved_cs_client     = @@character_set_client */;
/*!40101 SET character_set_client = utf8 */;
CREATE TABLE `discounts` (
  `id` int(11) NOT NULL AUTO_INCREMENT,
  `student_id` int(11) DEFAULT NULL,
  `academic_session_id` int(11) DEFAULT NULL,
  `amount` float DEFAULT NULL,
  `created` datetime DEFAULT NULL,
  `modified` datetime DEFAULT NULL,
  `used` tinyint(1) DEFAULT 0,
  `amount_used` float DEFAULT NULL,
  `amount_left` float DEFAULT NULL,
  PRIMARY KEY (`id`)
) ENGINE=InnoDB DEFAULT CHARSET=latin1;
/*!40101 SET character_set_client = @saved_cs_client */;

--
-- Dumping data for table `discounts`
--

LOCK TABLES `discounts` WRITE;
/*!40000 ALTER TABLE `discounts` DISABLE KEYS */;
/*!40000 ALTER TABLE `discounts` ENABLE KEYS */;
UNLOCK TABLES;

--
-- Table structure for table `documents`
--

DROP TABLE IF EXISTS `documents`;
/*!40101 SET @saved_cs_client     = @@character_set_client */;
/*!40101 SET character_set_client = utf8 */;
CREATE TABLE `documents` (
  `id` int(11) NOT NULL AUTO_INCREMENT,
  `category_id` int(11) DEFAULT NULL,
  `user_id` int(11) NOT NULL,
  `title` varchar(255) COLLATE utf8_unicode_ci NOT NULL,
  `slug` varchar(255) COLLATE utf8_unicode_ci NOT NULL,
  `body` text COLLATE utf8_unicode_ci DEFAULT NULL,
  `created` datetime DEFAULT NULL,
  `modified` datetime DEFAULT NULL,
  PRIMARY KEY (`id`)
) ENGINE=InnoDB DEFAULT CHARSET=utf8 COLLATE=utf8_unicode_ci;
/*!40101 SET character_set_client = @saved_cs_client */;

--
-- Dumping data for table `documents`
--

LOCK TABLES `documents` WRITE;
/*!40000 ALTER TABLE `documents` DISABLE KEYS */;
/*!40000 ALTER TABLE `documents` ENABLE KEYS */;
UNLOCK TABLES;

--
-- Table structure for table `exam_results`
--

DROP TABLE IF EXISTS `exam_results`;
/*!40101 SET @saved_cs_client     = @@character_set_client */;
/*!40101 SET character_set_client = utf8 */;
CREATE TABLE `exam_results` (
  `id` int(11) NOT NULL AUTO_INCREMENT,
  `application_number` varchar(20) CHARACTER SET latin1 NOT NULL,
  `score` varchar(10) CHARACTER SET latin1 NOT NULL,
  `aggregate_score` float NOT NULL,
  `created_by` int(11) NOT NULL,
  `updated_by` int(11) DEFAULT 0,
  `created` datetime NOT NULL,
  `modified` datetime DEFAULT NULL,
  PRIMARY KEY (`id`)
) ENGINE=InnoDB DEFAULT CHARSET=utf8;
/*!40101 SET character_set_client = @saved_cs_client */;

--
-- Dumping data for table `exam_results`
--

LOCK TABLES `exam_results` WRITE;
/*!40000 ALTER TABLE `exam_results` DISABLE KEYS */;
/*!40000 ALTER TABLE `exam_results` ENABLE KEYS */;
UNLOCK TABLES;

--
-- Table structure for table `exam_venues`
--

DROP TABLE IF EXISTS `exam_venues`;
/*!40101 SET @saved_cs_client     = @@character_set_client */;
/*!40101 SET character_set_client = utf8 */;
CREATE TABLE `exam_venues` (
  `id` int(11) NOT NULL AUTO_INCREMENT,
  `application_number` varchar(20) NOT NULL,
  `venue` varchar(100) CHARACTER SET latin1 NOT NULL,
  `date` varchar(20) CHARACTER SET latin1 NOT NULL,
  `time` varchar(20) CHARACTER SET latin1 NOT NULL,
  `created_by` int(11) NOT NULL,
  `updated_by` int(11) NOT NULL DEFAULT 0,
  `created` datetime NOT NULL,
  `modified` datetime NOT NULL,
  PRIMARY KEY (`id`),
  UNIQUE KEY `application_number` (`application_number`),
  UNIQUE KEY `application_number_2` (`application_number`)
) ENGINE=InnoDB DEFAULT CHARSET=utf8;
/*!40101 SET character_set_client = @saved_cs_client */;

--
-- Dumping data for table `exam_venues`
--

LOCK TABLES `exam_venues` WRITE;
/*!40000 ALTER TABLE `exam_venues` DISABLE KEYS */;
/*!40000 ALTER TABLE `exam_venues` ENABLE KEYS */;
UNLOCK TABLES;

--
-- Table structure for table `faculties`
--

DROP TABLE IF EXISTS `faculties`;
/*!40101 SET @saved_cs_client     = @@character_set_client */;
/*!40101 SET character_set_client = utf8 */;
CREATE TABLE `faculties` (
  `id` int(11) NOT NULL AUTO_INCREMENT,
  `faculty_name` varchar(500) DEFAULT NULL,
  `faculty_code` varchar(50) DEFAULT NULL,
  `faculty_description` varchar(500) DEFAULT NULL,
  `date_founded` date DEFAULT NULL,
  `campus_id` int(11) DEFAULT NULL,
  `mat_code` varchar(50) DEFAULT NULL,
  `created` datetime DEFAULT NULL,
  `modified` datetime DEFAULT NULL,
  PRIMARY KEY (`id`)
) ENGINE=InnoDB AUTO_INCREMENT=25 DEFAULT CHARSET=utf8mb4;
/*!40101 SET character_set_client = @saved_cs_client */;

--
-- Dumping data for table `faculties`
--

LOCK TABLES `faculties` WRITE;
/*!40000 ALTER TABLE `faculties` DISABLE KEYS */;
INSERT INTO `faculties` VALUES (1,'African Regional Centre for Information Science','ARCIS','African Regional Centre for Information Science','2090-01-01',1,'ARCIS','2019-07-11 00:00:00','2019-09-03 14:08:18'),(2,'Agriculture','AGR','Agriculture','1990-01-01',1,'AGR','2019-07-11 00:00:00','2019-07-11 00:00:00'),(3,'Arts','ARTS','Arts','1990-01-01',1,'ARTS','2019-07-11 00:00:00','2019-07-11 00:00:00'),(4,'Basic Medical Sciences','BMS','Basic Medical Sciences','1990-01-01',1,'BMS','2019-07-11 00:00:00','2019-07-11 00:00:00'),(5,'Centre for Peace and Conflicts Studies','CPCS','Centre for Peace and Conflicts Studies','1990-01-01',1,'CPCS','2019-07-11 00:00:00','2019-07-11 00:00:00'),(6,'Clinical Sciences','CLS','Clinical Sciences','1990-01-01',1,'CLS','2019-07-11 00:00:00','2019-07-11 00:00:00'),(7,'Dentistry','DENT','Dentistry','1990-01-01',1,'DENT','2019-07-11 00:00:00','2019-07-11 00:00:00'),(8,'Education','EDU','Education','1990-01-01',1,'EDU','2019-07-11 00:00:00','2019-07-11 00:00:00'),(9,'Institute of African Studies','IAS','Institute of African Studies','1990-01-01',1,'IAS','2019-07-11 00:00:00','2019-07-11 00:00:00'),(10,'Institute of Education','IOE','Institute of Education','1990-01-01',1,'IOE','2019-07-11 00:00:00','2019-07-11 00:00:00'),(11,'Law','LAW','Law','1990-01-01',1,'LAW','2019-07-11 00:00:00','2019-07-11 00:00:00'),(12,'Pharmacy','PHAR','Pharmacy','1990-01-01',1,'PHAR','2019-07-11 00:00:00','2019-07-11 00:00:00'),(13,'Public Health','PH','Public Health','1990-01-01',1,'PH','2019-07-11 00:00:00','2019-07-11 00:00:00'),(14,'Science','SCI','Science','1990-01-01',1,'SCI','2019-07-11 00:00:00','2019-07-11 00:00:00'),(15,'Technology','TECH','Technology','1990-01-01',1,'TECH','2019-07-11 00:00:00','2019-07-11 00:00:00'),(16,'The Social Sciences','SOSC','The Social Sciences','1990-01-01',1,'SOSC','2019-07-11 00:00:00','2019-07-11 00:00:00'),(17,'Veterinary Medicine','VEMED','Veterinary Medicine','1990-01-01',1,'VEMED','2019-07-11 00:00:00','2019-07-11 00:00:00'),(18,'College of Medicine','CMED','College of Medicine','1990-01-01',1,'CMED','2019-07-11 00:00:00','2019-07-11 00:00:00'),(19,'General Studies','GST','General Studies','1990-01-01',1,'GST','2019-07-11 00:00:00','2019-07-11 00:00:00'),(20,'Industrial Training and Coordination Centre','ITCC','Industrial Training and Coordination Centre','1990-01-01',1,'ITCC','2019-07-11 00:00:00','2019-07-11 00:00:00'),(21,'CENTRE FOR ENTERPRENEURSHIP AND INNOVATION','CEI','CENTRE FOR ENTERPRENEURSHIP AND INNOVATION','1990-01-01',1,'CEI','2019-07-11 00:00:00','2019-07-11 00:00:00'),(22,'Renewable Natural Resources','RNR','Renewable Natural Resources','1990-01-01',1,'RNR','2019-07-11 00:00:00','2019-07-11 00:00:00'),(23,'Economics','ECO','Economics','1990-01-01',1,'ECO','2019-07-11 00:00:00','2019-07-11 00:00:00'),(24,'Environmental Design and Management','EDM','Environmental Design and Management','1990-01-01',1,'EDM','2019-07-11 00:00:00','2019-07-11 00:00:00');
/*!40000 ALTER TABLE `faculties` ENABLE KEYS */;
UNLOCK TABLES;

--
-- Table structure for table `fee_statuses`
--

DROP TABLE IF EXISTS `fee_statuses`;
/*!40101 SET @saved_cs_client     = @@character_set_client */;
/*!40101 SET character_set_client = utf8 */;
CREATE TABLE `fee_statuses` (
  `id` int(11) NOT NULL AUTO_INCREMENT,
  `name` varchar(255) DEFAULT NULL,
  `access` varchar(255) DEFAULT NULL,
  `comment` text DEFAULT NULL,
  `created` datetime DEFAULT NULL,
  `modified` datetime DEFAULT NULL,
  PRIMARY KEY (`id`)
) ENGINE=InnoDB DEFAULT CHARSET=latin1;
/*!40101 SET character_set_client = @saved_cs_client */;

--
-- Dumping data for table `fee_statuses`
--

LOCK TABLES `fee_statuses` WRITE;
/*!40000 ALTER TABLE `fee_statuses` DISABLE KEYS */;
/*!40000 ALTER TABLE `fee_statuses` ENABLE KEYS */;
UNLOCK TABLES;

--
-- Table structure for table `fee_type_items`
--

DROP TABLE IF EXISTS `fee_type_items`;
/*!40101 SET @saved_cs_client     = @@character_set_client */;
/*!40101 SET character_set_client = utf8 */;
CREATE TABLE `fee_type_items` (
  `id` int(11) NOT NULL AUTO_INCREMENT,
  `fee_type_id` int(11) DEFAULT NULL,
  `item_id` int(11) DEFAULT NULL,
  `amount` float DEFAULT NULL,
  `compulsory` tinyint(1) DEFAULT 0,
  `created` datetime DEFAULT NULL,
  `modified` datetime DEFAULT NULL,
  `installment_item` tinyint(1) DEFAULT 0,
  PRIMARY KEY (`id`)
) ENGINE=InnoDB AUTO_INCREMENT=39 DEFAULT CHARSET=latin1;
/*!40101 SET character_set_client = @saved_cs_client */;

--
-- Dumping data for table `fee_type_items`
--

LOCK TABLES `fee_type_items` WRITE;
/*!40000 ALTER TABLE `fee_type_items` DISABLE KEYS */;
INSERT INTO `fee_type_items` VALUES (1,1,1,1000,0,'2019-02-19 14:07:04','2019-02-19 14:14:02',0),(2,2,1,1500,0,'2019-03-01 09:58:19','2019-03-01 09:58:19',0),(3,3,3,1800,0,'2019-03-28 14:58:29','2019-03-28 14:58:29',0),(5,6,2,8500,0,'2019-04-18 15:22:35','2019-04-18 15:22:35',0),(6,1,3,9800,0,'2019-04-18 15:40:28','2019-04-18 15:40:28',0),(7,8,1,5430,0,'2019-04-23 14:18:51','2019-04-23 14:18:51',0),(8,9,2,10000,1,'2019-09-03 14:28:30','2019-09-03 14:28:30',0),(9,10,4,10000,1,'2019-09-05 12:39:36','2019-09-05 12:39:36',0),(20,20,11,3698,0,'2020-01-08 09:44:05','2020-01-08 10:15:09',0),(22,21,6,2000,1,'2020-01-08 09:53:06','2020-01-08 09:53:06',0),(23,21,7,1000,0,'2020-01-08 09:53:06','2020-01-08 09:53:06',0),(24,22,12,3000,1,'2020-01-14 07:05:34','2020-01-14 07:05:34',0),(25,22,13,4000,1,'2020-01-14 07:05:34','2020-01-14 07:05:34',0),(26,22,14,5000,1,'2020-01-14 07:05:34','2020-01-14 07:05:34',0),(27,23,7,1500,1,'2020-01-14 07:12:45','2020-01-14 07:12:45',0),(28,23,6,1600,1,'2020-01-14 07:14:34','2020-01-14 07:14:34',0),(30,24,13,1122,1,'2020-01-17 14:55:27','2020-01-17 14:55:27',0),(32,25,15,23233,0,'2020-01-21 08:14:22','2020-01-21 08:14:22',0),(33,26,16,9999,1,'2020-01-21 09:02:04','2020-01-21 09:02:04',0),(34,27,17,20000,1,'2020-01-23 12:17:45','2020-01-23 12:17:45',0),(35,28,11,10000,1,'2020-01-28 12:52:57','2020-01-28 12:53:21',0),(36,29,17,3000,1,'2020-02-04 10:18:53','2020-02-04 10:18:53',0),(37,30,3,10000,1,'2020-02-06 14:03:51','2020-02-06 14:04:04',0),(38,31,18,1000,1,'2020-02-06 14:21:17','2020-02-06 14:21:17',0);
/*!40000 ALTER TABLE `fee_type_items` ENABLE KEYS */;
UNLOCK TABLES;

--
-- Table structure for table `fee_types`
--

DROP TABLE IF EXISTS `fee_types`;
/*!40101 SET @saved_cs_client     = @@character_set_client */;
/*!40101 SET character_set_client = utf8 */;
CREATE TABLE `fee_types` (
  `id` int(11) NOT NULL AUTO_INCREMENT,
  `pos_id` int(11) DEFAULT NULL,
  `level_id` int(11) DEFAULT NULL,
  `academic_session_id` int(11) DEFAULT NULL,
  `nationality_id` int(11) DEFAULT NULL,
  `state_of_origin_id` int(11) DEFAULT NULL,
  `direct_entry` tinyint(1) DEFAULT 0,
  `created` datetime DEFAULT NULL,
  `modified` datetime DEFAULT NULL,
  `application_fee` tinyint(1) DEFAULT 0,
  `application_type_id` int(11) DEFAULT NULL,
  `acceptance_fee` tinyint(1) DEFAULT NULL,
  `clearance_fee` tinyint(1) DEFAULT NULL,
  `school_program_id` int(11) DEFAULT NULL,
  `student_fee` tinyint(1) DEFAULT NULL,
  PRIMARY KEY (`id`)
) ENGINE=InnoDB AUTO_INCREMENT=32 DEFAULT CHARSET=latin1;
/*!40101 SET character_set_client = @saved_cs_client */;

--
-- Dumping data for table `fee_types`
--

LOCK TABLES `fee_types` WRITE;
/*!40000 ALTER TABLE `fee_types` DISABLE KEYS */;
INSERT INTO `fee_types` VALUES (1,NULL,NULL,2,NULL,NULL,0,'2019-02-19 14:03:40','2019-04-18 15:45:17',1,2,0,0,NULL,NULL),(2,NULL,NULL,1,NULL,NULL,0,'2019-03-01 09:57:06','2019-03-01 09:57:06',1,1,NULL,NULL,NULL,NULL),(3,NULL,NULL,1,NULL,NULL,0,'2019-03-15 10:20:01','2019-03-28 14:48:43',1,2,NULL,NULL,NULL,NULL),(6,NULL,NULL,2,NULL,NULL,0,'2019-04-18 15:21:22','2019-05-17 15:18:23',0,NULL,0,1,1,NULL),(8,NULL,NULL,2,NULL,NULL,0,'2019-04-23 14:17:14','2019-04-23 14:17:14',1,1,0,0,1,NULL),(22,39,1,3,NULL,NULL,0,'2020-01-14 07:00:27','2020-01-14 07:00:27',0,NULL,0,0,NULL,0),(23,39,1,3,NULL,NULL,0,'2020-01-14 07:10:55','2020-01-14 07:10:55',0,NULL,0,0,NULL,1),(24,NULL,NULL,3,NULL,NULL,0,'2020-01-14 07:17:17','2020-01-14 07:20:56',0,NULL,0,0,NULL,1),(25,39,NULL,3,NULL,NULL,0,'2020-01-21 08:13:50','2020-01-21 08:13:50',0,NULL,0,0,NULL,1),(26,NULL,1,3,NULL,NULL,0,'2020-01-21 09:01:24','2020-01-21 12:51:07',0,NULL,0,0,NULL,1),(27,3,1,3,NULL,NULL,0,'2020-01-23 12:16:46','2020-01-23 12:27:59',0,NULL,0,0,NULL,0),(28,3,1,3,NULL,NULL,0,'2020-01-28 12:52:24','2020-01-28 12:52:24',0,NULL,0,0,1,1),(29,3,1,3,NULL,NULL,0,'2020-02-04 10:18:23','2020-02-04 10:18:23',0,NULL,0,0,1,0),(31,NULL,NULL,3,NULL,NULL,0,'2020-02-06 14:20:35','2020-02-06 14:58:29',1,1,0,0,NULL,0);
/*!40000 ALTER TABLE `fee_types` ENABLE KEYS */;
UNLOCK TABLES;

--
-- Table structure for table `genders`
--

DROP TABLE IF EXISTS `genders`;
/*!40101 SET @saved_cs_client     = @@character_set_client */;
/*!40101 SET character_set_client = utf8 */;
CREATE TABLE `genders` (
  `id` int(11) NOT NULL AUTO_INCREMENT,
  `name` varchar(50) DEFAULT NULL,
  `created` datetime DEFAULT NULL,
  `modified` datetime DEFAULT NULL,
  PRIMARY KEY (`id`)
) ENGINE=InnoDB AUTO_INCREMENT=3 DEFAULT CHARSET=utf8mb4;
/*!40101 SET character_set_client = @saved_cs_client */;

--
-- Dumping data for table `genders`
--

LOCK TABLES `genders` WRITE;
/*!40000 ALTER TABLE `genders` DISABLE KEYS */;
INSERT INTO `genders` VALUES (1,'Male','2019-01-14 08:55:34','2019-01-14 08:55:34'),(2,'Female','2019-01-14 08:55:42','2019-01-14 08:55:42');
/*!40000 ALTER TABLE `genders` ENABLE KEYS */;
UNLOCK TABLES;

--
-- Table structure for table `groups`
--

DROP TABLE IF EXISTS `groups`;
/*!40101 SET @saved_cs_client     = @@character_set_client */;
/*!40101 SET character_set_client = utf8 */;
CREATE TABLE `groups` (
  `id` int(11) NOT NULL AUTO_INCREMENT,
  `name` varchar(100) COLLATE utf8_unicode_ci NOT NULL,
  `created` datetime DEFAULT NULL,
  `modified` datetime DEFAULT NULL,
  PRIMARY KEY (`id`)
) ENGINE=InnoDB AUTO_INCREMENT=3 DEFAULT CHARSET=utf8 COLLATE=utf8_unicode_ci;
/*!40101 SET character_set_client = @saved_cs_client */;

--
-- Dumping data for table `groups`
--

LOCK TABLES `groups` WRITE;
/*!40000 ALTER TABLE `groups` DISABLE KEYS */;
INSERT INTO `groups` VALUES (1,'SocketWorks','2018-08-20 10:48:47','2018-08-20 10:48:47'),(2,'School','2018-08-20 10:49:04','2018-08-20 10:49:04');
/*!40000 ALTER TABLE `groups` ENABLE KEYS */;
UNLOCK TABLES;

--
-- Table structure for table `halls`
--

DROP TABLE IF EXISTS `halls`;
/*!40101 SET @saved_cs_client     = @@character_set_client */;
/*!40101 SET character_set_client = utf8 */;
CREATE TABLE `halls` (
  `id` int(11) NOT NULL AUTO_INCREMENT,
  `name` varchar(50) NOT NULL,
  `location_id` int(11) NOT NULL,
  `capacity` int(11) NOT NULL,
  `description` varchar(50) DEFAULT NULL,
  `rental_rate_id` int(11) NOT NULL,
  `unavailable` tinyint(4) NOT NULL,
  `rental_cost` decimal(18,0) NOT NULL,
  `created` datetime DEFAULT NULL,
  `modified` datetime DEFAULT NULL,
  PRIMARY KEY (`id`)
) ENGINE=InnoDB DEFAULT CHARSET=utf8mb4;
/*!40101 SET character_set_client = @saved_cs_client */;

--
-- Dumping data for table `halls`
--

LOCK TABLES `halls` WRITE;
/*!40000 ALTER TABLE `halls` DISABLE KEYS */;
/*!40000 ALTER TABLE `halls` ENABLE KEYS */;
UNLOCK TABLES;

--
-- Table structure for table `higher_educational_records`
--

DROP TABLE IF EXISTS `higher_educational_records`;
/*!40101 SET @saved_cs_client     = @@character_set_client */;
/*!40101 SET character_set_client = utf8 */;
CREATE TABLE `higher_educational_records` (
  `id` int(11) NOT NULL AUTO_INCREMENT,
  `name_of_institution` varchar(500) DEFAULT NULL,
  `location` varchar(500) DEFAULT NULL,
  `start_date` varchar(50) DEFAULT NULL,
  `end_date` varchar(50) DEFAULT NULL,
  `degree_obtained` varchar(500) DEFAULT NULL,
  `discipline` varchar(500) DEFAULT NULL,
  `class_of_degree` varchar(500) DEFAULT NULL,
  `application_id` int(11) DEFAULT NULL,
  `admitted_candidate_id` int(11) DEFAULT NULL,
  `student_id` char(10) DEFAULT NULL,
  `created` datetime DEFAULT NULL,
  `modified` datetime DEFAULT NULL,
  PRIMARY KEY (`id`)
) ENGINE=InnoDB AUTO_INCREMENT=3 DEFAULT CHARSET=utf8;
/*!40101 SET character_set_client = @saved_cs_client */;

--
-- Dumping data for table `higher_educational_records`
--

LOCK TABLES `higher_educational_records` WRITE;
/*!40000 ALTER TABLE `higher_educational_records` DISABLE KEYS */;
INSERT INTO `higher_educational_records` VALUES (1,'AMBROSE ALLI UNIVERSITY',NULL,'01, 2010','01, 2012','B.SC','MANAGEMENT','SECOND CLASS LOWER',6,NULL,NULL,'2019-09-16 14:56:03','2019-09-16 14:56:03'),(2,'AMBROSE ALLI UNIVERSITY',NULL,'11, 2019','12, 2019','B.SC','MANAGEMENT','SECOND CLASS LOWER',11,NULL,NULL,'2019-09-24 12:03:59','2019-09-24 12:03:59');
/*!40000 ALTER TABLE `higher_educational_records` ENABLE KEYS */;
UNLOCK TABLES;

--
-- Table structure for table `hostel_rooms`
--

DROP TABLE IF EXISTS `hostel_rooms`;
/*!40101 SET @saved_cs_client     = @@character_set_client */;
/*!40101 SET character_set_client = utf8 */;
CREATE TABLE `hostel_rooms` (
  `id` int(11) NOT NULL AUTO_INCREMENT,
  `room_number` varchar(50) NOT NULL,
  `room_capacity` varchar(50) NOT NULL,
  `reserved` tinyint(1) NOT NULL,
  `hostel_id` int(11) NOT NULL,
  `block` varchar(50) DEFAULT NULL,
  PRIMARY KEY (`id`)
) ENGINE=InnoDB AUTO_INCREMENT=2 DEFAULT CHARSET=latin1;
/*!40101 SET character_set_client = @saved_cs_client */;

--
-- Dumping data for table `hostel_rooms`
--

LOCK TABLES `hostel_rooms` WRITE;
/*!40000 ALTER TABLE `hostel_rooms` DISABLE KEYS */;
INSERT INTO `hostel_rooms` VALUES (1,'201','2',1,1,NULL);
/*!40000 ALTER TABLE `hostel_rooms` ENABLE KEYS */;
UNLOCK TABLES;

--
-- Table structure for table `hostel_types`
--

DROP TABLE IF EXISTS `hostel_types`;
/*!40101 SET @saved_cs_client     = @@character_set_client */;
/*!40101 SET character_set_client = utf8 */;
CREATE TABLE `hostel_types` (
  `id` int(11) NOT NULL AUTO_INCREMENT,
  `name` varchar(50) NOT NULL,
  `description` text NOT NULL,
  `fee_type_id` int(11) NOT NULL,
  PRIMARY KEY (`id`)
) ENGINE=InnoDB AUTO_INCREMENT=3 DEFAULT CHARSET=latin1;
/*!40101 SET character_set_client = @saved_cs_client */;

--
-- Dumping data for table `hostel_types`
--

LOCK TABLES `hostel_types` WRITE;
/*!40000 ALTER TABLE `hostel_types` DISABLE KEYS */;
INSERT INTO `hostel_types` VALUES (1,'School Owned','This is owned by the school',1),(2,'Private Owned','This is private',1);
/*!40000 ALTER TABLE `hostel_types` ENABLE KEYS */;
UNLOCK TABLES;

--
-- Table structure for table `hostels`
--

DROP TABLE IF EXISTS `hostels`;
/*!40101 SET @saved_cs_client     = @@character_set_client */;
/*!40101 SET character_set_client = utf8 */;
CREATE TABLE `hostels` (
  `id` int(11) NOT NULL AUTO_INCREMENT,
  `hostel_name` varchar(100) NOT NULL,
  `hostel_description` text DEFAULT NULL,
  `gender_id` int(20) NOT NULL,
  `hostel_type_id` int(11) NOT NULL,
  `hostel_owner` varchar(50) NOT NULL,
  PRIMARY KEY (`id`)
) ENGINE=InnoDB AUTO_INCREMENT=2 DEFAULT CHARSET=latin1;
/*!40101 SET character_set_client = @saved_cs_client */;

--
-- Dumping data for table `hostels`
--

LOCK TABLES `hostels` WRITE;
/*!40000 ALTER TABLE `hostels` DISABLE KEYS */;
INSERT INTO `hostels` VALUES (1,'Deborah Hostel','Female Hostel',2,2,'Victor Ekeman');
/*!40000 ALTER TABLE `hostels` ENABLE KEYS */;
UNLOCK TABLES;

--
-- Table structure for table `items`
--

DROP TABLE IF EXISTS `items`;
/*!40101 SET @saved_cs_client     = @@character_set_client */;
/*!40101 SET character_set_client = utf8 */;
CREATE TABLE `items` (
  `id` int(11) NOT NULL AUTO_INCREMENT,
  `name` varchar(255) DEFAULT NULL,
  `student_fee` tinyint(1) DEFAULT 0,
  `created` datetime DEFAULT NULL,
  `modified` datetime DEFAULT NULL,
  PRIMARY KEY (`id`)
) ENGINE=InnoDB AUTO_INCREMENT=19 DEFAULT CHARSET=latin1;
/*!40101 SET character_set_client = @saved_cs_client */;

--
-- Dumping data for table `items`
--

LOCK TABLES `items` WRITE;
/*!40000 ALTER TABLE `items` DISABLE KEYS */;
INSERT INTO `items` VALUES (1,'POST UME',0,'2019-02-19 14:06:20','2019-02-19 14:06:20'),(2,'Clearance Fee',0,'2019-03-15 10:19:29','2019-03-15 10:19:29'),(3,'Undergraduate Application Fee',0,'2019-03-28 14:57:42','2019-03-28 14:57:42'),(4,'School Fee',1,'2019-09-05 12:32:46','2019-09-05 12:32:46'),(5,'Tuition Fees',1,'2019-09-05 13:45:14','2019-09-05 13:45:14'),(6,'Technology Fee',1,'2019-09-13 10:51:35','2019-09-13 10:51:35'),(7,'SIWES Fee',1,'2019-09-13 10:52:11','2019-09-13 10:52:11'),(8,'Health Professional Fee',1,'2019-09-18 09:25:15','2019-09-18 09:25:15'),(9,'Accommodation Levy',1,'2019-09-18 09:25:52','2019-09-18 09:25:52'),(10,'Health Professional Special Levy',1,'2019-09-18 09:27:39','2019-09-18 09:27:39'),(11,'Acceptance Fee',1,'2020-01-08 07:41:58','2020-01-08 08:30:12'),(12,'Departmental Fee',1,'2020-01-14 06:56:10','2020-01-14 06:56:10'),(13,'Medical Fee',1,'2020-01-14 06:56:26','2020-01-14 06:56:26'),(14,'Exam Fee',1,'2020-01-14 06:56:47','2020-01-14 06:56:47'),(15,'Law Fees',1,'2020-01-21 08:13:26','2020-01-21 08:13:26'),(16,'100Level Fee',1,'2020-01-21 09:00:20','2020-01-21 09:00:20'),(17,'school fees',1,'2020-01-23 12:14:01','2020-01-23 12:14:01'),(18,'Application Fee',0,'2020-02-06 14:19:49','2020-02-06 14:19:49');
/*!40000 ALTER TABLE `items` ENABLE KEYS */;
UNLOCK TABLES;

--
-- Table structure for table `levels`
--

DROP TABLE IF EXISTS `levels`;
/*!40101 SET @saved_cs_client     = @@character_set_client */;
/*!40101 SET character_set_client = utf8 */;
CREATE TABLE `levels` (
  `id` int(11) NOT NULL AUTO_INCREMENT,
  `name` varchar(255) DEFAULT NULL,
  `created` datetime DEFAULT NULL,
  `modified` datetime DEFAULT NULL,
  PRIMARY KEY (`id`)
) ENGINE=InnoDB AUTO_INCREMENT=7 DEFAULT CHARSET=latin1;
/*!40101 SET character_set_client = @saved_cs_client */;

--
-- Dumping data for table `levels`
--

LOCK TABLES `levels` WRITE;
/*!40000 ALTER TABLE `levels` DISABLE KEYS */;
INSERT INTO `levels` VALUES (1,'100','2018-12-19 11:36:15','2018-12-19 11:36:15'),(2,'200','2018-12-19 11:36:39','2018-12-19 11:36:39'),(3,'300','2018-12-19 11:37:07','2018-12-19 11:37:07'),(4,'400','2018-12-19 11:39:17','2018-12-19 11:39:17'),(5,'500','2019-04-25 09:31:25','2019-04-25 09:31:25'),(6,'600','2019-05-10 10:59:29','2019-05-10 10:59:29');
/*!40000 ALTER TABLE `levels` ENABLE KEYS */;
UNLOCK TABLES;

--
-- Table structure for table `lgas`
--

DROP TABLE IF EXISTS `lgas`;
/*!40101 SET @saved_cs_client     = @@character_set_client */;
/*!40101 SET character_set_client = utf8 */;
CREATE TABLE `lgas` (
  `id` int(11) NOT NULL AUTO_INCREMENT,
  `name` varchar(50) DEFAULT NULL,
  `state_of_origin_id` int(11) DEFAULT NULL,
  `created` datetime DEFAULT NULL,
  `modified` datetime DEFAULT NULL,
  PRIMARY KEY (`id`)
) ENGINE=InnoDB AUTO_INCREMENT=17 DEFAULT CHARSET=utf8mb4;
/*!40101 SET character_set_client = @saved_cs_client */;

--
-- Dumping data for table `lgas`
--

LOCK TABLES `lgas` WRITE;
/*!40000 ALTER TABLE `lgas` DISABLE KEYS */;
INSERT INTO `lgas` VALUES (1,'Emure',1,'2019-02-19 13:00:08','2019-02-19 13:00:08'),(2,'Eti Osa',2,'2019-02-20 14:29:03','2019-02-20 14:29:03'),(3,'KOSOFE',2,'2019-02-20 14:29:23','2019-04-25 12:19:44'),(4,'Surulere',2,'2019-02-20 14:29:46','2019-02-20 14:29:46'),(5,'AGEGE',2,'2019-04-23 09:54:06','2019-04-23 09:54:06'),(6,'APAPA',2,'2019-04-23 09:54:30','2019-04-23 09:54:30'),(7,'EPE',2,'2019-04-23 09:54:58','2019-04-23 09:54:58'),(8,'MUSHIN',2,'2019-04-23 09:55:24','2019-04-23 14:26:20'),(9,'ADO-EKITI',1,'2019-04-23 09:57:04','2019-04-23 09:57:04'),(10,'EFON',1,'2019-04-23 09:57:43','2019-04-23 09:57:43'),(11,'IKERE',1,'2019-04-23 09:58:07','2019-04-23 09:58:07'),(12,'ABA NORTH',3,'2019-04-23 14:27:05','2019-04-23 14:27:05'),(13,'ABA SOUTH',3,'2019-04-23 14:27:20','2019-04-23 14:27:20'),(14,'UMUAHIA',3,'2019-04-23 14:27:49','2019-04-23 14:27:49'),(15,'Kosofo',2,'2019-04-25 12:18:15','2019-04-25 12:18:15'),(16,'Kaduna South',6,'2019-06-11 15:24:25','2019-06-11 15:24:25');
/*!40000 ALTER TABLE `lgas` ENABLE KEYS */;
UNLOCK TABLES;

--
-- Table structure for table `marital_statuses`
--

DROP TABLE IF EXISTS `marital_statuses`;
/*!40101 SET @saved_cs_client     = @@character_set_client */;
/*!40101 SET character_set_client = utf8 */;
CREATE TABLE `marital_statuses` (
  `id` int(11) NOT NULL AUTO_INCREMENT,
  `marital_status` varchar(50) DEFAULT NULL,
  `created` datetime DEFAULT NULL,
  `modified` datetime DEFAULT NULL,
  PRIMARY KEY (`id`)
) ENGINE=InnoDB AUTO_INCREMENT=4 DEFAULT CHARSET=utf8mb4;
/*!40101 SET character_set_client = @saved_cs_client */;

--
-- Dumping data for table `marital_statuses`
--

LOCK TABLES `marital_statuses` WRITE;
/*!40000 ALTER TABLE `marital_statuses` DISABLE KEYS */;
INSERT INTO `marital_statuses` VALUES (1,'Single','2019-01-14 08:54:52','2019-01-14 08:54:52'),(2,'Married','2019-01-14 08:55:00','2019-01-14 08:55:00'),(3,'Divorced','2019-01-14 08:55:12','2019-01-14 08:55:12');
/*!40000 ALTER TABLE `marital_statuses` ENABLE KEYS */;
UNLOCK TABLES;

--
-- Table structure for table `mode_of_admissions`
--

DROP TABLE IF EXISTS `mode_of_admissions`;
/*!40101 SET @saved_cs_client     = @@character_set_client */;
/*!40101 SET character_set_client = utf8 */;
CREATE TABLE `mode_of_admissions` (
  `id` int(11) NOT NULL AUTO_INCREMENT,
  `mode_of_admission` varchar(50) DEFAULT NULL,
  `active` tinyint(4) NOT NULL DEFAULT 0,
  `school_program_id` int(11) DEFAULT 0,
  `created` datetime DEFAULT NULL,
  `modified` datetime DEFAULT NULL,
  PRIMARY KEY (`id`)
) ENGINE=InnoDB AUTO_INCREMENT=3 DEFAULT CHARSET=utf8mb4;
/*!40101 SET character_set_client = @saved_cs_client */;

--
-- Dumping data for table `mode_of_admissions`
--

LOCK TABLES `mode_of_admissions` WRITE;
/*!40000 ALTER TABLE `mode_of_admissions` DISABLE KEYS */;
INSERT INTO `mode_of_admissions` VALUES (1,'Direct Entry',1,1,'2018-12-19 14:49:29','2018-12-19 14:49:29'),(2,'Post UTME',1,1,'2018-12-19 14:49:57','2018-12-19 14:49:57');
/*!40000 ALTER TABLE `mode_of_admissions` ENABLE KEYS */;
UNLOCK TABLES;

--
-- Table structure for table `nationalities`
--

DROP TABLE IF EXISTS `nationalities`;
/*!40101 SET @saved_cs_client     = @@character_set_client */;
/*!40101 SET character_set_client = utf8 */;
CREATE TABLE `nationalities` (
  `id` int(11) NOT NULL AUTO_INCREMENT,
  `nationality` varchar(50) DEFAULT NULL,
  `continent_id` int(11) DEFAULT NULL,
  `country_name` varchar(50) DEFAULT '0',
  `created` datetime DEFAULT NULL,
  `modified` datetime DEFAULT NULL,
  PRIMARY KEY (`id`)
) ENGINE=InnoDB AUTO_INCREMENT=2 DEFAULT CHARSET=utf8mb4;
/*!40101 SET character_set_client = @saved_cs_client */;

--
-- Dumping data for table `nationalities`
--

LOCK TABLES `nationalities` WRITE;
/*!40000 ALTER TABLE `nationalities` DISABLE KEYS */;
INSERT INTO `nationalities` VALUES (1,'Nigerian',1,'Nigeria','2018-12-19 14:29:17','2019-04-25 13:15:01');
/*!40000 ALTER TABLE `nationalities` ENABLE KEYS */;
UNLOCK TABLES;

--
-- Table structure for table `other_student_fee_payments`
--

DROP TABLE IF EXISTS `other_student_fee_payments`;
/*!40101 SET @saved_cs_client     = @@character_set_client */;
/*!40101 SET character_set_client = utf8 */;
CREATE TABLE `other_student_fee_payments` (
  `id` int(11) NOT NULL AUTO_INCREMENT,
  `user_id` int(11) DEFAULT NULL,
  `student_id` int(11) DEFAULT NULL,
  `academic_session_id` int(11) NOT NULL,
  `fee_type_id` int(11) DEFAULT NULL,
  `fee_type_item_id` int(11) DEFAULT NULL,
  `payment_reference` varchar(255) NOT NULL,
  `completed` tinyint(1) DEFAULT 0,
  `amount` varchar(255) DEFAULT NULL,
  `created` datetime DEFAULT NULL,
  `modified` datetime DEFAULT NULL,
  PRIMARY KEY (`id`)
) ENGINE=InnoDB AUTO_INCREMENT=6 DEFAULT CHARSET=latin1;
/*!40101 SET character_set_client = @saved_cs_client */;

--
-- Dumping data for table `other_student_fee_payments`
--

LOCK TABLES `other_student_fee_payments` WRITE;
/*!40000 ALTER TABLE `other_student_fee_payments` DISABLE KEYS */;
INSERT INTO `other_student_fee_payments` VALUES (1,40,11,3,14,11,'AKSCO/PMT/1436892046',0,'999','2020-01-08 09:20:46','2020-01-08 09:20:46'),(2,40,11,3,23,27,'AKSCO/PMT/21971472247',0,'1500','2020-01-14 07:22:47','2020-01-14 07:22:47'),(3,39,10,3,23,27,'AKSCO/PMT/2587159497',0,'1500','2020-01-15 09:00:23','2020-01-15 09:00:23'),(4,44,15,3,28,35,'AKSCO/PMT/11632812540',1,'10000','2020-01-28 12:54:00','2020-01-28 13:13:50'),(5,44,15,3,26,33,'AKSCO/PMT/147317111910',0,'9999','2020-03-17 11:19:10','2020-03-17 11:19:10');
/*!40000 ALTER TABLE `other_student_fee_payments` ENABLE KEYS */;
UNLOCK TABLES;

--
-- Table structure for table `pay_items`
--

DROP TABLE IF EXISTS `pay_items`;
/*!40101 SET @saved_cs_client     = @@character_set_client */;
/*!40101 SET character_set_client = utf8 */;
CREATE TABLE `pay_items` (
  `id` int(11) NOT NULL AUTO_INCREMENT,
  `payment_id` int(11) DEFAULT NULL,
  `billing_id` int(11) DEFAULT NULL,
  `created` datetime DEFAULT NULL,
  `modified` datetime DEFAULT NULL,
  PRIMARY KEY (`id`)
) ENGINE=InnoDB DEFAULT CHARSET=latin1;
/*!40101 SET character_set_client = @saved_cs_client */;

--
-- Dumping data for table `pay_items`
--

LOCK TABLES `pay_items` WRITE;
/*!40000 ALTER TABLE `pay_items` DISABLE KEYS */;
/*!40000 ALTER TABLE `pay_items` ENABLE KEYS */;
UNLOCK TABLES;

--
-- Table structure for table `payment_info`
--

DROP TABLE IF EXISTS `payment_info`;
/*!40101 SET @saved_cs_client     = @@character_set_client */;
/*!40101 SET character_set_client = utf8 */;
CREATE TABLE `payment_info` (
  `id` int(11) NOT NULL AUTO_INCREMENT,
  `email` varchar(255) DEFAULT NULL,
  `user_id` int(11) DEFAULT NULL,
  `student_id` int(11) DEFAULT NULL,
  `amount` float DEFAULT NULL,
  `reference` varbinary(255) DEFAULT NULL,
  `academic_session_id` int(11) DEFAULT NULL,
  `full_name` varbinary(255) DEFAULT NULL,
  `installment` tinyint(1) DEFAULT 0,
  `created` datetime DEFAULT NULL,
  `modified` datetime DEFAULT NULL,
  PRIMARY KEY (`id`)
) ENGINE=InnoDB AUTO_INCREMENT=11 DEFAULT CHARSET=latin1;
/*!40101 SET character_set_client = @saved_cs_client */;

--
-- Dumping data for table `payment_info`
--

LOCK TABLES `payment_info` WRITE;
/*!40000 ALTER TABLE `payment_info` DISABLE KEYS */;
INSERT INTO `payment_info` VALUES (1,'mnegbenose@socketworksng.com',43,14,20000,'TEST/SW/239923141816',3,'Faaji  Omoluabi  henry',0,'2020-01-24 09:22:23','2020-01-24 09:22:23'),(2,'mnegbenose@socketworksng.com',43,14,20000,'TEST/SW/239923141816',3,'Faaji  Omoluabi  henry',0,'2020-01-24 10:01:42','2020-01-24 10:01:42'),(3,'mnegbenose@socketworksng.com',43,14,20000,'COPEM/PMT/30002410145',3,'Faaji  Omoluabi  henry',0,'2020-01-24 10:02:06','2020-01-24 10:02:06'),(4,'mnegbenose@socketworksng.com',43,14,20000,'COPEM/PMT/2782241028',3,'Faaji  Omoluabi  henry',0,'2020-01-24 10:09:18','2020-01-24 10:09:18'),(5,'mnegbenose@socketworksng.com',43,14,20000,'COPEM/PMT/33852410921',3,'Faaji  Omoluabi  henry',0,'2020-01-24 10:12:12','2020-01-24 10:12:12'),(6,'mnegbenose@socketworksng.com',43,14,20000,'COPEM/PMT/103524101214',3,'Faaji  Omoluabi  henry',0,'2020-01-24 10:20:29','2020-01-24 10:20:29'),(7,'donmode4u+1232@gmail.com',44,15,20000,NULL,3,'Quick Quick Quick',0,'2020-02-04 10:01:01','2020-02-04 10:01:01'),(8,'donmode4u+1232@gmail.com',44,15,20000,NULL,3,'Quick Quick Quick',0,'2020-02-04 10:19:22','2020-02-04 10:19:22'),(9,'donmode4u+1232@gmail.com',44,15,20000,'AKSCO/PMT/37194101928',3,'Quick Quick Quick',0,'2020-02-06 09:08:32','2020-02-06 09:08:32'),(10,'mnegbenose+3451@socketworksng.com',47,16,20000,NULL,3,'Chuka Chukwuka henry',0,'2020-02-06 14:15:55','2020-02-06 14:15:55');
/*!40000 ALTER TABLE `payment_info` ENABLE KEYS */;
UNLOCK TABLES;

--
-- Table structure for table `payments`
--

DROP TABLE IF EXISTS `payments`;
/*!40101 SET @saved_cs_client     = @@character_set_client */;
/*!40101 SET character_set_client = utf8 */;
CREATE TABLE `payments` (
  `id` int(11) NOT NULL AUTO_INCREMENT,
  `student_id` int(11) DEFAULT NULL,
  `amount_due` float DEFAULT NULL,
  `discount` float DEFAULT NULL,
  `amount_paid` float DEFAULT NULL,
  `created` datetime DEFAULT NULL,
  `modified` datetime DEFAULT NULL,
  `completed` tinyint(1) DEFAULT 0,
  `payment_reference` varchar(255) DEFAULT NULL,
  `academic_session_id` int(11) DEFAULT NULL,
  `installment` tinyint(1) DEFAULT 0,
  `total_amount` float DEFAULT NULL,
  PRIMARY KEY (`id`)
) ENGINE=InnoDB AUTO_INCREMENT=4 DEFAULT CHARSET=latin1;
/*!40101 SET character_set_client = @saved_cs_client */;

--
-- Dumping data for table `payments`
--

LOCK TABLES `payments` WRITE;
/*!40000 ALTER TABLE `payments` DISABLE KEYS */;
INSERT INTO `payments` VALUES (1,6,0,0,10000,'2019-11-14 12:33:51','2019-11-14 12:33:51',1,NULL,3,0,10000),(2,9,0,0,10000,'2019-11-27 15:09:44','2019-11-27 15:09:44',1,NULL,3,0,10000),(3,15,0,0,20000,'2020-02-12 07:53:11','2020-02-12 07:53:11',1,NULL,3,0,20000);
/*!40000 ALTER TABLE `payments` ENABLE KEYS */;
UNLOCK TABLES;

--
-- Table structure for table `phinxlog`
--

DROP TABLE IF EXISTS `phinxlog`;
/*!40101 SET @saved_cs_client     = @@character_set_client */;
/*!40101 SET character_set_client = utf8 */;
CREATE TABLE `phinxlog` (
  `version` bigint(20) NOT NULL,
  `migration_name` varchar(100) DEFAULT NULL,
  `start_time` timestamp NULL DEFAULT NULL,
  `end_time` timestamp NULL DEFAULT NULL,
  `breakpoint` tinyint(1) NOT NULL DEFAULT 0,
  PRIMARY KEY (`version`)
) ENGINE=InnoDB DEFAULT CHARSET=utf8;
/*!40101 SET character_set_client = @saved_cs_client */;

--
-- Dumping data for table `phinxlog`
--

LOCK TABLES `phinxlog` WRITE;
/*!40000 ALTER TABLE `phinxlog` DISABLE KEYS */;
/*!40000 ALTER TABLE `phinxlog` ENABLE KEYS */;
UNLOCK TABLES;

--
-- Table structure for table `pins`
--

DROP TABLE IF EXISTS `pins`;
/*!40101 SET @saved_cs_client     = @@character_set_client */;
/*!40101 SET character_set_client = utf8 */;
CREATE TABLE `pins` (
  `id` int(11) NOT NULL AUTO_INCREMENT,
  `batch_number` varchar(50) CHARACTER SET utf8 DEFAULT NULL,
  `pin_value` double DEFAULT NULL,
  `generation_date` varchar(500) CHARACTER SET utf8 DEFAULT NULL,
  `date_used` varchar(500) CHARACTER SET utf8 DEFAULT NULL,
  `pin_number` varchar(50) CHARACTER SET utf8 DEFAULT NULL,
  `used_status` tinyint(4) DEFAULT NULL,
  `enabled` tinyint(4) DEFAULT NULL,
  `serial_number` varchar(50) CHARACTER SET utf8 DEFAULT NULL,
  `usage_particulars` varchar(500) DEFAULT NULL,
  `usage_count` int(11) NOT NULL,
  `created` datetime DEFAULT NULL,
  `modified` datetime DEFAULT NULL,
  PRIMARY KEY (`id`)
) ENGINE=InnoDB DEFAULT CHARSET=utf8mb4;
/*!40101 SET character_set_client = @saved_cs_client */;

--
-- Dumping data for table `pins`
--

LOCK TABLES `pins` WRITE;
/*!40000 ALTER TABLE `pins` DISABLE KEYS */;
/*!40000 ALTER TABLE `pins` ENABLE KEYS */;
UNLOCK TABLES;

--
-- Table structure for table `pos`
--

DROP TABLE IF EXISTS `pos`;
/*!40101 SET @saved_cs_client     = @@character_set_client */;
/*!40101 SET character_set_client = utf8 */;
CREATE TABLE `pos` (
  `id` int(11) NOT NULL AUTO_INCREMENT,
  `pos_name` varchar(255) DEFAULT NULL,
  `pos_description` varchar(255) DEFAULT NULL,
  `pos_code` varchar(50) DEFAULT NULL,
  `delivery_mode` varchar(50) DEFAULT NULL,
  `max_pass` int(11) DEFAULT NULL,
  `max_load` int(11) DEFAULT NULL,
  `promotion_credits` int(11) DEFAULT NULL,
  `probation_credits` int(11) DEFAULT NULL,
  `start_level` varchar(30) DEFAULT NULL,
  `end_level` varchar(30) DEFAULT NULL,
  `department_id` int(11) DEFAULT NULL,
  `school_program_id` int(11) DEFAULT NULL,
  `application` tinyint(1) DEFAULT NULL,
  `entrance_examination_date` date DEFAULT NULL,
  `mat_code` varchar(50) DEFAULT NULL,
  `capacity` int(11) NOT NULL DEFAULT 0,
  `created` datetime DEFAULT NULL,
  `modified` datetime DEFAULT NULL,
  PRIMARY KEY (`id`)
) ENGINE=InnoDB AUTO_INCREMENT=193 DEFAULT CHARSET=utf8mb4;
/*!40101 SET character_set_client = @saved_cs_client */;

--
-- Dumping data for table `pos`
--

LOCK TABLES `pos` WRITE;
/*!40000 ALTER TABLE `pos` DISABLE KEYS */;
INSERT INTO `pos` VALUES (1,'B.ED. (ADULT EDUCATION)','B.ED. (ADULT EDUCATION)','BEADED','FT',0,0,0,0,'100','400',36,1,1,NULL,'BEADED',0,'2019-07-18 14:31:39','2019-07-18 14:31:39'),(2,'B.SC. (AGRIC. ENGINEERING)','B.SC. (AGRIC. ENGINEERING)','BSAEE','FT',0,0,0,0,'100','500',65,1,1,NULL,'BSAEE',0,'2019-07-18 14:31:39','2019-07-18 14:31:39'),(3,'B.Sc. (Agricultural Economics)','B.Sc. (Agricultural Economics)','BSAECO','FT',0,0,0,0,'100','500',3,1,1,NULL,'BSAECO',0,'2019-07-18 14:31:39','2019-07-18 14:31:39'),(4,'B.Sc. (Agricultural Extension and Rural Development)','B.Sc. (Agricultural Extension and Rural Development)','BSAERD','FT',0,0,0,0,'100','500',2,1,1,NULL,'BSAERD',0,'2019-07-18 14:31:39','2019-07-18 14:31:39'),(5,'B.SC. (AGRICULTURE)','B.SC. (AGRICULTURE)','BSAGR','FT',0,0,0,0,'100','500',4,1,1,NULL,'BSAGR',0,'2019-07-18 14:31:39','2019-07-18 14:31:39'),(6,'B.Sc. (Agronomy)','B.Sc. (Agronomy)','BSAGRO','FT',0,0,0,0,'100','500',5,1,1,NULL,'BSAGRO',0,'2019-07-18 14:31:39','2019-07-18 14:31:39'),(7,'B.Sc. (Animal Science)','B.Sc. (Animal Science)','BSANISC','FT',0,0,0,0,'100','500',6,1,1,NULL,'BSANISC',0,'2019-07-18 14:31:39','2019-07-18 14:31:39'),(8,'B.A. (ANTHROPOLOGY)','B.A. (ANTHROPOLOGY)','BAANTH','FT',0,0,0,0,'100','400',10,1,1,NULL,'BAANTH',0,'2019-07-18 14:31:39','2019-07-18 14:31:39'),(9,'B.A. (CULTURAL ANTHROPOLOGY)','B.A. (CULTURAL ANTHROPOLOGY)','BACANTH','FT',0,0,0,0,'100','400',10,1,1,NULL,'BACANTH',0,'2019-07-18 14:31:39','2019-07-18 14:31:39'),(10,'B.A. (ARABIC & ISLAMIC STUDIES','B.A. (ARABIC & ISLAMIC STUDIES','BAARIS','FT',0,0,0,0,'100','400',11,1,1,NULL,'BAARIS',0,'2019-07-18 14:31:39','2019-07-18 14:31:39'),(11,'B.A. (ARCHAEOLOGY)','B.A. (ARCHAEOLOGY)','BAARCH','FT',0,0,0,0,'100','400',12,1,1,NULL,'BAARCH',0,'2019-07-18 14:31:39','2019-07-18 14:31:39'),(12,'B.SC. (BIOCHEMISTRY)','B.SC. (BIOCHEMISTRY)','BSBIOCH','FT',0,0,0,0,'100','400',23,1,1,NULL,'BSBIOCH',0,'2019-07-18 14:31:39','2019-07-18 14:31:39'),(13,'B.SC. (BOTANY)','B.SC. (BOTANY)','BSBOT','FT',0,0,0,0,'100','400',56,1,1,NULL,'BSBOT',0,'2019-07-18 14:31:39','2019-07-18 14:31:39'),(14,'B.SC. (CHEMISTRY)','B.SC. (CHEMISTRY)','BSCHE','FT',0,0,0,0,'100','400',57,1,1,NULL,'BSCHE',0,'2019-07-18 14:31:39','2019-07-18 14:31:39'),(15,'B.SC. (CIVIL ENGINEERING)','B.SC. (CIVIL ENGINEERING)','BSCIVEE','FT',0,0,0,0,'100','500',66,1,1,NULL,'BSCIVEE',0,'2019-07-18 14:31:39','2019-07-18 14:31:39'),(16,'B.A. CLASSICS (combined)','B.A. CLASSICS (combined)','BACLCB','FT',0,0,0,0,'100','400',13,1,1,NULL,'BACLCB',0,'2019-07-18 14:31:39','2019-07-18 14:31:39'),(17,'B.A. CLASSICS (LATIN)','B.A. CLASSICS (LATIN)','BACLLA','FT',0,0,0,0,'100','400',13,1,1,NULL,'BACLLA',0,'2019-07-18 14:31:39','2019-07-18 14:31:39'),(18,'B.A. (COMM. & LANG. ARTS)','B.A. (COMM. & LANG. ARTS)','BACOMLA','FT',0,0,0,0,'100','400',14,1,1,NULL,'BACOMLA',0,'2019-07-18 14:31:39','2019-07-18 14:31:39'),(19,'B.SC. (COMPUTER SCIENCE)','B.SC. (COMPUTER SCIENCE)','BSCOMS','FT',0,0,0,0,'100','400',58,1,1,NULL,'BSCOMS',0,'2019-07-18 14:31:39','2019-07-18 14:31:39'),(20,'B.Sc. (Crop Protection and Environmental Biology)','B.Sc. (Crop Protection and Environmental Biology)','BSCPEB','FT',0,0,0,0,'100','500',7,1,1,NULL,'BSCPEB',0,'2019-07-18 14:31:39','2019-07-18 14:31:39'),(21,'B.D.S. (Pre-Clinicals)','B.D.S. (Pre-Clinicals)','BDPRCL','FT',0,0,0,0,'100','400',33,1,1,NULL,'BDPRCL',0,'2019-07-18 14:31:39','2019-07-18 14:31:39'),(22,'B.D.S. (Clinicals)','B.D.S. (Clinicals)','BDCLI','FT',0,0,0,0,'500','600',33,1,1,NULL,'BDCLI',0,'2019-07-18 14:31:39','2019-07-18 14:31:39'),(23,'B.SC. (ECONOMICS)','B.SC. (ECONOMICS)','BSECO','FT',0,0,0,0,'100','400',73,1,1,NULL,'BSECO',0,'2019-07-18 14:31:39','2019-07-18 14:31:39'),(24,'B.ED. (EDUCATIONAL MANAGEMENT)','B.ED. (EDUCATIONAL MANAGEMENT)','BEEDMG','FT',0,0,0,0,'100','400',37,1,1,NULL,'BEEDMG',0,'2019-07-18 14:31:39','2019-07-18 14:31:39'),(25,'B.SC. (ELECT/ELECT ENGINEERING)','B.SC. (ELECT/ELECT ENGINEERING)','BSEEE','FT',0,0,0,0,'100','500',67,1,1,NULL,'BSEEE',0,'2019-07-18 14:31:39','2019-07-18 14:31:39'),(26,'B.A. (ENGLISH)','B.A. (ENGLISH)','BAENG','FT',0,0,0,0,'100','400',15,1,1,NULL,'BAENG',0,'2019-07-18 14:31:39','2019-07-18 14:31:39'),(27,'B.A. (FRENCH)','B.A. (FRENCH)','BAFRE','FT',0,0,0,0,'100','400',16,1,1,NULL,'BAFRE',0,'2019-07-18 14:31:39','2019-07-18 14:31:39'),(28,'B.A. (GERMAN)','B.A. (GERMAN)','BAGER','FT',0,0,0,0,'100','400',16,1,1,NULL,'BAGER',0,'2019-07-18 14:31:39','2019-07-18 14:31:39'),(29,'B.A. (RUSSIAN)','B.A. (RUSSIAN)','BARUS','FT',0,0,0,0,'100','400',16,1,1,NULL,'BARUS',0,'2019-07-18 14:31:39','2019-07-18 14:31:39'),(30,'B.SC. (FOOD TECHNOLOGY)','B.SC. (FOOD TECHNOLOGY)','BSFDTH','FT',0,0,0,0,'100','500',68,1,1,NULL,'BSFDTH',0,'2019-07-18 14:31:39','2019-07-18 14:31:39'),(31,'B.Sc. (Forest Resources Management)','B.Sc. (Forest Resources Management)','BSFRM','FT',0,0,0,0,'100','500',8,1,1,NULL,'BSFRM',0,'2019-07-18 14:31:39','2019-07-18 14:31:39'),(32,'B.SC. (GEOGRAPHY) (Social Science)','B.SC. (GEOGRAPHY) (Social Science)','BSGEOSS','FT',0,0,0,0,'100','400',74,1,1,NULL,'BSGEOSS',0,'2019-07-18 14:31:39','2019-07-18 14:31:39'),(33,'B.ED. (GUIDANCE & COUNSELLING)','B.ED. (GUIDANCE & COUNSELLING)','BEGAC','FT',0,0,0,0,'100','400',38,1,1,NULL,'BEGAC',0,'2019-07-18 14:31:39','2019-07-18 14:31:39'),(34,'B.A. (HISTORY & POLITICAL SC.)','B.A. (HISTORY & POLITICAL SC.)','BAHIPOL','FT',0,0,0,0,'100','400',17,1,1,NULL,'BAHIPOL',0,'2019-07-18 14:31:39','2019-07-18 14:31:39'),(35,'B.A. (HISTORY)','B.A. (HISTORY)','BAHIST','FT',0,0,0,0,'100','400',17,1,1,NULL,'BAHIST',0,'2019-07-18 14:31:39','2019-07-18 14:31:39'),(36,'B.ED. (HEALTH EDUCATION)','B.ED. (HEALTH EDUCATION)','BEHED','FT',0,0,0,0,'100','400',39,1,1,NULL,'BEHED',0,'2019-07-18 14:31:39','2019-07-18 14:31:39'),(37,'B.SC. (HUMAN NUTRITION)','B.SC. (HUMAN NUTRITION)','BSHNUT','FT',0,0,0,0,'100','400',54,1,1,NULL,'BSHNUT',0,'2019-07-18 14:31:39','2019-07-18 14:31:39'),(38,'B.SC. (INDUSTRIAL ENGINEERING)','B.SC. (INDUSTRIAL ENGINEERING)','BSIEE','FT',0,0,0,0,'100','500',69,1,1,NULL,'BSIEE',0,'2019-07-18 14:31:39','2019-07-18 14:31:39'),(39,'L.L.B. LAW','L.L.B. LAW','LLBLAW','FT',0,0,0,0,'100','500',46,1,1,NULL,'LLBLAW',0,'2019-07-18 14:31:39','2019-07-18 14:31:39'),(40,'B.ED. (LIBRARY AND INFO. SCIENCE)','B.ED. (LIBRARY AND INFO. SCIENCE)','BELIBIS','FT',0,0,0,0,'100','400',40,1,1,NULL,'BELIBIS',0,'2019-07-18 14:31:39','2019-07-18 14:31:39'),(41,'B.A. (LINGUISTICS)','B.A. (LINGUISTICS)','BALING','FT',0,0,0,0,'100','400',18,1,1,NULL,'BALING',0,'2019-07-18 14:31:39','2019-07-18 14:31:39'),(42,'B.A. (YORUBA)','B.A. (YORUBA)','BAYOR','FT',0,0,0,0,'100','400',18,1,1,NULL,'BAYOR',0,'2019-07-18 14:31:39','2019-07-18 14:31:39'),(43,'B.SC. (MATHEMATICS)','B.SC. (MATHEMATICS)','BSMATH','FT',0,0,0,0,'100','400',60,1,1,NULL,'BSMATH',0,'2019-07-18 14:31:39','2019-07-18 14:31:39'),(44,'B.SC. (MECHANICAL ENGINEERING)','B.SC. (MECHANICAL ENGINEERING)','BSMEE','FT',0,0,0,0,'100','500',70,1,1,NULL,'BSMEE',0,'2019-07-18 14:31:39','2019-07-18 14:31:39'),(45,'M.B.B.S. (Pre-Clinicals)','M.B.B.S. (Pre-Clinicals)','MBPREC','FT',0,0,0,0,'100','400',30,1,1,NULL,'MBPREC',0,'2019-07-18 14:31:39','2019-07-18 14:31:39'),(46,'M.B.B.S (Clinicals)','M.B.B.S (Clinicals)','MBCLIN','FT',0,0,0,0,'500','600',30,1,1,NULL,'MBCLIN',0,'2019-07-18 14:31:39','2019-07-18 14:31:39'),(47,'B.SC. (MICROBIOLOGY)','B.SC. (MICROBIOLOGY)','BSMICR','FT',0,0,0,0,'100','400',61,1,1,NULL,'BSMICR',0,'2019-07-18 14:31:39','2019-07-18 14:31:39'),(48,'B.N.Sc. (NURSING Pre-Clinicals)','B.N.Sc. (NURSING Pre-Clinicals)','BNNURPC','FT',0,0,0,0,'100','400',25,1,1,NULL,'BNNURPC',0,'2019-07-18 14:31:39','2019-07-18 14:31:39'),(49,'B.N.Sc. (NURSING Clinicals)','B.N.Sc. (NURSING Clinicals)','BNNURCL','FT',0,0,0,0,'500','600',25,1,1,NULL,'BNNURCL',0,'2019-07-18 14:31:39','2019-07-18 14:31:39'),(50,'B.SC. (PETROLEUM ENGINEERING)','B.SC. (PETROLEUM ENGINEERING)','BSPETEE','FT',0,0,0,0,'100','500',71,1,1,NULL,'BSPETEE',0,'2019-07-18 14:31:39','2019-07-18 14:31:39'),(51,'B.PHARM (PHARMACY)','B.PHARM (PHARMACY)','BPHARM','FT',0,0,0,0,'100','500',53,1,1,NULL,'BPHARM',0,'2019-07-18 14:31:39','2019-07-18 14:31:39'),(52,'B.A. (PHILOSOPHY)','B.A. (PHILOSOPHY)','BAPHIL','FT',0,0,0,0,'100','400',19,1,1,NULL,'BAPHIL',0,'2019-07-18 14:31:39','2019-07-18 14:31:39'),(53,'B.SC. (PHYSICS)','B.SC. (PHYSICS)','BSPHYS','FT',0,0,0,0,'100','400',62,1,1,NULL,'BSPHYS',0,'2019-07-18 14:31:39','2019-07-18 14:31:39'),(54,'B.SC. (PHYSIOLOGY)','B.SC. (PHYSIOLOGY)','BSPHSI','FT',0,0,0,0,'100','400',27,1,1,NULL,'BSPHSI',0,'2019-07-18 14:31:39','2019-07-18 14:31:39'),(55,'B.Physiotherapy Pre-Clinicals','B.Physiotherapy Pre-Clinicals','BPHYPC','FT',0,0,0,0,'100','400',32,1,1,NULL,'BPHYPC',0,'2019-07-18 14:31:39','2019-07-18 14:31:39'),(56,'B.Physiotherapy Clinicals','B.Physiotherapy Clinicals','BPHYCL','FT',0,0,0,0,'500','600',32,1,1,NULL,'BPHYCL',0,'2019-07-18 14:31:39','2019-07-18 14:31:39'),(57,'B.SC. (POLITICAL SCIENCE)','B.SC. (POLITICAL SCIENCE)','BSPOSC','FT',0,0,0,0,'100','400',75,1,1,NULL,'BSPOSC',0,'2019-07-18 14:31:39','2019-07-18 14:31:39'),(58,'B.SC. (PSYCHOLOGY)','B.SC. (PSYCHOLOGY)','BSPSYC','FT',0,0,0,0,'100','400',76,1,1,NULL,'BSPSYC',0,'2019-07-18 14:31:39','2019-07-18 14:31:39'),(59,'B.A. (RELIGIOUS STUDIES)','B.A. (RELIGIOUS STUDIES)','BARELS','FT',0,0,0,0,'100','400',20,1,1,NULL,'BARELS',0,'2019-07-18 14:31:39','2019-07-18 14:31:39'),(60,'B.SC. (SOCIOLOGY)','B.SC. (SOCIOLOGY)','BSSOC','FT',0,0,0,0,'100','400',77,1,1,NULL,'BSSOC',0,'2019-07-18 14:31:39','2019-07-18 14:31:39'),(61,'B.ED. (SPECIAL EDUCATION)','B.ED. (SPECIAL EDUCATION)','BESPED','FT',0,0,0,0,'100','400',42,1,1,NULL,'BESPED',0,'2019-07-18 14:31:39','2019-07-18 14:31:39'),(62,'B.SC. (STATISTICS)','B.SC. (STATISTICS)','BSSTAT','FT',0,0,0,0,'100','400',63,1,1,NULL,'BSSTAT',0,'2019-07-18 14:31:39','2019-07-18 14:31:39'),(63,'B.ED (SOCIAL SCIENCE)','B.ED (SOCIAL SCIENCE)','BESOSC','FT',0,0,0,0,'100','400',43,1,1,NULL,'BESOSC',0,'2019-07-18 14:31:39','2019-07-18 14:31:39'),(64,'B.A. (THEATRE ARTS)','B.A. (THEATRE ARTS)','BATHART','FT',0,0,0,0,'100','400',21,1,1,NULL,'BATHART',0,'2019-07-18 14:31:39','2019-07-18 14:31:39'),(65,'DVM (VETERINARY MEDICINE)','DVM (VETERINARY MEDICINE)','DVMVM','FT',0,0,0,0,'100','600',82,1,1,NULL,'DVMVM',0,'2019-07-18 14:31:39','2019-07-18 14:31:39'),(66,'B.Sc. (Aquaculture and Fisheries Management) ','B.Sc. (Aquaculture and Fisheries Management) ','BSAQFM','FT',0,0,0,0,'100','500',9,1,1,NULL,'BSAQFM',0,'2019-07-18 14:31:39','2019-07-18 14:31:39'),(67,'B.Sc. (Wildlife and Ecotourism Management)','B.Sc. (Wildlife and Ecotourism Management)','BSWEM','FT',0,0,0,0,'100','500',9,1,1,NULL,'BSWEM',0,'2019-07-18 14:31:39','2019-07-18 14:31:39'),(68,'B.SC. (FISHERIES)','B.SC. (FISHERIES)','BSFISH','FT',0,0,0,0,'100','500',9,1,1,NULL,'BSFISH',0,'2019-07-18 14:31:39','2019-07-18 14:31:39'),(69,'B.SC. (WOOD PRODUCTS ENGINEERING)','B.SC. (WOOD PRODUCTS ENGINEERING)','BSWPEE','FT',0,0,0,0,'100','500',72,1,1,NULL,'BSWPEE',0,'2019-07-18 14:31:39','2019-07-18 14:31:39'),(70,'B.SC. (ZOOLOGY)','B.SC. (ZOOLOGY)','BSZOO','FT',0,0,0,0,'100','400',64,1,1,NULL,'BSZOO',0,'2019-07-18 14:31:39','2019-07-18 14:31:39'),(71,'M.Inf.Sc (Africa Regional Centre for Information Science)','M.Inf.Sc (Africa Regional Centre for Information Science)','MIARCIS','FT',0,0,0,0,'100','100',1,2,1,NULL,'MIARCIS',0,'2019-07-18 14:31:39','2019-07-18 14:31:39'),(72,'M.Phil (Agricultural Economics)','M.Phil (Agricultural Economics)','MPAGEC','FT',0,0,0,0,'100','100',3,2,1,NULL,'MPAGEC',0,'2019-07-18 14:31:39','2019-07-18 14:31:39'),(73,'M.Phil/Ph.D (Agricultural Economics)','M.Phil/Ph.D (Agricultural Economics)','MPHDAE','FT',0,0,0,0,'100','100',3,2,1,NULL,'MPHDAE',0,'2019-07-18 14:31:39','2019-07-18 14:31:39'),(74,'M.Sc (Agricultural Economics)','M.Sc (Agricultural Economics)','MSAGEC','FT',0,0,0,0,'100','100',3,2,1,NULL,'MSAGEC',0,'2019-07-18 14:31:39','2019-07-18 14:31:39'),(75,'MAPA (Agricultural Economics)','MAPA (Agricultural Economics)','MAPAAE','FT',0,0,0,0,'100','100',3,2,1,NULL,'MAPAAE',0,'2019-07-18 14:31:39','2019-07-18 14:31:39'),(76,'MPP (Agricultural Economics)','MPP (Agricultural Economics)','MPPAE','FT',0,0,0,0,'100','100',3,2,1,NULL,'MPPAE',0,'2019-07-18 14:31:39','2019-07-18 14:31:39'),(77,'MSC (Agricultural Economics)','MSC (Agricultural Economics)','MSCAE','FT',0,0,0,0,'100','100',3,2,1,NULL,'MSCAE',0,'2019-07-18 14:31:39','2019-07-18 14:31:39'),(78,'Ph.D (Agricultural Economics)','Ph.D (Agricultural Economics)','PHDAE','FT',0,0,0,0,'100','100',3,2,1,NULL,'PHDAE',0,'2019-07-18 14:31:39','2019-07-18 14:31:39'),(79,'M.Phil (Agricultural Extension and Rural Development)','M.Phil (Agricultural Extension and Rural Development)','MPAERD','FT',0,0,0,0,'100','100',2,2,1,NULL,'MPAERD',0,'2019-07-18 14:31:39','2019-07-18 14:31:39'),(80,'M.Phil/Ph.D (Agricultural Extension and Rural Development)','M.Phil/Ph.D (Agricultural Extension and Rural Development)','MPHDAERD','FT',0,0,0,0,'100','100',2,2,1,NULL,'MPHDAERD',0,'2019-07-18 14:31:39','2019-07-18 14:31:39'),(81,'M.Sc (Agricultural Extension and Rural Development)','M.Sc (Agricultural Extension and Rural Development)','MSAERD','FT',0,0,0,0,'100','100',2,2,1,NULL,'MSAERD',0,'2019-07-18 14:31:39','2019-07-18 14:31:39'),(82,'PGDAE (Agricultural Extension and Rural Development)','PGDAE (Agricultural Extension and Rural Development)','PGDAEAERD','FT',0,0,0,0,'100','100',2,2,1,NULL,'PGDAEAERD',0,'2019-07-18 14:31:39','2019-07-18 14:31:39'),(83,'Ph.D (Agricultural Extension and Rural Development)','Ph.D (Agricultural Extension and Rural Development)','PHDAERD','FT',0,0,0,0,'100','100',2,2,1,NULL,'PHDAERD',0,'2019-07-18 14:31:39','2019-07-18 14:31:39'),(84,'PGD (Agricultural Extension and Rural Develpoment)','PGD (Agricultural Extension and Rural Develpoment)','PGDAERD','FT',0,0,0,0,'100','100',2,2,1,NULL,'PGDAERD',0,'2019-07-18 14:31:39','2019-07-18 14:31:39'),(85,'M.Phil (Agronomy)','M.Phil (Agronomy)','MPAGRO','FT',0,0,0,0,'100','100',5,2,1,NULL,'MPAGRO',0,'2019-07-18 14:31:39','2019-07-18 14:31:39'),(86,'M.Phil/Ph.D (Agronomy)','M.Phil/Ph.D (Agronomy)','MPHAGRO','FT',0,0,0,0,'100','100',5,2,1,NULL,'MPHAGRO',0,'2019-07-18 14:31:39','2019-07-18 14:31:39'),(87,'M.Sc (Agronomy)','M.Sc (Agronomy)','MSAGRO','FT',0,0,0,0,'100','100',5,2,1,NULL,'MSAGRO',0,'2019-07-18 14:31:39','2019-07-18 14:31:39'),(88,'Ph.D (Agronomy)','Ph.D (Agronomy)','PHDAGRO','FT',0,0,0,0,'100','100',5,2,1,NULL,'PHDAGRO',0,'2019-07-18 14:31:39','2019-07-18 14:31:39'),(89,'M.Phil/Ph.D (Animal Science)','M.Phil/Ph.D (Animal Science)','MPHANSC','FT',0,0,0,0,'100','100',6,2,1,NULL,'MPHANSC',0,'2019-07-18 14:31:39','2019-07-18 14:31:39'),(90,'M.Sc (Animal Science)','M.Sc (Animal Science)','MSANSC','FT',0,0,0,0,'100','100',6,2,1,NULL,'MSANSC',0,'2019-07-18 14:31:39','2019-07-18 14:31:39'),(91,'Ph.D (Animal Science)','Ph.D (Animal Science)','PHANSC','FT',0,0,0,0,'100','100',6,2,1,NULL,'PHANSC',0,'2019-07-18 14:31:39','2019-07-18 14:31:39'),(92,'M.Phil (Crop Protection and Environmental Biology)','M.Phil (Crop Protection and Environmental Biology)','MPCPEB','FT',0,0,0,0,'100','100',7,2,1,NULL,'MPCPEB',0,'2019-07-18 14:31:39','2019-07-18 14:31:39'),(93,'M.Phil/Ph.D (Crop Protection and Environmental Biology)','M.Phil/Ph.D (Crop Protection and Environmental Biology)','MPHCPEB','FT',0,0,0,0,'100','100',7,2,1,NULL,'MPHCPEB',0,'2019-07-18 14:31:39','2019-07-18 14:31:39'),(94,'M.Sc (Crop Protection and Environmental Biology)','M.Sc (Crop Protection and Environmental Biology)','MSCPEB','FT',0,0,0,0,'100','100',7,2,1,NULL,'MSCPEB',0,'2019-07-18 14:31:39','2019-07-18 14:31:39'),(95,'Ph.D (Crop Protection and Environmental Biology)','Ph.D (Crop Protection and Environmental Biology)','PHCPEB','FT',0,0,0,0,'100','100',7,2,1,NULL,'PHCPEB',0,'2019-07-18 14:31:39','2019-07-18 14:31:39'),(96,'M.Phil/Ph.D (Forest Resources Management)','M.Phil/Ph.D (Forest Resources Management)','MPHFRM','FT',0,0,0,0,'100','100',8,2,1,NULL,'MPHFRM',0,'2019-07-18 14:31:39','2019-07-18 14:31:39'),(97,'M.Sc (Forest Resources Management)','M.Sc (Forest Resources Management)','MSFRM','FT',0,0,0,0,'100','100',8,2,1,NULL,'MSFRM',0,'2019-07-18 14:31:39','2019-07-18 14:31:39'),(98,'Ph.D (Forest Resources Management)','Ph.D (Forest Resources Management)','PHFRM','FT',0,0,0,0,'100','100',8,2,1,NULL,'PHFRM',0,'2019-07-18 14:31:39','2019-07-18 14:31:39'),(99,'M.Phil (Wildlife and Fisheries Management)','M.Phil (Wildlife and Fisheries Management)','MPWFM','FT',0,0,0,0,'100','100',9,2,1,NULL,'MPWFM',0,'2019-07-18 14:31:39','2019-07-18 14:31:39'),(100,'M.Phil/Ph.D (Wildlife and Fisheries Management)','M.Phil/Ph.D (Wildlife and Fisheries Management)','MPHWFM','FT',0,0,0,0,'100','100',9,2,1,NULL,'MPHWFM',0,'2019-07-18 14:31:39','2019-07-18 14:31:39'),(101,'M.Sc (Wildlife And Fisheries Management)','M.Sc (Wildlife And Fisheries Management)','MSWFM','FT',0,0,0,0,'100','100',9,2,1,NULL,'MSWFM',0,'2019-07-18 14:31:39','2019-07-18 14:31:39'),(102,'PGD (Wildlife And Fisheries Management)','PGD (Wildlife And Fisheries Management)','PGDWFM','FT',0,0,0,0,'100','100',9,2,1,NULL,'PGDWFM',0,'2019-07-18 14:31:39','2019-07-18 14:31:39'),(103,'Ph.D (Wildlife And Fisheries Management)','Ph.D (Wildlife And Fisheries Management)','PHDWFM','FT',0,0,0,0,'100','100',9,2,1,NULL,'PHDWFM',0,'2019-07-18 14:31:39','2019-07-18 14:31:39'),(104,'M.A. (Arabic and Islamic Studies)','M.A. (Arabic and Islamic Studies)','MAARIS','FT',0,0,0,0,'100','100',11,2,1,NULL,'MAARIS',0,'2019-07-18 14:31:39','2019-07-18 14:31:39'),(105,'M.Phil (Arabic and Islamic Studies)','M.Phil (Arabic and Islamic Studies)','MPAIS','FT',0,0,0,0,'100','100',11,2,1,NULL,'MPAIS',0,'2019-07-18 14:31:39','2019-07-18 14:31:39'),(106,'Ph.D (Arabic and Islamic Studies)','Ph.D (Arabic and Islamic Studies)','PHDAIS','FT',0,0,0,0,'100','100',11,2,1,NULL,'PHDAIS',0,'2019-07-18 14:31:39','2019-07-18 14:31:39'),(107,'M.Phil/Ph.D (Archaeology)','M.Phil/Ph.D (Archaeology)','MPHARCH','FT',0,0,0,0,'100','100',12,2,1,NULL,'MPHARCH',0,'2019-07-18 14:31:39','2019-07-18 14:31:39'),(108,'Ph.D (Classics)','Ph.D (Classics)','PHDCLAS','FT',0,0,0,0,'100','100',13,2,1,NULL,'PHDCLAS',0,'2019-07-18 14:31:39','2019-07-18 14:31:39'),(109,'M.A (Communication and Language Arts)','M.A (Communication and Language Arts)','MACOMLA','FT',0,0,0,0,'100','100',14,2,1,NULL,'MACOMLA',0,'2019-07-18 14:31:39','2019-07-18 14:31:39'),(110,'M.C.A (Communication and Language Arts)','M.C.A (Communication and Language Arts)','MCACOMLA','FT',0,0,0,0,'100','100',14,2,1,NULL,'MCACOMLA',0,'2019-07-18 14:31:39','2019-07-18 14:31:39'),(111,'M.Phil (Communication and Language Arts)','M.Phil (Communication and Language Arts)','MPCOMLA','FT',0,0,0,0,'100','100',14,2,1,NULL,'MPCOMLA',0,'2019-07-18 14:31:39','2019-07-18 14:31:39'),(112,'M.Phil/Ph.D (Communication and Language Arts)','M.Phil/Ph.D (Communication and Language Arts)','MPHCOMLA','FT',0,0,0,0,'100','100',14,2,1,NULL,'MPHCOMLA',0,'2019-07-18 14:31:39','2019-07-18 14:31:39'),(113,'Ph.D (Communication and Language Arts)','Ph.D (Communication and Language Arts)','PHDCOMLA','FT',0,0,0,0,'100','100',14,2,1,NULL,'PHDCOMLA',0,'2019-07-18 14:31:39','2019-07-18 14:31:39'),(114,'M.A (English)','M.A (English)','MAENG','FT',0,0,0,0,'100','100',15,2,1,NULL,'MAENG',0,'2019-07-18 14:31:39','2019-07-18 14:31:39'),(115,'M.Phil. (English)','M.Phil. (English)','MPENG','FT',0,0,0,0,'100','100',15,2,1,NULL,'MPENG',0,'2019-07-18 14:31:39','2019-07-18 14:31:39'),(116,'M.Phil/Ph.D (English)','M.Phil/Ph.D (English)','MPHENG','FT',0,0,0,0,'100','100',15,2,1,NULL,'MPHENG',0,'2019-07-18 14:31:39','2019-07-18 14:31:39'),(117,'Ph.D (English)','Ph.D (English)','PHDENG','FT',0,0,0,0,'100','100',15,2,1,NULL,'PHDENG',0,'2019-07-18 14:31:39','2019-07-18 14:31:39'),(118,'M.A (European Studies)','M.A (European Studies)','MAEUST','FT',0,0,0,0,'100','100',16,2,1,NULL,'MAEUST',0,'2019-07-18 14:31:39','2019-07-18 14:31:39'),(119,'M.Phil/Ph.D (European Studies)','M.Phil/Ph.D (European Studies)','MPHEUST','FT',0,0,0,0,'100','100',16,2,1,NULL,'MPHEUST',0,'2019-07-18 14:31:39','2019-07-18 14:31:39'),(120,'Ph.D (European Studies)','Ph.D (European Studies)','PHDEUST','FT',0,0,0,0,'100','400',16,2,1,NULL,'PHDEUST',0,'2019-07-18 14:31:39','2019-07-18 14:31:39'),(121,'M.A (History)','M.A (History)','MAHIST','FT',0,0,0,0,'100','100',17,2,1,NULL,'MAHIST',0,'2019-07-18 14:31:39','2019-07-18 14:31:39'),(122,'M.Phil (History)','M.Phil (History)','MPHIST','FT',0,0,0,0,'100','100',17,2,1,NULL,'MPHIST',0,'2019-07-18 14:31:39','2019-07-18 14:31:39'),(123,'M.Phil/Ph.D (History)','M.Phil/Ph.D (History)','MPHHIST','FT',0,0,0,0,'100','100',17,2,1,NULL,'MPHHIST',0,'2019-07-18 14:31:39','2019-07-18 14:31:39'),(124,'M.A (Linguistics and African Language)','M.A (Linguistics and African Language)','MALAL','FT',0,0,0,0,'100','100',18,2,1,NULL,'MALAL',0,'2019-07-18 14:31:39','2019-07-18 14:31:39'),(125,'M.Phil/Ph.D (Linguistics and African Language)','M.Phil/Ph.D (Linguistics and African Language)','MPHLAL','FT',0,0,0,0,'100','100',18,2,1,NULL,'MPHLAL',0,'2019-07-18 14:31:39','2019-07-18 14:31:39'),(126,'M.A (Linguistics and African Languages)','M.A (Linguistics and African Languages)','MALALS','FT',0,0,0,0,'100','100',18,2,1,NULL,'MALALS',0,'2019-07-18 14:31:39','2019-07-18 14:31:39'),(127,'M.Phil. (Linguistics and African Languages)','M.Phil. (Linguistics and African Languages)','MPLAL','FT',0,0,0,0,'100','100',18,2,1,NULL,'MPLAL',0,'2019-07-18 14:31:39','2019-07-18 14:31:39'),(128,'M.Phil/Ph.D (Linguistics and African Languages)','M.Phil/Ph.D (Linguistics and African Languages)','MPHLAL','FT',0,0,0,0,'100','100',18,2,1,NULL,'MPHLAL',0,'2019-07-18 14:31:39','2019-07-18 14:31:39'),(129,'Ph.D (Linguistics and African Languages)','Ph.D (Linguistics and African Languages)','PHDLAL','FT',0,0,0,0,'100','100',18,2,1,NULL,'PHDLAL',0,'2019-07-18 14:31:39','2019-07-18 14:31:39'),(130,'M.A (Philosophy)','M.A (Philosophy)','MAPHIL','FT',0,0,0,0,'100','100',19,2,1,NULL,'MAPHIL',0,'2019-07-18 14:31:39','2019-07-18 14:31:39'),(131,'M.Phil (Philosophy)','M.Phil (Philosophy)','MPPHIL','FT',0,0,0,0,'100','100',19,2,1,NULL,'MPPHIL',0,'2019-07-18 14:31:39','2019-07-18 14:31:39'),(132,'M.Phil/Ph.D (Philosophy)','M.Phil/Ph.D (Philosophy)','MPHPHIL','FT',0,0,0,0,'100','100',19,2,1,NULL,'MPHPHIL',0,'2019-07-18 14:31:39','2019-07-18 14:31:39'),(133,'Ph.D (Philosophy)','Ph.D (Philosophy)','PHDPHIL','FT',0,0,0,0,'100','100',19,2,1,NULL,'PHDPHIL',0,'2019-07-18 14:31:39','2019-07-18 14:31:39'),(134,'M.A (Religious Studies)','M.A (Religious Studies)','MARST','FT',0,0,0,0,'100','100',20,2,1,NULL,'MARST',0,'2019-07-18 14:31:39','2019-07-18 14:31:39'),(135,'M.Phil (Religious Studies)','M.Phil (Religious Studies)','MPRST','FT',0,0,0,0,'100','100',20,2,1,NULL,'MPRST',0,'2019-07-18 14:31:39','2019-07-18 14:31:39'),(136,'M.Phil/Ph.D (Religious Studies)','M.Phil/Ph.D (Religious Studies)','MPHRST','FT',0,0,0,0,'100','100',20,2,1,NULL,'MPHRST',0,'2019-07-18 14:31:39','2019-07-18 14:31:39'),(137,'Ph.D (Religious Studies)','Ph.D (Religious Studies)','PHDRST','FT',0,0,0,0,'100','100',20,2,1,NULL,'PHDRST',0,'2019-07-18 14:31:39','2019-07-18 14:31:39'),(138,'M.A (Theatre Arts)','M.A (Theatre Arts)','MATHAR','FT',0,0,0,0,'100','100',21,2,1,NULL,'MATHAR',0,'2019-07-18 14:31:39','2019-07-18 14:31:39'),(139,'M.Phil (Theatre Arts)','M.Phil (Theatre Arts)','MPTHAR','FT',0,0,0,0,'100','100',21,2,1,NULL,'MPTHAR',0,'2019-07-18 14:31:39','2019-07-18 14:31:39'),(140,'M.Phil/Ph.D (Theatre Arts)','M.Phil/Ph.D (Theatre Arts)','MPHTHAR','FT',0,0,0,0,'100','100',21,2,1,NULL,'MPHTHAR',0,'2019-07-18 14:31:39','2019-07-18 14:31:39'),(141,'PGD (Theatre Arts)','PGD (Theatre Arts)','PGDTHAR','FT',0,0,0,0,'100','100',21,2,1,NULL,'PGDTHAR',0,'2019-07-18 14:31:39','2019-07-18 14:31:39'),(142,'Ph.D (Theatre Arts)','Ph.D (Theatre Arts)','PHDTHAR','FT',0,0,0,0,'100','100',21,2,1,NULL,'PHDTHAR',0,'2019-07-18 14:31:39','2019-07-18 14:31:39'),(143,'M.Sc (Anatomy)','M.Sc (Anatomy)','MSANAT','FT',0,0,0,0,'100','100',22,2,1,NULL,'MSANAT',0,'2019-07-18 14:31:39','2019-07-18 14:31:39'),(144,'M.Phil (Biochemistry)','M.Phil (Biochemistry)','MPBIOC','FT',0,0,0,0,'100','100',23,2,1,NULL,'MPBIOC',0,'2019-07-18 14:31:39','2019-07-18 14:31:39'),(145,'M.Phil/Ph.D (Biochemistry)','M.Phil/Ph.D (Biochemistry)','MPHBIOC','FT',0,0,0,0,'100','100',23,2,1,NULL,'MPHBIOC',0,'2019-07-18 14:31:39','2019-07-18 14:31:39'),(146,'M.Sc (Biochemistry)','M.Sc (Biochemistry)','MSBIOC','FT',0,0,0,0,'100','100',23,2,1,NULL,'MSBIOC',0,'2019-07-18 14:31:39','2019-07-18 14:31:39'),(147,'Ph.D (Biochemistry)','Ph.D (Biochemistry)','PHDBIOC','FT',0,0,0,0,'100','100',23,2,1,NULL,'PHDBIOC',0,'2019-07-18 14:31:39','2019-07-18 14:31:39'),(148,'M.Sc (Haematology)','M.Sc (Haematology)','MSHMT','FT',0,0,0,0,'100','100',24,2,1,NULL,'MSHMT',0,'2019-07-18 14:31:39','2019-07-18 14:31:39'),(149,'M.Sc (Pharmacology and Therapeutics)','M.Sc (Pharmacology and Therapeutics)','MSPHTH','FT',0,0,0,0,'100','100',26,2,1,NULL,'MSPHTH',0,'2019-07-18 14:31:39','2019-07-18 14:31:39'),(150,'M.Phil/Ph.D (Physiology)','M.Phil/Ph.D (Physiology)','MPHPHYSI','FT',0,0,0,0,'100','100',27,2,1,NULL,'MPHPHYSI',0,'2019-07-18 14:31:39','2019-07-18 14:31:39'),(151,'M.Sc (Physiology)','M.Sc (Physiology)','MSPHYSI','FT',0,0,0,0,'100','100',27,2,1,NULL,'MSPHYSI',0,'2019-07-18 14:31:39','2019-07-18 14:31:39'),(152,'M.Sc (Virology)','M.Sc (Virology)','MSVIRO','FT',0,0,0,0,'100','100',28,2,1,NULL,'MSVIRO',0,'2019-07-18 14:31:39','2019-07-18 14:31:39'),(153,'Ph.D (Virology)','Ph.D (Virology)','PHDVIRO','FT',0,0,0,0,'100','100',28,2,1,NULL,'PHDVIRO',0,'2019-07-18 14:31:39','2019-07-18 14:31:39'),(154,'MPH (Community Medicine)','MPH (Community Medicine)','MPHCMED','FT',0,0,0,0,'100','100',29,2,1,NULL,'MPHCMED',0,'2019-07-18 14:31:39','2019-07-18 14:31:39'),(155,'M.Sc (Medicine And Surgery)','M.Sc (Medicine And Surgery)','MSMEDSUR','FT',0,0,0,0,'100','100',30,2,1,NULL,'MSMEDSUR',0,'2019-07-18 14:31:39','2019-07-18 14:31:39'),(156,'M.Sc (Nursing)','M.Sc (Nursing)','MSNUR','FT',0,0,0,0,'100','100',25,2,1,NULL,'MSNUR',0,'2019-07-18 14:31:39','2019-07-18 14:31:39'),(157,'MHSC (Obsterics and Gynaecology)','MHSC (Obsterics and Gynaecology)','MHSCOBGYN','FT',0,0,0,0,'100','100',31,2,1,NULL,'MHSCOBGYN',0,'2019-07-18 14:31:39','2019-07-18 14:31:39'),(158,'M.Sc (Obstetrics and Gynaecology)','M.Sc (Obstetrics and Gynaecology)','MSOBGYN','FT',0,0,0,0,'100','100',31,2,1,NULL,'MSOBGYN',0,'2019-07-18 14:31:39','2019-07-18 14:31:39'),(159,'PGDHS (Obstetrics and Gynaecology)','PGDHS (Obstetrics and Gynaecology)','PHDHSOBGYN','FT',0,0,0,0,'100','100',31,2,1,NULL,'PHDHSOBGYN',0,'2019-07-18 14:31:39','2019-07-18 14:31:39'),(160,'M.Sc (Physiotherapy)','M.Sc (Physiotherapy)','MSPHYSIO','FT',0,0,0,0,'100','100',32,2,1,NULL,'MSPHYSIO',0,'2019-07-18 14:31:39','2019-07-18 14:31:39'),(161,'MDS (Dental Surgery)','MDS (Dental Surgery)','MDSDESU','FT',0,0,0,0,'100','100',33,2,1,NULL,'MDSDESU',0,'2019-07-18 14:31:39','2019-07-18 14:31:39'),(162,'MD (Oral and Maxilo Facial Surgery)','MD (Oral and Maxilo Facial Surgery)','MDOMFS','FT',0,0,0,0,'100','100',34,2,1,NULL,'MDOMFS',0,'2019-07-18 14:31:39','2019-07-18 14:31:39'),(163,'MD (Preventive Dentistry)','MD (Preventive Dentistry)','MDPREDEN','FT',0,0,0,0,'100','100',35,2,1,NULL,'MDPREDEN',0,'2019-07-18 14:31:39','2019-07-18 14:31:39'),(164,'M.Ed (Adult Education)','M.Ed (Adult Education)','MEADED','FT',0,0,0,0,'100','100',36,2,1,NULL,'MEADED',0,'2019-07-18 14:31:39','2019-07-18 14:31:39'),(165,'M.Phil (Adult Education)','M.Phil (Adult Education)','MPADED','FT',0,0,0,0,'100','100',36,2,1,NULL,'MPADED',0,'2019-07-18 14:31:39','2019-07-18 14:31:39'),(166,'M.Phil/Ph.D (Adult Education)','M.Phil/Ph.D (Adult Education)','MPHADED','FT',0,0,0,0,'100','100',36,2,1,NULL,'MPHADED',0,'2019-07-18 14:31:39','2019-07-18 14:31:39'),(167,'MMP (Adult Education)','MMP (Adult Education)','MMPADED','FT',0,0,0,0,'100','100',36,2,1,NULL,'MMPADED',0,'2019-07-18 14:31:39','2019-07-18 14:31:39'),(168,'Ph.D (Adult Education)','Ph.D (Adult Education)','PHDADED','FT',0,0,0,0,'100','100',36,2,1,NULL,'PHDADED',0,'2019-07-18 14:31:39','2019-07-18 14:31:39'),(169,'M.Ed (Educational Management)','M.Ed (Educational Management)','MEEDMG','FT',0,0,0,0,'100','100',37,2,1,NULL,'MEEDMG',0,'2019-07-18 14:31:39','2019-07-18 14:31:39'),(170,'Ph.D (Educational Management)','Ph.D (Educational Management)','PDHEDMG','FT',0,0,0,0,'100','100',37,2,1,NULL,'PDHEDMG',0,'2019-07-18 14:31:39','2019-07-18 14:31:39'),(171,'M.Ed (Guidance and Counselling)','M.Ed (Guidance and Counselling)','MEGAC','FT',0,0,0,0,'100','100',38,2,1,NULL,'MEGAC',0,'2019-07-18 14:31:39','2019-07-18 14:31:39'),(172,'M.P.P (Guidance and Counselling)','M.P.P (Guidance and Counselling)','MPPGAC','FT',0,0,0,0,'100','100',38,2,1,NULL,'MPPGAC',0,'2019-07-18 14:31:39','2019-07-18 14:31:39'),(173,'M.Phil (Guidance and Counselling)','M.Phil (Guidance and Counselling)','MPGAC','FT',0,0,0,0,'100','100',38,2,1,NULL,'MPGAC',0,'2019-07-18 14:31:39','2019-07-18 14:31:39'),(174,'M.Phil/Ph.D (Guidance and Counselling)','M.Phil/Ph.D (Guidance and Counselling)','MPHGAC','FT',0,0,0,0,'100','100',38,2,1,NULL,'MPHGAC',0,'2019-07-18 14:31:39','2019-07-18 14:31:39'),(175,'MMP (Guidance and Counselling)','MMP (Guidance and Counselling)','MMPGAC','FT',0,0,0,0,'100','100',38,2,1,NULL,'MMPGAC',0,'2019-07-18 14:31:39','2019-07-18 14:31:39'),(176,'MPH (Guidance and Counselling)','MPH (Guidance and Counselling)','MPHGAC','FT',0,0,0,0,'100','100',38,2,1,NULL,'MPHGAC',0,'2019-07-18 14:31:39','2019-07-18 14:31:39'),(177,'Ph.D (Guidance and Counselling)','Ph.D (Guidance and Counselling)','PHDGAC','FT',0,0,0,0,'100','100',38,2,1,NULL,'PHDGAC',0,'2019-07-18 14:31:39','2019-07-18 14:31:39'),(178,'M.Ed (Human Kinetics and Health Education)','M.Ed (Human Kinetics and Health Education)','MEHKHE','FT',0,0,0,0,'100','100',39,2,1,NULL,'MEHKHE',0,'2019-07-18 14:31:39','2019-07-18 14:31:39'),(179,'M.Phil (Human Kinetics and Health Education)','M.Phil (Human Kinetics and Health Education)','MPHKHE','FT',0,0,0,0,'100','100',39,2,1,NULL,'MPHKHE',0,'2019-07-18 14:31:39','2019-07-18 14:31:39'),(180,'M.Phil/Ph.D (Human Kinetics and Health Education)','M.Phil/Ph.D (Human Kinetics and Health Education)','MPHHKHE','FT',0,0,0,0,'100','100',39,2,1,NULL,'MPHHKHE',0,'2019-07-18 14:31:39','2019-07-18 14:31:39'),(181,'Ph.D (Human Kinetics and Health Education)','Ph.D (Human Kinetics and Health Education)','PHDHKHE','FT',0,0,0,0,'100','100',39,2,1,NULL,'PHDHKHE',0,'2019-07-18 14:31:39','2019-07-18 14:31:39'),(182,'M.Phil (Library Archival and Information Studies)','M.Phil (Library Archival and Information Studies)','MPLAIS','FT',0,0,0,0,'100','100',40,2,1,NULL,'MPLAIS',0,'2019-07-18 14:31:39','2019-07-18 14:31:39'),(183,'M.Phil/Ph.D (Library Archival and Information Studies)','M.Phil/Ph.D (Library Archival and Information Studies)','MPHLAIS','FT',0,0,0,0,'100','100',40,2,1,NULL,'MPHLAIS',0,'2019-07-18 14:31:39','2019-07-18 14:31:39'),(184,'MARM (Library Archival and Information Studies)','MARM (Library Archival and Information Studies)','MARMLAIS','FT',0,0,0,0,'100','100',40,2,1,NULL,'MARMLAIS',0,'2019-07-18 14:31:39','2019-07-18 14:31:39'),(185,'MHIM (Library Archival and Information Studies)','MHIM (Library Archival and Information Studies)','MHIMLAIS','FT',0,0,0,0,'100','100',40,2,1,NULL,'MHIMLAIS',0,'2019-07-18 14:31:39','2019-07-18 14:31:39'),(186,'MLIS (Library Archival and Information Studies)','MLIS (Library Archival and Information Studies)','MLISLAIS','FT',0,0,0,0,'100','100',40,2,1,NULL,'MLISLAIS',0,'2019-07-18 14:31:39','2019-07-18 14:31:39'),(187,'MLS (Library Archival and Information Studies)','MLS (Library Archival and Information Studies)','MLSLAIS','FT',0,0,0,0,'100','100',40,2,1,NULL,'MLSLAIS',0,'2019-07-18 14:31:39','2019-07-18 14:31:39'),(188,'MPCS (Library Archival and Information Studies)','MPCS (Library Archival and Information Studies)','MPCSLAIS','FT',0,0,0,0,'100','100',40,2,1,NULL,'MPCSLAIS',0,'2019-07-18 14:31:39','2019-07-18 14:31:39'),(189,'Ph.D (Library Archival and Information Studies)','Ph.D (Library Archival and Information Studies)','PHDLAIS','FT',0,0,0,0,'100','100',40,2,1,NULL,'PHDLAIS',0,'2019-07-18 14:31:39','2019-07-18 14:31:39'),(190,'M.S.W (Social Works)','M.S.W (Social Works)','MSWSW','FT',0,0,0,0,'100','100',41,2,1,NULL,'MSWSW',0,'2019-07-18 14:31:39','2019-07-18 14:31:39'),(191,'MSW (Social Works)','MSW (Social Works)','MSW2SW','FT',0,0,0,0,'100','100',41,2,1,NULL,'MSW2SW',0,'2019-07-18 14:31:39','2019-07-18 14:31:39'),(192,'PGD (Social Works)','PGD (Social Works)','PGDSW','FT',0,0,0,0,'100','100',41,2,1,NULL,'PGDSW',0,'2019-07-18 14:31:39','2019-07-18 14:31:39');
/*!40000 ALTER TABLE `pos` ENABLE KEYS */;
UNLOCK TABLES;

--
-- Table structure for table `pos_courses`
--

DROP TABLE IF EXISTS `pos_courses`;
/*!40101 SET @saved_cs_client     = @@character_set_client */;
/*!40101 SET character_set_client = utf8 */;
CREATE TABLE `pos_courses` (
  `id` int(11) NOT NULL AUTO_INCREMENT,
  `course_id` int(11) NOT NULL,
  `pos_id` int(11) NOT NULL,
  `level_id` int(11) DEFAULT NULL,
  `semester_id` int(11) NOT NULL,
  `compulsory` tinyint(1) DEFAULT 0,
  `adds_to_gpa` tinyint(1) NOT NULL DEFAULT 0,
  `course_registration_category_id` int(11) DEFAULT NULL,
  `created` datetime DEFAULT NULL,
  `modified` datetime DEFAULT NULL,
  PRIMARY KEY (`id`)
) ENGINE=InnoDB AUTO_INCREMENT=10 DEFAULT CHARSET=latin1;
/*!40101 SET character_set_client = @saved_cs_client */;

--
-- Dumping data for table `pos_courses`
--

LOCK TABLES `pos_courses` WRITE;
/*!40000 ALTER TABLE `pos_courses` DISABLE KEYS */;
INSERT INTO `pos_courses` VALUES (1,1,3,1,4,0,1,1,'2020-02-12 08:01:02','2020-02-12 08:01:02'),(2,3,3,1,3,0,1,2,'2020-02-12 08:01:02','2020-02-12 08:01:02'),(3,23,3,1,4,0,1,1,'2020-02-12 08:01:02','2020-02-12 08:01:02'),(4,24,3,1,3,0,1,2,'2020-02-12 08:01:02','2020-02-12 08:01:02'),(5,25,3,1,3,0,1,1,'2020-02-12 08:01:02','2020-02-12 08:01:02'),(6,26,3,1,3,0,1,1,'2020-02-12 08:01:02','2020-02-12 08:01:02'),(7,28,3,1,3,0,1,2,'2020-02-12 08:01:02','2020-02-12 08:01:02'),(8,56,3,1,4,0,1,2,'2020-02-12 08:01:02','2020-02-12 08:01:02'),(9,62,3,1,4,0,0,2,'2020-02-12 08:01:02','2020-02-12 08:01:02');
/*!40000 ALTER TABLE `pos_courses` ENABLE KEYS */;
UNLOCK TABLES;

--
-- Table structure for table `post_primary_exam_grades`
--

DROP TABLE IF EXISTS `post_primary_exam_grades`;
/*!40101 SET @saved_cs_client     = @@character_set_client */;
/*!40101 SET character_set_client = utf8 */;
CREATE TABLE `post_primary_exam_grades` (
  `id` int(11) NOT NULL AUTO_INCREMENT,
  `grade` varchar(50) DEFAULT NULL,
  `active` tinyint(4) NOT NULL,
  `grade_weight` double NOT NULL DEFAULT 0,
  `post_primary_exam_type_id` int(11) DEFAULT 0,
  `created` datetime DEFAULT NULL,
  `modified` datetime DEFAULT NULL,
  PRIMARY KEY (`id`)
) ENGINE=InnoDB AUTO_INCREMENT=10 DEFAULT CHARSET=utf8mb4;
/*!40101 SET character_set_client = @saved_cs_client */;

--
-- Dumping data for table `post_primary_exam_grades`
--

LOCK TABLES `post_primary_exam_grades` WRITE;
/*!40000 ALTER TABLE `post_primary_exam_grades` DISABLE KEYS */;
INSERT INTO `post_primary_exam_grades` VALUES (1,'A1',1,10,1,'2019-01-10 15:33:00','2019-01-10 15:33:00'),(2,'B2',1,1,1,'2019-01-10 15:33:21','2019-01-10 15:33:21'),(3,'B3',1,2,1,'2019-01-10 15:33:40','2019-01-10 15:33:40'),(4,'C4',1,1,1,'2019-01-10 15:34:07','2019-01-10 15:34:07'),(5,'C5',1,1,1,'2019-01-10 15:34:25','2019-01-10 15:34:25'),(6,'D7',1,1,1,'2019-01-10 15:34:49','2019-01-10 15:34:49'),(7,'E8',1,1,1,'2019-01-10 15:35:11','2019-01-10 15:35:11'),(8,'F9',1,1,1,'2019-01-10 15:35:29','2019-01-10 15:35:29'),(9,'C6',1,0,1,'2019-04-08 10:54:26','2019-04-08 10:54:26');
/*!40000 ALTER TABLE `post_primary_exam_grades` ENABLE KEYS */;
UNLOCK TABLES;

--
-- Table structure for table `post_primary_exam_results`
--

DROP TABLE IF EXISTS `post_primary_exam_results`;
/*!40101 SET @saved_cs_client     = @@character_set_client */;
/*!40101 SET character_set_client = utf8 */;
CREATE TABLE `post_primary_exam_results` (
  `id` int(11) NOT NULL AUTO_INCREMENT,
  `subject` int(50) DEFAULT NULL,
  `grade` int(50) DEFAULT NULL,
  `post_primary_examination_id` int(11) DEFAULT NULL,
  `created` datetime DEFAULT NULL,
  `modified` datetime DEFAULT NULL,
  PRIMARY KEY (`id`)
) ENGINE=InnoDB AUTO_INCREMENT=32 DEFAULT CHARSET=utf8mb4;
/*!40101 SET character_set_client = @saved_cs_client */;

--
-- Dumping data for table `post_primary_exam_results`
--

LOCK TABLES `post_primary_exam_results` WRITE;
/*!40000 ALTER TABLE `post_primary_exam_results` DISABLE KEYS */;
INSERT INTO `post_primary_exam_results` VALUES (1,11,3,1,'2019-08-29 07:26:47','2019-08-29 07:26:47'),(2,8,4,1,'2019-08-29 07:26:47','2019-08-29 07:26:47'),(3,4,3,1,'2019-08-29 07:26:47','2019-08-29 07:26:47'),(4,1,5,1,'2019-08-29 07:26:47','2019-08-29 07:26:47'),(5,3,9,1,'2019-08-29 07:26:47','2019-08-29 07:26:47'),(6,7,3,1,'2019-08-29 07:26:47','2019-08-29 07:26:47'),(7,10,1,2,'2019-09-03 14:22:25','2019-09-03 14:22:25'),(8,4,3,2,'2019-09-03 14:22:25','2019-09-03 14:22:25'),(9,9,3,2,'2019-09-03 14:22:25','2019-09-03 14:22:25'),(10,10,1,3,'2019-09-16 14:56:56','2019-09-16 14:56:56'),(11,12,2,3,'2019-09-16 14:56:56','2019-09-16 14:56:56'),(12,9,3,3,'2019-09-16 14:56:56','2019-09-16 14:56:56'),(13,1,4,3,'2019-09-16 14:56:56','2019-09-16 14:56:56'),(14,5,1,6,'2019-09-16 16:30:24','2019-09-16 16:31:17'),(15,7,1,6,'2019-09-16 16:30:24','2019-09-16 16:30:24'),(16,2,1,6,'2019-09-16 16:30:24','2019-09-16 16:30:24'),(17,9,1,7,'2019-09-24 12:04:47','2019-09-24 12:04:47'),(18,12,6,7,'2019-09-24 12:04:47','2019-09-24 12:04:47'),(19,4,4,7,'2019-09-24 12:04:47','2019-09-24 12:04:47'),(20,1,4,7,'2019-09-24 12:04:47','2019-09-24 12:04:47'),(21,2,2,7,'2019-09-24 12:04:47','2019-09-24 12:04:47'),(22,10,6,8,'2019-10-30 11:18:36','2019-10-30 11:19:44'),(23,7,2,8,'2019-10-30 11:18:36','2019-10-30 11:18:36'),(24,9,2,8,'2019-10-30 11:18:36','2019-10-30 11:18:36'),(25,6,3,8,'2019-10-30 11:18:36','2019-10-30 11:18:36'),(26,3,5,8,'2019-10-30 11:18:36','2019-10-30 11:18:36'),(27,2,3,9,'2019-10-30 11:21:08','2019-10-30 11:21:08'),(28,9,1,9,'2019-10-30 11:21:08','2019-10-30 11:21:08'),(29,4,4,9,'2019-10-30 11:21:08','2019-10-30 11:21:08'),(30,3,6,9,'2019-10-30 11:21:08','2019-10-30 11:21:08'),(31,8,3,9,'2019-10-30 11:21:08','2019-10-30 11:21:08');
/*!40000 ALTER TABLE `post_primary_exam_results` ENABLE KEYS */;
UNLOCK TABLES;

--
-- Table structure for table `post_primary_exam_subjects`
--

DROP TABLE IF EXISTS `post_primary_exam_subjects`;
/*!40101 SET @saved_cs_client     = @@character_set_client */;
/*!40101 SET character_set_client = utf8 */;
CREATE TABLE `post_primary_exam_subjects` (
  `id` int(11) NOT NULL AUTO_INCREMENT,
  `subject` varchar(50) DEFAULT NULL,
  `active` tinyint(1) NOT NULL,
  `subject_code_name` varchar(50) DEFAULT NULL,
  `created` datetime DEFAULT NULL,
  `modified` datetime DEFAULT NULL,
  PRIMARY KEY (`id`)
) ENGINE=InnoDB AUTO_INCREMENT=14 DEFAULT CHARSET=utf8mb4;
/*!40101 SET character_set_client = @saved_cs_client */;

--
-- Dumping data for table `post_primary_exam_subjects`
--

LOCK TABLES `post_primary_exam_subjects` WRITE;
/*!40000 ALTER TABLE `post_primary_exam_subjects` DISABLE KEYS */;
INSERT INTO `post_primary_exam_subjects` VALUES (1,'Mathematics',1,'Math','2019-01-10 15:29:58','2019-04-23 14:32:13'),(2,'English',1,'English','2019-01-10 15:30:19','2019-01-10 15:30:19'),(3,'Biology',1,'Biology','2019-01-10 15:30:38','2019-01-10 15:31:05'),(4,'Chemistry',1,'Chemistry','2019-01-10 15:30:58','2019-01-10 15:30:58'),(5,'Physics',1,'Physics','2019-01-10 15:31:27','2019-01-10 15:31:27'),(6,'Economics',1,'Economics','2019-01-10 15:31:55','2019-01-10 15:31:55'),(7,'ADDITIONAL MATHEMATICS',1,'ADDM','2019-04-23 14:31:34','2019-04-23 14:31:34'),(8,'AGRICULTURAL SCIENCE',1,'AGRICULTURAL SCIENCE','2019-04-23 14:31:51','2019-04-23 14:31:51'),(9,'COMMERCE',1,'COMMERCE','2019-04-23 14:33:07','2019-04-23 14:33:26'),(10,'ACCOUNTS',1,'ACCOUNTS','2019-04-23 14:33:39','2019-04-23 14:33:39'),(11,'FRENCH',1,'FRENCH','2019-04-23 14:33:58','2019-04-23 14:33:58'),(12,'GOVERNMENT',1,'GOVERNMENT','2019-04-23 14:34:13','2019-04-23 14:34:13'),(13,'Yoruba',1,'Yor','2019-04-25 12:04:14','2019-04-25 12:04:14');
/*!40000 ALTER TABLE `post_primary_exam_subjects` ENABLE KEYS */;
UNLOCK TABLES;

--
-- Table structure for table `post_primary_exam_types`
--

DROP TABLE IF EXISTS `post_primary_exam_types`;
/*!40101 SET @saved_cs_client     = @@character_set_client */;
/*!40101 SET character_set_client = utf8 */;
CREATE TABLE `post_primary_exam_types` (
  `id` int(11) NOT NULL AUTO_INCREMENT,
  `description` varchar(50) DEFAULT NULL,
  `name` varchar(50) DEFAULT NULL,
  `created` datetime DEFAULT NULL,
  `modified` datetime DEFAULT NULL,
  PRIMARY KEY (`id`)
) ENGINE=InnoDB AUTO_INCREMENT=4 DEFAULT CHARSET=utf8mb4;
/*!40101 SET character_set_client = @saved_cs_client */;

--
-- Dumping data for table `post_primary_exam_types`
--

LOCK TABLES `post_primary_exam_types` WRITE;
/*!40000 ALTER TABLE `post_primary_exam_types` DISABLE KEYS */;
INSERT INTO `post_primary_exam_types` VALUES (1,'WAEC','WAEC','2019-01-10 15:26:57','2019-01-10 15:26:57'),(2,'NECO','NECO','2019-01-10 15:27:20','2019-01-10 15:27:20'),(3,'NABTEB','NABTEB','2019-01-10 15:27:38','2019-01-10 15:27:38');
/*!40000 ALTER TABLE `post_primary_exam_types` ENABLE KEYS */;
UNLOCK TABLES;

--
-- Table structure for table `post_primary_examinations`
--

DROP TABLE IF EXISTS `post_primary_examinations`;
/*!40101 SET @saved_cs_client     = @@character_set_client */;
/*!40101 SET character_set_client = utf8 */;
CREATE TABLE `post_primary_examinations` (
  `id` int(11) NOT NULL AUTO_INCREMENT,
  `date` varchar(50) DEFAULT NULL,
  `exam_number` varchar(50) DEFAULT NULL,
  `exam_center` varchar(50) DEFAULT NULL,
  `other_exam` varchar(50) DEFAULT NULL,
  `post_primary_exam_type_id` int(11) DEFAULT NULL,
  `application_id` int(11) DEFAULT NULL,
  `admitted_candidate_id` int(11) DEFAULT NULL,
  `student_id` int(11) DEFAULT NULL,
  `created` datetime DEFAULT NULL,
  `modified` datetime DEFAULT NULL,
  PRIMARY KEY (`id`)
) ENGINE=InnoDB AUTO_INCREMENT=10 DEFAULT CHARSET=utf8mb4;
/*!40101 SET character_set_client = @saved_cs_client */;

--
-- Dumping data for table `post_primary_examinations`
--

LOCK TABLES `post_primary_examinations` WRITE;
/*!40000 ALTER TABLE `post_primary_examinations` DISABLE KEYS */;
INSERT INTO `post_primary_examinations` VALUES (1,'MC419','MC419','Miracle Centre',NULL,2,4,3,NULL,'2019-08-29 07:26:47','2019-09-02 09:13:08'),(2,'May/June 2000','123456ty','FGCE',NULL,1,5,4,NULL,'2019-09-03 14:22:25','2019-09-03 14:24:42'),(3,'MAY/JUNE2019','12345677','COLLEGE OF EDUCATION',NULL,1,6,7,NULL,'2019-09-16 14:56:56','2019-09-16 15:28:01'),(6,'May?june 2016','1234567AGH','uniben demo',NULL,1,7,9,NULL,'2019-09-16 16:30:24','2019-09-17 13:59:49'),(7,'MAY/JUNE2019','12345677','COLLEGE OF EDUCATION',NULL,1,11,10,NULL,'2019-09-24 12:04:47','2019-09-24 12:07:40'),(8,'May/June 2019','LMC001','Lagos Miracle Centre',NULL,2,12,NULL,NULL,'2019-10-30 11:18:36','2019-10-30 11:18:58'),(9,'May/June 2017','ET000001','Excellent Tutor',NULL,1,12,NULL,NULL,'2019-10-30 11:21:08','2019-10-30 11:21:08');
/*!40000 ALTER TABLE `post_primary_examinations` ENABLE KEYS */;
UNLOCK TABLES;

--
-- Table structure for table `program_choices`
--

DROP TABLE IF EXISTS `program_choices`;
/*!40101 SET @saved_cs_client     = @@character_set_client */;
/*!40101 SET character_set_client = utf8 */;
CREATE TABLE `program_choices` (
  `id` int(11) NOT NULL AUTO_INCREMENT,
  `number` int(11) NOT NULL DEFAULT 1,
  `pos_id` int(11) NOT NULL,
  `application_id` int(11) NOT NULL,
  `created` datetime NOT NULL,
  `modified` datetime NOT NULL,
  PRIMARY KEY (`id`)
) ENGINE=InnoDB AUTO_INCREMENT=28 DEFAULT CHARSET=utf8mb4;
/*!40101 SET character_set_client = @saved_cs_client */;

--
-- Dumping data for table `program_choices`
--

LOCK TABLES `program_choices` WRITE;
/*!40000 ALTER TABLE `program_choices` DISABLE KEYS */;
INSERT INTO `program_choices` VALUES (1,1,5,1,'2019-08-02 12:30:42','2019-08-02 12:30:42'),(2,1,49,1,'2019-08-02 12:30:42','2019-08-02 12:30:42'),(3,1,2,2,'2019-08-02 12:53:54','2019-08-02 12:53:54'),(4,1,4,3,'2019-08-26 07:13:56','2019-08-26 07:13:56'),(5,1,26,3,'2019-08-26 07:13:56','2019-08-26 07:13:56'),(6,1,3,4,'2019-08-26 07:15:27','2019-08-26 07:15:27'),(7,1,48,4,'2019-08-26 07:15:27','2019-08-26 07:15:27'),(8,1,22,5,'2019-09-03 14:17:23','2019-09-03 14:17:23'),(9,1,11,5,'2019-09-03 14:17:23','2019-09-03 14:17:23'),(10,1,3,6,'2019-09-16 14:41:47','2019-09-16 14:41:47'),(11,2,3,6,'2019-09-16 14:41:47','2019-09-16 14:41:47'),(12,1,53,7,'2019-09-16 16:06:23','2019-09-16 16:06:23'),(13,1,38,7,'2019-09-16 16:06:23','2019-09-16 16:06:23'),(14,1,44,8,'2019-09-17 12:01:32','2019-09-17 12:01:32'),(15,1,25,8,'2019-09-17 12:01:32','2019-09-17 12:01:32'),(16,1,39,9,'2019-09-17 12:04:33','2019-09-17 12:04:33'),(17,1,65,9,'2019-09-17 12:04:33','2019-09-17 12:04:33'),(18,1,71,10,'2019-09-18 08:54:42','2019-09-18 08:54:42'),(19,1,74,10,'2019-09-18 08:54:42','2019-09-18 08:54:42'),(20,1,4,11,'2019-09-24 11:49:33','2019-09-24 11:49:33'),(21,1,11,11,'2019-09-24 11:49:33','2019-09-24 11:49:33'),(22,1,10,12,'2019-10-10 12:27:50','2019-10-10 12:27:50'),(23,1,60,12,'2019-10-10 12:27:50','2019-10-10 12:27:50'),(24,1,12,13,'2019-11-10 20:40:16','2019-11-10 20:40:16'),(25,1,15,13,'2019-11-10 20:40:16','2019-11-10 20:40:16'),(26,1,4,20,'2020-02-07 08:45:08','2020-02-07 08:45:08'),(27,1,5,20,'2020-02-07 08:45:08','2020-02-07 08:45:08');
/*!40000 ALTER TABLE `program_choices` ENABLE KEYS */;
UNLOCK TABLES;

--
-- Table structure for table `programs`
--

DROP TABLE IF EXISTS `programs`;
/*!40101 SET @saved_cs_client     = @@character_set_client */;
/*!40101 SET character_set_client = utf8 */;
CREATE TABLE `programs` (
  `id` int(11) NOT NULL AUTO_INCREMENT,
  `program_title` varchar(50) DEFAULT NULL,
  `program_description` varchar(50) DEFAULT NULL,
  `program_handler_id` int(11) DEFAULT NULL,
  `created` datetime DEFAULT NULL,
  `modified` datetime DEFAULT NULL,
  PRIMARY KEY (`id`)
) ENGINE=InnoDB DEFAULT CHARSET=utf8mb4;
/*!40101 SET character_set_client = @saved_cs_client */;

--
-- Dumping data for table `programs`
--

LOCK TABLES `programs` WRITE;
/*!40000 ALTER TABLE `programs` DISABLE KEYS */;
/*!40000 ALTER TABLE `programs` ENABLE KEYS */;
UNLOCK TABLES;

--
-- Table structure for table `religions`
--

DROP TABLE IF EXISTS `religions`;
/*!40101 SET @saved_cs_client     = @@character_set_client */;
/*!40101 SET character_set_client = utf8 */;
CREATE TABLE `religions` (
  `id` int(11) NOT NULL AUTO_INCREMENT,
  `name` varchar(50) NOT NULL,
  `description` text NOT NULL,
  PRIMARY KEY (`id`)
) ENGINE=InnoDB AUTO_INCREMENT=6 DEFAULT CHARSET=latin1;
/*!40101 SET character_set_client = @saved_cs_client */;

--
-- Dumping data for table `religions`
--

LOCK TABLES `religions` WRITE;
/*!40000 ALTER TABLE `religions` DISABLE KEYS */;
INSERT INTO `religions` VALUES (1,'Christianity','Christianity'),(3,'Islam','Muslim'),(4,'ATR','atr'),(5,'Others','other');
/*!40000 ALTER TABLE `religions` ENABLE KEYS */;
UNLOCK TABLES;

--
-- Table structure for table `religious_denominations`
--

DROP TABLE IF EXISTS `religious_denominations`;
/*!40101 SET @saved_cs_client     = @@character_set_client */;
/*!40101 SET character_set_client = utf8 */;
CREATE TABLE `religious_denominations` (
  `id` int(11) NOT NULL AUTO_INCREMENT,
  `name` varchar(50) NOT NULL,
  `description` text NOT NULL,
  `religion_id` int(11) NOT NULL,
  PRIMARY KEY (`id`)
) ENGINE=InnoDB AUTO_INCREMENT=6 DEFAULT CHARSET=latin1;
/*!40101 SET character_set_client = @saved_cs_client */;

--
-- Dumping data for table `religious_denominations`
--

LOCK TABLES `religious_denominations` WRITE;
/*!40000 ALTER TABLE `religious_denominations` DISABLE KEYS */;
INSERT INTO `religious_denominations` VALUES (1,'Winners','Winners',1),(2,'Catholic','Catholic',1),(3,'Anglican','Anglican',1),(4,'RCCG','RCCG',1),(5,'Shia Islam','Islam',3);
/*!40000 ALTER TABLE `religious_denominations` ENABLE KEYS */;
UNLOCK TABLES;

--
-- Table structure for table `rental_rates`
--

DROP TABLE IF EXISTS `rental_rates`;
/*!40101 SET @saved_cs_client     = @@character_set_client */;
/*!40101 SET character_set_client = utf8 */;
CREATE TABLE `rental_rates` (
  `id` int(11) NOT NULL AUTO_INCREMENT,
  `rental_rate` varchar(50) NOT NULL,
  `rental_rate_value` varchar(50) DEFAULT NULL,
  `created` datetime DEFAULT NULL,
  `modified` datetime DEFAULT NULL,
  PRIMARY KEY (`id`)
) ENGINE=InnoDB DEFAULT CHARSET=utf8mb4;
/*!40101 SET character_set_client = @saved_cs_client */;

--
-- Dumping data for table `rental_rates`
--

LOCK TABLES `rental_rates` WRITE;
/*!40000 ALTER TABLE `rental_rates` DISABLE KEYS */;
/*!40000 ALTER TABLE `rental_rates` ENABLE KEYS */;
UNLOCK TABLES;

--
-- Table structure for table `roles`
--

DROP TABLE IF EXISTS `roles`;
/*!40101 SET @saved_cs_client     = @@character_set_client */;
/*!40101 SET character_set_client = utf8 */;
CREATE TABLE `roles` (
  `id` int(11) NOT NULL AUTO_INCREMENT,
  `group_id` int(11) DEFAULT NULL,
  `name` varchar(100) COLLATE utf8_unicode_ci NOT NULL,
  `created` datetime DEFAULT NULL,
  `modified` datetime DEFAULT NULL,
  PRIMARY KEY (`id`)
) ENGINE=InnoDB AUTO_INCREMENT=7 DEFAULT CHARSET=utf8 COLLATE=utf8_unicode_ci;
/*!40101 SET character_set_client = @saved_cs_client */;

--
-- Dumping data for table `roles`
--

LOCK TABLES `roles` WRITE;
/*!40000 ALTER TABLE `roles` DISABLE KEYS */;
INSERT INTO `roles` VALUES (1,1,'Super Administrator','2018-08-20 10:50:00','2018-08-20 10:50:00'),(2,2,'Student','2018-08-23 12:59:30','2018-08-23 12:59:30'),(3,2,'School Administrator','2018-08-24 09:29:38','2018-08-24 09:29:38'),(4,2,'Applicant','2018-09-03 14:25:42','2018-09-03 14:25:42'),(5,2,'Clearance','2019-03-15 10:45:52','2019-03-15 10:45:52'),(6,1,'Student Administrator','2020-01-08 08:33:51','2020-01-08 08:33:51');
/*!40000 ALTER TABLE `roles` ENABLE KEYS */;
UNLOCK TABLES;

--
-- Table structure for table `school_fees_payments`
--

DROP TABLE IF EXISTS `school_fees_payments`;
/*!40101 SET @saved_cs_client     = @@character_set_client */;
/*!40101 SET character_set_client = utf8 */;
CREATE TABLE `school_fees_payments` (
  `id` int(11) NOT NULL AUTO_INCREMENT,
  `user_id` int(11) DEFAULT NULL,
  `student_id` int(11) DEFAULT NULL,
  `academic_session_id` int(11) NOT NULL,
  `email` varchar(255) DEFAULT NULL,
  `payment_reference` varchar(255) NOT NULL,
  `completed` tinyint(1) DEFAULT 0,
  `amount` varchar(255) DEFAULT NULL,
  `created` datetime DEFAULT NULL,
  `modified` datetime DEFAULT NULL,
  PRIMARY KEY (`id`)
) ENGINE=InnoDB AUTO_INCREMENT=9 DEFAULT CHARSET=latin1;
/*!40101 SET character_set_client = @saved_cs_client */;

--
-- Dumping data for table `school_fees_payments`
--

LOCK TABLES `school_fees_payments` WRITE;
/*!40000 ALTER TABLE `school_fees_payments` DISABLE KEYS */;
INSERT INTO `school_fees_payments` VALUES (3,21,6,3,'kekpenyong@socketworksng.com','TEST/SW/199714123321',1,'10000','2019-09-10 10:46:31','2019-09-10 10:46:31'),(4,38,9,3,'donmode4test+006@gmail.com','TEST/SW/15952715912',1,'10000','2019-11-27 15:09:12','2019-11-27 15:09:12'),(5,40,11,3,'obabayomi+96@socketworksng.com','AKSCO/PMT/3434147747',0,'3399','2020-01-08 08:58:01','2020-01-08 08:58:01'),(6,43,14,3,'mnegbenose@socketworksng.com','COPEM/PMT/248024102032',0,'20000','2020-01-23 12:29:12','2020-01-23 12:29:12'),(7,44,15,3,'donmode4u+1232@gmail.com','AKSCO/PMT/210469835',1,'20000','2020-02-04 10:19:28','2020-02-04 10:19:28'),(8,47,16,3,'mnegbenose+3451@socketworksng.com','AKSCO/PMT/28536141558',0,'20000','2020-02-06 14:15:58','2020-02-06 14:15:58');
/*!40000 ALTER TABLE `school_fees_payments` ENABLE KEYS */;
UNLOCK TABLES;

--
-- Table structure for table `school_programs`
--

DROP TABLE IF EXISTS `school_programs`;
/*!40101 SET @saved_cs_client     = @@character_set_client */;
/*!40101 SET character_set_client = utf8 */;
CREATE TABLE `school_programs` (
  `id` int(11) NOT NULL AUTO_INCREMENT,
  `school_program` varchar(50) DEFAULT NULL,
  `code` varchar(50) DEFAULT NULL,
  `application_type_id` int(11) NOT NULL,
  `created` datetime DEFAULT NULL,
  `modified` datetime DEFAULT NULL,
  PRIMARY KEY (`id`)
) ENGINE=InnoDB AUTO_INCREMENT=4 DEFAULT CHARSET=utf8mb4;
/*!40101 SET character_set_client = @saved_cs_client */;

--
-- Dumping data for table `school_programs`
--

LOCK TABLES `school_programs` WRITE;
/*!40000 ALTER TABLE `school_programs` DISABLE KEYS */;
INSERT INTO `school_programs` VALUES (1,'Undergraduate','UG',1,'2018-12-19 10:18:55','2020-02-06 15:24:50'),(2,'PostGraduate','PG',4,'2018-12-19 10:19:09','2019-03-28 07:36:28'),(3,'Pre-Degree','PGD',3,'2019-05-13 08:51:56','2019-05-13 08:51:56');
/*!40000 ALTER TABLE `school_programs` ENABLE KEYS */;
UNLOCK TABLES;

--
-- Table structure for table `semester_names`
--

DROP TABLE IF EXISTS `semester_names`;
/*!40101 SET @saved_cs_client     = @@character_set_client */;
/*!40101 SET character_set_client = utf8 */;
CREATE TABLE `semester_names` (
  `id` int(11) NOT NULL AUTO_INCREMENT,
  `name` varchar(50) NOT NULL,
  `created` date NOT NULL,
  `modified` date NOT NULL,
  PRIMARY KEY (`id`)
) ENGINE=InnoDB AUTO_INCREMENT=6 DEFAULT CHARSET=latin1;
/*!40101 SET character_set_client = @saved_cs_client */;

--
-- Dumping data for table `semester_names`
--

LOCK TABLES `semester_names` WRITE;
/*!40000 ALTER TABLE `semester_names` DISABLE KEYS */;
INSERT INTO `semester_names` VALUES (1,'First Semester','2019-01-14','2019-01-14'),(2,'Second Semester','2019-01-14','2019-01-14'),(3,'Alpha Semester','2019-04-25','2019-04-25'),(5,'Omega Semester','2019-04-25','2019-04-25');
/*!40000 ALTER TABLE `semester_names` ENABLE KEYS */;
UNLOCK TABLES;

--
-- Table structure for table `semesters`
--

DROP TABLE IF EXISTS `semesters`;
/*!40101 SET @saved_cs_client     = @@character_set_client */;
/*!40101 SET character_set_client = utf8 */;
CREATE TABLE `semesters` (
  `id` int(11) NOT NULL AUTO_INCREMENT,
  `academic_session_id` int(11) NOT NULL,
  `semester_name_id` int(11) NOT NULL,
  PRIMARY KEY (`id`)
) ENGINE=InnoDB AUTO_INCREMENT=8 DEFAULT CHARSET=latin1;
/*!40101 SET character_set_client = @saved_cs_client */;

--
-- Dumping data for table `semesters`
--

LOCK TABLES `semesters` WRITE;
/*!40000 ALTER TABLE `semesters` DISABLE KEYS */;
INSERT INTO `semesters` VALUES (1,2,1),(2,2,2),(3,3,1),(4,3,2),(5,1,2),(6,4,1),(7,4,2);
/*!40000 ALTER TABLE `semesters` ENABLE KEYS */;
UNLOCK TABLES;

--
-- Table structure for table `settings`
--

DROP TABLE IF EXISTS `settings`;
/*!40101 SET @saved_cs_client     = @@character_set_client */;
/*!40101 SET character_set_client = utf8 */;
CREATE TABLE `settings` (
  `id` int(11) NOT NULL AUTO_INCREMENT,
  `name` varchar(255) NOT NULL,
  `value` varchar(255) NOT NULL,
  `created` datetime DEFAULT NULL,
  `modified` datetime DEFAULT NULL,
  PRIMARY KEY (`id`)
) ENGINE=InnoDB AUTO_INCREMENT=16 DEFAULT CHARSET=latin1;
/*!40101 SET character_set_client = @saved_cs_client */;

--
-- Dumping data for table `settings`
--

LOCK TABLES `settings` WRITE;
/*!40000 ALTER TABLE `settings` DISABLE KEYS */;
INSERT INTO `settings` VALUES (1,'applicant_password_suffix','PSW','2018-12-19 13:39:46','2018-12-19 13:39:46'),(2,'school_suffix','SCK','2018-12-19 13:40:34','2018-12-19 13:40:34'),(3,'school_url','http://154.113.1.142:8080/collegeportalv2/','2018-12-19 13:41:41','2019-09-03 13:57:37'),(4,'school_name','Socket University','2018-12-19 13:43:45','2018-12-19 13:43:45'),(10,'payment gateway type','saanapay','2018-12-19 13:57:34','2018-12-19 13:57:34'),(11,'default minimum course credit','2','2019-08-27 10:10:05','2019-08-27 10:10:05'),(12,'default maximum course credit','25','2019-08-27 10:10:22','2019-08-27 10:10:22'),(13,'semester','1','2019-08-27 10:10:52','2019-08-27 10:10:52'),(14,'default_email','obabayomi@socketworksng.com','2020-01-01 00:00:00','2020-01-15 09:26:58'),(15,'app_base_url','http://154.113.1.142:8080','2020-01-24 10:17:54','2020-01-24 10:17:54');
/*!40000 ALTER TABLE `settings` ENABLE KEYS */;
UNLOCK TABLES;

--
-- Table structure for table `state_of_origins`
--

DROP TABLE IF EXISTS `state_of_origins`;
/*!40101 SET @saved_cs_client     = @@character_set_client */;
/*!40101 SET character_set_client = utf8 */;
CREATE TABLE `state_of_origins` (
  `id` int(11) NOT NULL AUTO_INCREMENT,
  `state_of_origin` varchar(50) DEFAULT NULL,
  `nationality_id` int(11) DEFAULT NULL,
  `created` datetime DEFAULT NULL,
  `modified` datetime DEFAULT NULL,
  PRIMARY KEY (`id`)
) ENGINE=InnoDB AUTO_INCREMENT=7 DEFAULT CHARSET=utf8mb4;
/*!40101 SET character_set_client = @saved_cs_client */;

--
-- Dumping data for table `state_of_origins`
--

LOCK TABLES `state_of_origins` WRITE;
/*!40000 ALTER TABLE `state_of_origins` DISABLE KEYS */;
INSERT INTO `state_of_origins` VALUES (1,'Ekiti',1,'2018-12-19 14:45:26','2018-12-19 14:45:38'),(2,'Lagos',1,'2018-12-19 14:45:53','2018-12-19 14:45:53'),(3,'ABIA',1,'2019-04-23 09:51:32','2019-04-23 09:51:32'),(4,'ADAMAWA',1,'2019-04-23 09:51:48','2019-04-23 09:51:48'),(5,'KANO',1,'2019-04-23 09:52:11','2019-04-23 09:52:11'),(6,'Kaduna',1,'2019-04-25 12:59:17','2019-04-25 12:59:17');
/*!40000 ALTER TABLE `state_of_origins` ENABLE KEYS */;
UNLOCK TABLES;

--
-- Table structure for table `statuses`
--

DROP TABLE IF EXISTS `statuses`;
/*!40101 SET @saved_cs_client     = @@character_set_client */;
/*!40101 SET character_set_client = utf8 */;
CREATE TABLE `statuses` (
  `id` int(11) NOT NULL AUTO_INCREMENT,
  `status` varchar(100) CHARACTER SET utf8 DEFAULT NULL,
  `created` datetime DEFAULT NULL,
  `modified` datetime DEFAULT NULL,
  PRIMARY KEY (`id`)
) ENGINE=InnoDB DEFAULT CHARSET=utf8mb4;
/*!40101 SET character_set_client = @saved_cs_client */;

--
-- Dumping data for table `statuses`
--

LOCK TABLES `statuses` WRITE;
/*!40000 ALTER TABLE `statuses` DISABLE KEYS */;
/*!40000 ALTER TABLE `statuses` ENABLE KEYS */;
UNLOCK TABLES;

--
-- Table structure for table `student_logs`
--

DROP TABLE IF EXISTS `student_logs`;
/*!40101 SET @saved_cs_client     = @@character_set_client */;
/*!40101 SET character_set_client = utf8 */;
CREATE TABLE `student_logs` (
  `id` int(10) unsigned NOT NULL AUTO_INCREMENT,
  `admin_user_id` int(11) unsigned NOT NULL,
  `admitted_candidate_id` int(10) unsigned DEFAULT NULL,
  `date_updated` datetime DEFAULT NULL,
  `approval_status` tinyint(4) NOT NULL,
  `admin_message` varchar(2000) NOT NULL,
  `created` datetime DEFAULT NULL,
  `modified` datetime DEFAULT NULL ON UPDATE current_timestamp(),
  PRIMARY KEY (`id`)
) ENGINE=InnoDB AUTO_INCREMENT=4 DEFAULT CHARSET=utf8;
/*!40101 SET character_set_client = @saved_cs_client */;

--
-- Dumping data for table `student_logs`
--

LOCK TABLES `student_logs` WRITE;
/*!40000 ALTER TABLE `student_logs` DISABLE KEYS */;
INSERT INTO `student_logs` VALUES (1,1,4,'2019-09-05 09:51:51',1,'Admitted','2019-09-05 09:51:51','2019-09-05 09:51:51'),(2,1,7,'2019-09-16 15:36:37',1,'Proceed to fee payment','2019-09-16 15:36:37','2019-09-16 15:36:37'),(3,1,10,'2019-09-24 13:06:58',1,'cleared','2019-09-24 13:06:58','2019-09-24 13:06:58');
/*!40000 ALTER TABLE `student_logs` ENABLE KEYS */;
UNLOCK TABLES;

--
-- Table structure for table `student_registration_pos_courses`
--

DROP TABLE IF EXISTS `student_registration_pos_courses`;
/*!40101 SET @saved_cs_client     = @@character_set_client */;
/*!40101 SET character_set_client = utf8 */;
CREATE TABLE `student_registration_pos_courses` (
  `id` int(11) NOT NULL AUTO_INCREMENT,
  `pos_course_id` int(11) DEFAULT NULL,
  `student_registration_id` int(11) DEFAULT NULL,
  `course_id` int(11) DEFAULT NULL,
  `created` datetime DEFAULT NULL,
  `modified` datetime DEFAULT NULL,
  PRIMARY KEY (`id`)
) ENGINE=InnoDB AUTO_INCREMENT=13 DEFAULT CHARSET=latin1;
/*!40101 SET character_set_client = @saved_cs_client */;

--
-- Dumping data for table `student_registration_pos_courses`
--

LOCK TABLES `student_registration_pos_courses` WRITE;
/*!40000 ALTER TABLE `student_registration_pos_courses` DISABLE KEYS */;
INSERT INTO `student_registration_pos_courses` VALUES (1,1,1,NULL,'2019-08-27 11:10:24','2019-08-27 11:10:24'),(2,2,1,NULL,'2019-08-27 11:10:24','2019-08-27 11:10:24'),(8,5,3,25,'2020-02-13 08:23:18','2020-02-13 08:23:18'),(9,6,3,26,'2020-02-13 08:23:18','2020-02-13 08:23:18'),(10,2,3,3,'2020-02-13 08:23:18','2020-02-13 08:23:18'),(11,4,3,24,'2020-02-13 08:23:18','2020-02-13 08:23:18'),(12,7,3,28,'2020-02-13 08:23:18','2020-02-13 08:23:18');
/*!40000 ALTER TABLE `student_registration_pos_courses` ENABLE KEYS */;
UNLOCK TABLES;

--
-- Table structure for table `student_registrations`
--

DROP TABLE IF EXISTS `student_registrations`;
/*!40101 SET @saved_cs_client     = @@character_set_client */;
/*!40101 SET character_set_client = utf8 */;
CREATE TABLE `student_registrations` (
  `id` int(11) NOT NULL AUTO_INCREMENT,
  `approval_message` text DEFAULT NULL,
  `level_registered` varchar(225) DEFAULT NULL,
  `student_id` int(11) DEFAULT NULL,
  `semester_id` int(11) DEFAULT NULL,
  `academic_session_id` int(11) DEFAULT NULL,
  `course_registration_status_id` int(11) DEFAULT NULL,
  `administrative_message` text DEFAULT NULL,
  `created` datetime DEFAULT NULL,
  `modified` datetime DEFAULT NULL,
  PRIMARY KEY (`id`)
) ENGINE=InnoDB AUTO_INCREMENT=4 DEFAULT CHARSET=latin1;
/*!40101 SET character_set_client = @saved_cs_client */;

--
-- Dumping data for table `student_registrations`
--

LOCK TABLES `student_registrations` WRITE;
/*!40000 ALTER TABLE `student_registrations` DISABLE KEYS */;
INSERT INTO `student_registrations` VALUES (1,'','100',5,3,3,2,'','2019-08-27 11:10:24','2019-09-04 07:22:02'),(3,NULL,'100',15,3,3,2,NULL,'2020-02-13 08:23:18','2020-02-13 08:23:18');
/*!40000 ALTER TABLE `student_registrations` ENABLE KEYS */;
UNLOCK TABLES;

--
-- Table structure for table `student_statuses`
--

DROP TABLE IF EXISTS `student_statuses`;
/*!40101 SET @saved_cs_client     = @@character_set_client */;
/*!40101 SET character_set_client = utf8 */;
CREATE TABLE `student_statuses` (
  `id` int(11) NOT NULL AUTO_INCREMENT,
  `student_id` int(11) DEFAULT NULL,
  `fee_status_id` int(11) DEFAULT NULL,
  `academic_session_id` int(11) DEFAULT NULL,
  `created` datetime DEFAULT NULL,
  `modified` datetime DEFAULT NULL,
  PRIMARY KEY (`id`)
) ENGINE=InnoDB DEFAULT CHARSET=latin1;
/*!40101 SET character_set_client = @saved_cs_client */;

--
-- Dumping data for table `student_statuses`
--

LOCK TABLES `student_statuses` WRITE;
/*!40000 ALTER TABLE `student_statuses` DISABLE KEYS */;
/*!40000 ALTER TABLE `student_statuses` ENABLE KEYS */;
UNLOCK TABLES;

--
-- Table structure for table `students`
--

DROP TABLE IF EXISTS `students`;
/*!40101 SET @saved_cs_client     = @@character_set_client */;
/*!40101 SET character_set_client = utf8 */;
CREATE TABLE `students` (
  `id` int(11) NOT NULL AUTO_INCREMENT,
  `registration_number` varchar(50) DEFAULT NULL,
  `level_id` int(11) DEFAULT NULL,
  `first_name` varchar(50) DEFAULT NULL,
  `last_name` varchar(50) DEFAULT NULL,
  `other_names` varchar(50) DEFAULT NULL,
  `phone_number` varchar(50) DEFAULT NULL,
  `email` varchar(50) DEFAULT NULL,
  `home_address` varchar(500) DEFAULT NULL,
  `address_city` varchar(50) DEFAULT NULL,
  `address_state` varchar(50) DEFAULT NULL,
  `postal_address` varchar(500) DEFAULT NULL,
  `date_of_birth` varchar(50) DEFAULT NULL,
  `year_of_entry` varchar(50) DEFAULT NULL,
  `council` varchar(50) DEFAULT NULL,
  `gender_id` int(11) DEFAULT NULL,
  `user_id` int(11) DEFAULT NULL,
  `religion_id` int(50) DEFAULT NULL,
  `first_best_language` varchar(50) DEFAULT NULL,
  `second_best_language` varchar(50) DEFAULT NULL,
  `mother_tongue` varchar(50) DEFAULT NULL,
  `last_name_next_of_kin` varchar(50) DEFAULT NULL,
  `first_name_next_of_kin` varchar(50) DEFAULT NULL,
  `relationship_with_kin` varchar(50) DEFAULT NULL,
  `address_of_kin` varchar(500) DEFAULT NULL,
  `exam_number` varchar(50) DEFAULT NULL,
  `jamb_score` varchar(50) DEFAULT NULL,
  `sponsorship` varchar(50) DEFAULT NULL,
  `sponsor_first_name` varchar(50) DEFAULT NULL,
  `sponsor_last_name` varchar(50) DEFAULT NULL,
  `sponsor_address` varchar(500) DEFAULT NULL,
  `picture_url` varchar(1000) DEFAULT NULL,
  `lga_id` int(11) DEFAULT NULL,
  `nationality_id` int(11) DEFAULT NULL,
  `state_of_origin_id` int(11) DEFAULT NULL,
  `marital_status_id` int(50) DEFAULT NULL,
  `aos_id` int(11) DEFAULT NULL,
  `mode_of_admission_id` int(11) DEFAULT NULL,
  `pos_id` int(11) DEFAULT NULL,
  `department_id` int(11) NOT NULL,
  `academic_session_id` int(11) DEFAULT NULL,
  `security_code` varchar(100) DEFAULT NULL,
  `conditional_admission` tinyint(1) DEFAULT NULL,
  `picture_data` longblob DEFAULT NULL,
  `picture_type` varchar(50) DEFAULT NULL,
  `picture_size` varchar(100) DEFAULT NULL,
  `mobile_phone` varchar(50) DEFAULT NULL,
  `graduated` tinyint(1) DEFAULT 0,
  `session_of_graduation` varchar(50) DEFAULT NULL,
  `semester_of_graduation` varchar(50) DEFAULT NULL,
  `campus_id` int(11) DEFAULT NULL,
  `faculty_id` int(11) DEFAULT NULL,
  `transfer_status` tinyint(1) DEFAULT 0,
  `assigned_mat_no` tinyint(1) DEFAULT 0,
  `administrative_message` varchar(50) DEFAULT NULL,
  `religious_denomination_id` int(50) DEFAULT NULL,
  `country_of_residence` varchar(50) DEFAULT NULL,
  `signature_data` longblob DEFAULT NULL,
  `signature_type` varchar(50) DEFAULT NULL,
  `status_id` int(11) DEFAULT NULL,
  `blood_group` varchar(50) DEFAULT NULL,
  `genotype` varchar(50) DEFAULT NULL,
  `hall_id` int(11) DEFAULT NULL,
  `created` datetime DEFAULT NULL,
  `modified` datetime DEFAULT NULL,
  PRIMARY KEY (`id`),
  UNIQUE KEY `registration_number` (`registration_number`),
  UNIQUE KEY `registration_number_2` (`registration_number`),
  UNIQUE KEY `registration_number_3` (`registration_number`),
  UNIQUE KEY `registration_number_4` (`registration_number`)
) ENGINE=InnoDB AUTO_INCREMENT=17 DEFAULT CHARSET=utf8mb4;
/*!40101 SET character_set_client = @saved_cs_client */;

--
-- Dumping data for table `students`
--

LOCK TABLES `students` WRITE;
/*!40000 ALTER TABLE `students` DISABLE KEYS */;
INSERT INTO `students` VALUES (3,'12345678AA',2,'Sola','Precious','Bola','090887766','obabayomi+5@socketworksng.com','34, Osapa Street, Okoko','Okoko','Lagos','Same','2020-01-08','2019','',1,5,1,'','','','','','','','12345678AA','','','','','','http://154.113.1.142:8080/webroot/files/applications/precious-sola3996884257.png',4,1,2,NULL,NULL,2,22,33,2,'',0,NULL,'image/png','259.33 KB','',0,'','',1,7,0,0,'',2,'',NULL,NULL,NULL,'','',NULL,'2019-08-22 14:48:51','2020-01-08 08:42:57'),(5,'98765',1,'Mez','Test','Other','07037537969','ekemammezez@gmail.com','Lekki','Lekki','Lagos','234','1970-01-01','2019',NULL,1,7,1,'English','Igbo','Igbo','Name','Namer','Relative','Address','98765','400','None','Firstname','Lastname','Adresser',NULL,2,1,2,1,NULL,2,19,58,3,NULL,NULL,NULL,NULL,NULL,NULL,0,NULL,NULL,1,14,0,0,NULL,3,NULL,NULL,NULL,NULL,NULL,NULL,NULL,'2019-08-23 17:58:10','2019-08-23 17:58:10'),(6,'UG/4',2,'John','Doe','Dolapo',NULL,'kekpenyong@socketworksng.com','',NULL,NULL,'','1970-01-01',NULL,NULL,1,21,NULL,NULL,NULL,NULL,NULL,NULL,NULL,NULL,NULL,NULL,NULL,NULL,NULL,NULL,NULL,12,1,3,1,NULL,1,22,33,2,NULL,NULL,NULL,NULL,NULL,NULL,0,NULL,NULL,NULL,7,0,1,NULL,NULL,NULL,NULL,NULL,NULL,NULL,NULL,NULL,'2019-09-05 09:51:51','2019-09-05 09:51:51'),(7,'UG/7',2,'Ifunnaya','OHWOVORIOLE','nee',NULL,'preoviri@yahoo.com','UNIBEN',NULL,NULL,'UNIBEN','1970-01-01',NULL,NULL,1,23,NULL,NULL,NULL,NULL,NULL,NULL,NULL,NULL,NULL,NULL,NULL,NULL,NULL,NULL,NULL,1,1,1,1,NULL,1,3,3,2,NULL,NULL,NULL,NULL,NULL,NULL,0,NULL,NULL,NULL,2,0,1,NULL,NULL,NULL,NULL,NULL,NULL,NULL,NULL,NULL,'2019-09-16 15:36:37','2019-09-16 15:36:37'),(8,'UG/10',2,'PRECIOUS','OHWOVORIOLE','',NULL,'poviri247@gmail.com','',NULL,NULL,'','',NULL,NULL,2,29,NULL,NULL,NULL,NULL,NULL,NULL,NULL,NULL,NULL,NULL,NULL,NULL,NULL,NULL,NULL,16,1,6,NULL,NULL,1,4,2,2,NULL,NULL,NULL,NULL,NULL,NULL,0,NULL,NULL,NULL,2,0,1,NULL,NULL,NULL,NULL,NULL,NULL,NULL,NULL,NULL,'2019-09-24 13:06:58','2019-09-24 13:06:58'),(9,'ABJ001',1,'Bush','Bush','','08030000000','donmode4test+006@gmail.com','Lagos','Ikeja','Lagos','100001','1999-11-01','2019',NULL,1,38,1,'English','English','English','Bill','Bill','Brother','Ikeja, Lagos','ABJEX001','390','Brother','Clinton','Clinton','Ikeja, Lagos',NULL,2,1,2,1,NULL,1,3,3,2,NULL,NULL,NULL,NULL,NULL,NULL,0,NULL,NULL,1,2,0,0,NULL,2,NULL,NULL,NULL,NULL,NULL,NULL,NULL,'2019-11-27 09:36:06','2019-11-27 09:36:06'),(10,'21345AA',1,'Chuka','Ikenna','Lola','08055443322',NULL,'Lekki','Lekki','Lagos','Same','2020-01-15','2019','',1,39,1,'Igbo','','','','','','','21345AA','','','','','','',7,1,2,NULL,NULL,2,39,46,2,'',0,NULL,NULL,NULL,'',0,'','',1,8,0,0,'',1,'',NULL,NULL,NULL,'','',NULL,'2019-11-27 10:15:36','2020-01-15 08:53:21'),(11,'MOE12322',1,'Ladipo','Miscreants','Villa','987987986','obabayomi+96@socketworksng.com','Lekki','Lekki','Lagos','Same','2020-01-08','2019','',1,40,1,'','','','','','','','MOE12322','','','','','','',10,1,1,NULL,NULL,2,39,46,3,'',0,NULL,'image/png','109.89 KB','',0,'','',1,11,0,0,'',2,'',NULL,NULL,NULL,'','',NULL,'2019-11-28 12:33:33','2020-01-08 07:47:20'),(14,'AL2002',1,'Faaji ','Omoluabi ','henry','08057210008','mnegbenose@socketworksng.com','1a Prince Adedeji Adelowo','lagos','Lagos','1001','2020-01-23','2014','',1,43,1,'english','yoruba','yoruba','Omoluabi',' Philip','father','1a Prince Adedeji Adelowo','AS200L','240','self','','','','',9,1,1,NULL,NULL,2,3,3,3,'',0,NULL,NULL,NULL,'',0,'','',1,2,0,0,'',1,'',NULL,NULL,NULL,'','',NULL,'2020-01-23 12:02:28','2020-01-23 12:05:24'),(15,'12345678',1,'Quick','Quick','Quick','08161888116','donmode4u+1232@gmail.com','Akoka','Yaba','Lagos','100001','1970-01-01','100',NULL,1,44,1,'English','Yoruba','Yoruba','','','','','12345','234','','','','',NULL,4,1,2,1,NULL,2,3,3,3,NULL,NULL,NULL,NULL,NULL,NULL,0,NULL,NULL,1,2,0,0,NULL,2,NULL,NULL,NULL,NULL,NULL,NULL,NULL,'2020-01-28 12:48:31','2020-01-28 12:48:31'),(16,'FGH209348',1,'Chuka','Chukwuka','henry','08057210008','mnegbenose+3451@socketworksng.com','lekki','lekki','lekki','pobox 292','2020-02-06','2019','',1,47,1,'english','yoruba','yoruba','Omoluabi',' Philip','','','AA234','233','self','chuka','','','',9,1,1,NULL,NULL,2,3,3,3,'',0,NULL,NULL,NULL,'',0,'','',1,2,0,0,'',1,'',NULL,NULL,NULL,'','',NULL,'2020-02-06 11:02:55','2020-02-06 11:04:10');
/*!40000 ALTER TABLE `students` ENABLE KEYS */;
UNLOCK TABLES;

--
-- Table structure for table `user_styles`
--

DROP TABLE IF EXISTS `user_styles`;
/*!40101 SET @saved_cs_client     = @@character_set_client */;
/*!40101 SET character_set_client = utf8 */;
CREATE TABLE `user_styles` (
  `id` int(11) NOT NULL AUTO_INCREMENT,
  `style_source` varchar(100) CHARACTER SET utf8 DEFAULT NULL,
  `created` datetime DEFAULT NULL,
  `modified` datetime DEFAULT NULL,
  PRIMARY KEY (`id`)
) ENGINE=InnoDB DEFAULT CHARSET=utf8mb4;
/*!40101 SET character_set_client = @saved_cs_client */;

--
-- Dumping data for table `user_styles`
--

LOCK TABLES `user_styles` WRITE;
/*!40000 ALTER TABLE `user_styles` DISABLE KEYS */;
/*!40000 ALTER TABLE `user_styles` ENABLE KEYS */;
UNLOCK TABLES;

--
-- Table structure for table `users`
--

DROP TABLE IF EXISTS `users`;
/*!40101 SET @saved_cs_client     = @@character_set_client */;
/*!40101 SET character_set_client = utf8 */;
CREATE TABLE `users` (
  `id` int(11) NOT NULL AUTO_INCREMENT,
  `group_id` int(11) NOT NULL,
  `role_id` int(11) NOT NULL,
  `username` varchar(50) COLLATE utf8_unicode_ci NOT NULL,
  `password` char(255) COLLATE utf8_unicode_ci NOT NULL,
  `email` varchar(255) COLLATE utf8_unicode_ci DEFAULT NULL,
  `meta` varchar(255) COLLATE utf8_unicode_ci DEFAULT NULL,
  `created` datetime DEFAULT NULL,
  `modified` datetime DEFAULT NULL,
  PRIMARY KEY (`id`),
  UNIQUE KEY `username` (`username`),
  UNIQUE KEY `email` (`email`)
) ENGINE=InnoDB AUTO_INCREMENT=49 DEFAULT CHARSET=utf8 COLLATE=utf8_unicode_ci;
/*!40101 SET character_set_client = @saved_cs_client */;

--
-- Dumping data for table `users`
--

LOCK TABLES `users` WRITE;
/*!40000 ALTER TABLE `users` DISABLE KEYS */;
INSERT INTO `users` VALUES (1,1,1,'superadmin','$2y$10$GE6vsEzErDj6u5ss0nPFHetqUvykM86YcjO2HYw.71uspq4erT57G','superadmin@collegeportal.com',NULL,'2018-08-20 10:51:35','2018-08-20 10:51:35'),(3,2,4,'SCK75142123042','$2y$10$x0LieRx9L9cT7GXmTG/IseNFNsjeH9DmKfeiWsGMYO90vHMm11KdW','obabayomi@socketworksng.com',NULL,'2019-08-02 12:30:42','2019-11-25 15:01:41'),(4,2,4,'SCK9940212567','$2y$10$AkEmArMrQ0c27GnkYKapR..HcyaeO4S8S65uSqAnaIVb46rEe4/Ye','obabayomi+1@socketworksng.com',NULL,'2019-08-02 12:56:08','2019-08-02 12:56:08'),(5,2,2,'Sola Precious','$2y$10$iFRqB5zwRWVaiO/MMtWZa.9Z9Tk2R/a8u8IZZUXa0CNnXJrL.ogmC','obabayomi+5@socketworksng.com',NULL,'2019-08-22 14:56:07','2019-08-22 14:56:07'),(7,2,2,'mez','$2y$10$0kPR5beTWutnieBNBZQ9j.bGcHyRcv6kxWU0mjk.HJCUo4whij5ZC','ekemammezez@gmail.com',NULL,'2019-08-23 17:58:24','2019-09-18 08:36:57'),(8,2,4,'SCK36912671357','$2y$10$nSIjgfiB8sI0L6qOUlG4e.P6aLFJ5Xy2/fBlhOpx9osOiOKgVZNWS','larrywoods@kane.tin',NULL,'2019-08-26 07:13:57','2019-08-26 07:13:57'),(9,2,5,'SCK20952671527','$2y$10$WAaTMJa9/AMoHcIUoyDzQOMfuTXAAmBihxmcgIcPL4TzklE3VS1OS','donmode4u+1234567890@gmail.com',NULL,'2019-08-26 07:15:27','2019-09-02 09:13:08'),(10,2,5,'SCK1036285319','$2y$10$zI2BOMapQhIMWZ2PjldAZeM1HskgQOu8ptM3B.HTxRVDy.Tljc4XG','lola.bolaji+5601@gmail.com',NULL,'2019-09-02 08:53:19','2019-09-04 09:19:43'),(11,2,5,'SCK9906285319','$2y$10$Es6y9Ijf12I/UhFjVt9XQO/YWmeGXL7WlSMZWQoqloyQp0w1seMRa','lola.bolaji+561@gmail.com',NULL,'2019-09-02 08:53:19','2019-09-04 09:19:44'),(12,2,5,'SCK4804285319','$2y$10$xzxwDAshSK2tNZcSSsAkE.sqhF0gwRrIima3ipVPbOgrrBoVivSzG','lola.bolaji+562@gmail.com',NULL,'2019-09-02 08:53:20','2019-09-04 09:19:44'),(13,2,5,'SCK8092285320','$2y$10$RrjplBEDVjjBnvebbbUH7u6.pp0k5Y/Y/8Yc6ijrtet3KDxbb1lI.','lakinyemi@gmail.com',NULL,'2019-09-02 08:53:20','2019-09-04 09:19:43'),(14,2,5,'SCK6867285320','$2y$10$Rn8lAZmgg1fso1ougusihOX5uCfo8ADwUnHsLPhPz/FDNxCsyTelS','lola.bolaji+563@gmail.com',NULL,'2019-09-02 08:53:20','2019-09-04 09:19:44'),(15,2,5,'SCK2952285320','$2y$10$O5MlTt36dS2nKE1doIxkz.BKqG/NvRpv8XRXmuRqIMMrUiMxb/aba','lola.bolaji+564@gmail.com',NULL,'2019-09-02 08:53:20','2019-09-04 09:19:44'),(16,2,5,'SCK9297285320','$2y$10$Tc/rop64N4jW0qMVf1LABudPkloeCWMQ3ufnU1H405pKLslSM0WgO','lola.bolaji+565@gmail.com',NULL,'2019-09-02 08:53:20','2019-09-04 09:19:44'),(17,2,5,'SCK8175285320','$2y$10$K8TD24fw7p9kg0dSWEPap./dWVeQMNNQo26KpolWZrqcmqAax817G','lola.bolaji+566@gmail.com',NULL,'2019-09-02 08:53:20','2019-09-04 09:19:44'),(18,2,5,'SCK5053285320','$2y$10$XpkhdV.sxlAUDwsesCXtU.fJPAN.lC0OCcixnk9j.j8cjpryq6sXq','lola.bolaji+567@gmail.com',NULL,'2019-09-02 08:53:20','2019-09-04 09:19:44'),(19,2,5,'SCK6561285320','$2y$10$ElxD1RTD3wRCF7Yl91m3z.TviJ2/I4fJYPOiRJ3VTNW2F9UUYJ/PG','lola.bolaji+569@gmail.com',NULL,'2019-09-02 08:53:20','2019-09-04 09:19:44'),(20,2,5,'SCK5146285320','$2y$10$xf9MDH0HgCs9Ukj0XY31sON0AjLbJDmGWWUitWEgA145cCIp4yyP2','lola.bolaji+560@gmail.com',NULL,'2019-09-02 08:53:20','2019-09-04 09:19:44'),(21,2,2,'SCK88923141723','$2y$10$2dMgPw.F4fCpdy.27uELx.SidK2O4wzoI9/m2t8ot8wCpqS46ZYy6','kekpenyong@socketworksng.com',NULL,'2019-09-03 14:17:23','2019-09-05 09:51:51'),(22,2,5,'SCK5543410409','$2y$10$WQtjWbHXLJKL0AF9I1OjT.9JNLd.I5NqA.njkQwCB19GTVwNb2fr.','francis.dretoka+1980@gmail.com',NULL,'2019-09-04 10:40:09','2019-09-04 10:40:09'),(23,2,2,'SCK191416144147','$2y$10$GuFQqucA3jSP3x5z2qj4Cu/R9F1fzq8zWACNx5dUubcUxR8Nh1zT6','preoviri@yahoo.com',NULL,'2019-09-16 14:41:47','2019-09-16 15:40:32'),(24,2,5,'SCK57171616623','$2y$10$G1FdMxXi8FwOzU7knh1dIe2uod0poCl6vs5ki07JdsKadFzcesbB6','edevbaroc@gmail.com',NULL,'2019-09-16 16:06:23','2019-09-17 13:59:49'),(25,2,4,'SCK69041712132','$2y$10$xuuud9OtWrrONU5KgkRk4O3kggu5nqAd04o9QrRP.DWlu/8Dkk6l.','OLAFEMI@GMAIL.COM',NULL,'2019-09-17 12:01:32','2019-09-17 12:01:32'),(26,2,4,'SCK21251712433','$2y$10$3tzCAtwiRGkw.3zJcgvqIOwV7KEnMLxiYuNItfrPMrNMUJc4xMQ6y','akunle20@gmail.com',NULL,'2019-09-17 12:04:33','2019-09-17 12:04:33'),(27,2,5,'SCK960617123527','$2y$10$xJaSmwbd2sAg9pyhj7vHquB05nKkMIx4iBi1bPhL1f1JN5JYhu4XK','aogunyemi@socketworksng.com',NULL,'2019-09-17 12:35:27','2019-09-17 12:35:27'),(28,2,4,'SCK63031885442','$2y$10$pR61uws/xyA8hA7mvIz6iuVHtFbyygx2XuHx78b3K4iiIHsYxOJpG','makangbou@gmail.com',NULL,'2019-09-18 08:54:42','2019-09-18 08:54:42'),(29,2,2,'SCK885924114933','$2y$10$EKizbhy/MdBnqI22EgdcV.hwV33/hGWIh1yP1ozUnquoX/hS4SC9C','poviri247@gmail.com',NULL,'2019-09-24 11:49:33','2019-09-24 13:06:58'),(30,2,4,'SCK181610122750','$2y$10$KwZDWtGQ/wQdLJBFyoNWhOkP0plll.0VqB53ZMCrxNpcBPQ.dLbNa','osanyinlokunoladiipo+08@gmail.com',NULL,'2019-10-10 12:27:50','2020-01-23 11:47:11'),(31,2,4,'SCK359910204016','$2y$10$imnb/DkBybGqVcae.7KIUup9EdDhgEvRQShjFM93UWkf10bBXeyU6','dsaklm@jknmdas.cc',NULL,'2019-11-10 20:40:16','2019-11-10 20:40:16'),(35,1,1,'schooladmin','$2y$10$nXh7NnnPYaJ9o3cRKOJwY.T.7C.qgH4Uhj4AN533wmmC8V1SGe9J2','schooladmin@collegeportal.com',NULL,'2019-11-21 10:56:31','2019-11-21 10:56:31'),(36,1,1,'top','$2y$10$RyLCAMTEnngEqUcvaiVz.una8uCFPXTHRw4YNUE1IVNZpMOjvbIoG','top@top.top',NULL,'2019-11-22 08:20:30','2019-11-22 08:20:30'),(37,2,4,'SCK59092791235','$2y$10$jlrxf5urOODm9m0qhSFq.ekmKiyvc8hvviiQLErjIu3s0BJHrq0Am','donmode4test+009@gmail.com',NULL,'2019-11-27 09:12:35','2019-11-27 09:12:35'),(38,2,2,'bush_bush','$2y$10$LAiaf3t2HWGXqQj5Ez3Xs.DSr1XL4DL55NOKDQ0Hi1i2jxg/PlTz6','donmode4test+006@gmail.com',NULL,'2019-11-27 09:36:14','2019-11-27 09:36:14'),(39,2,2,'chuka_ikenna','$2y$10$Un4TM5xACbXSoAqJTGtGC.gfhzCnbEvul0yrbc1RTAf9QK7hDc8fG',NULL,NULL,'2019-11-27 10:15:47','2020-01-15 08:57:27'),(40,2,2,'ladipo miscreants','$2y$10$XRm2NuFZwJr7bd8pfgoTKuoGMFy4KqYuce9I0/rqiJ.7XujxslVO.','obabayomi+96@socketworksng.com',NULL,'2019-11-28 12:33:44','2020-01-09 13:02:58'),(41,1,6,'studentadmin','$2y$10$6lbKHIRGV7axCrnTYDvKlubxg.hKrL4qXepEd08voR0RCh7V7K4PK','donmode4u+345678@gmail.com',NULL,'2020-01-08 08:34:50','2020-01-08 08:34:50'),(42,2,4,'SCK831823113521','$2y$10$9Y9B96wIkl8Le1jIVCk6bu6b.O89HK7igbH7Q87ABH3hPoVtXj4Aa','iiloeje@orobo.com',NULL,'2020-01-23 11:35:21','2020-01-23 11:35:21'),(43,2,2,'AS200L','$2y$10$7vs9bieqmbMflptGIsZWtOU7kShGccnjsJpIr4fmbTaAbzrOzzBd.','mnegbenose@socketworksng.com',NULL,'2020-01-23 12:02:45','2020-01-23 12:02:45'),(44,2,2,'12345','$2y$10$cZxOPyj9DrASlgciiBEVaefbg4SiSjdyDioF13xoMrFl5d7cgxmG2','donmode4u+1232@gmail.com',NULL,'2020-01-28 12:48:46','2020-01-28 12:48:46'),(45,2,4,'SCK25636101352','$2y$10$cEpI7U8glVbAThXZHYH16u.32WujkEQb3PUfO2LKmI.WSWlEvshMO','mnegbenose+345@socketworksng.com',NULL,'2020-02-06 10:13:53','2020-02-06 10:13:53'),(46,2,4,'SCK75596135022','$2y$10$r3ozFWT8s0tgY7TUx.lKR./pU8XSaPTM8LgTW5jGwQ6MwJHhI45vS','aonwuegbuchi@socketworksng.com',NULL,'2020-02-06 13:50:22','2020-02-06 13:50:22'),(47,2,2,'AA234','$2y$10$McUPG4.Nl6XJBSjUyyS1v.kKvlb1WwvqCmdWTXC/m6.MG0KUHjMkG','mnegbenose+3451@socketworksng.com',NULL,'2020-02-06 14:14:01','2020-02-06 14:14:01'),(48,2,4,'SCK586278458','$2y$10$ILUeI2bDEicS72Xe0qt7tuRdBbRUR3GBXu4P4/ojGmdJ.SIiIiiqK','lola.bolaji@gmail.com',NULL,'2020-02-07 08:45:09','2020-02-07 08:45:09');
/*!40000 ALTER TABLE `users` ENABLE KEYS */;
UNLOCK TABLES;
/*!40103 SET TIME_ZONE=@OLD_TIME_ZONE */;

/*!40101 SET SQL_MODE=@OLD_SQL_MODE */;
/*!40014 SET FOREIGN_KEY_CHECKS=@OLD_FOREIGN_KEY_CHECKS */;
/*!40014 SET UNIQUE_CHECKS=@OLD_UNIQUE_CHECKS */;
/*!40101 SET CHARACTER_SET_CLIENT=@OLD_CHARACTER_SET_CLIENT */;
/*!40101 SET CHARACTER_SET_RESULTS=@OLD_CHARACTER_SET_RESULTS */;
/*!40101 SET COLLATION_CONNECTION=@OLD_COLLATION_CONNECTION */;
/*!40111 SET SQL_NOTES=@OLD_SQL_NOTES */;

-- Dump completed on 2020-04-15 22:56:23
